-- --------------------------------------------------------
-- Host:                         127.0.0.1
-- Server version:               10.1.32-MariaDB - mariadb.org binary distribution
-- Server OS:                    Win32
-- HeidiSQL Version:             10.2.0.5599
-- --------------------------------------------------------

/*!40101 SET @OLD_CHARACTER_SET_CLIENT=@@CHARACTER_SET_CLIENT */;
/*!40101 SET NAMES utf8 */;
/*!50503 SET NAMES utf8mb4 */;
/*!40014 SET @OLD_FOREIGN_KEY_CHECKS=@@FOREIGN_KEY_CHECKS, FOREIGN_KEY_CHECKS=0 */;
/*!40101 SET @OLD_SQL_MODE=@@SQL_MODE, SQL_MODE='NO_AUTO_VALUE_ON_ZERO' */;


-- Dumping database structure for hakobiya_03
CREATE DATABASE IF NOT EXISTS `hakobiya_03` /*!40100 DEFAULT CHARACTER SET utf8 COLLATE utf8_unicode_ci */;
USE `hakobiya_03`;

-- Dumping structure for view hakobiya_03.1d_products
-- Creating temporary table to overcome VIEW dependency errors
CREATE TABLE `1d_products` (
	`product_id` VARCHAR(20) NOT NULL COLLATE 'utf8mb4_unicode_ci',
	`product_title` VARCHAR(255) NULL COLLATE 'utf8_estonian_ci',
	`product_type` TINYINT(1) NOT NULL COMMENT '0 single, 1 multi',
	`product_product` VARCHAR(255) NOT NULL COMMENT 'tên sản phẩm' COLLATE 'utf8_general_ci',
	`product_quantity` INT(11) NOT NULL,
	`product_weight` INT(11) NOT NULL,
	`product_comment` TEXT NOT NULL COLLATE 'utf8_general_ci',
	`product_note` TEXT NOT NULL COLLATE 'utf8_general_ci',
	`product_nation` VARCHAR(255) NULL COMMENT 'quốc gia' COLLATE 'utf8_general_ci',
	`product_region` VARCHAR(50) NULL COLLATE 'utf8_general_ci',
	`product_address` VARCHAR(255) NOT NULL COLLATE 'utf8_general_ci',
	`product_price` INT(11) NOT NULL,
	`product_money` VARCHAR(10) NOT NULL COMMENT 'đơn vị tiền tệ' COLLATE 'utf8_general_ci',
	`product_compensation` INT(11) NOT NULL COMMENT 'tiền công',
	`Date` VARCHAR(10) NULL COLLATE 'utf8mb4_general_ci'
) ENGINE=MyISAM;

-- Dumping structure for view hakobiya_03.1d_request
-- Creating temporary table to overcome VIEW dependency errors
CREATE TABLE `1d_request` (
	`product_id` VARCHAR(255) NOT NULL COLLATE 'utf8_general_ci',
	`created_at` TIMESTAMP NOT NULL,
	`user_id_request` VARCHAR(14) NOT NULL COLLATE 'utf8_general_ci',
	`user_id_receive` VARCHAR(14) NOT NULL COMMENT 'user tao san pham' COLLATE 'utf8_general_ci',
	`schedule_departure_place` VARCHAR(255) NOT NULL COLLATE 'utf8_general_ci',
	`schedule_departure_time` TIME NULL,
	`schedule_arrive_place` VARCHAR(255) NOT NULL COLLATE 'utf8_general_ci',
	`product_title` VARCHAR(255) NULL COLLATE 'utf8_estonian_ci',
	`product_type` TINYINT(1) NULL COMMENT '0 single, 1 multi',
	`Date` VARCHAR(10) NULL COLLATE 'utf8mb4_general_ci'
) ENGINE=MyISAM;

-- Dumping structure for view hakobiya_03.1d_users
-- Creating temporary table to overcome VIEW dependency errors
CREATE TABLE `1d_users` (
	`user_id` VARCHAR(140) NOT NULL COLLATE 'utf8mb4_unicode_ci',
	`user_nickname` VARCHAR(50) NOT NULL COLLATE 'utf8_general_ci',
	`user_fullname` VARCHAR(255) NOT NULL COLLATE 'utf8_general_ci',
	`user_birthday` DATE NULL,
	`user_address` VARCHAR(255) NOT NULL COLLATE 'utf8_general_ci',
	`user_phone_number` VARCHAR(20) NOT NULL COLLATE 'utf8_general_ci',
	`user_email_address` VARCHAR(50) NOT NULL COLLATE 'utf8_general_ci',
	`user_state` VARCHAR(255) NOT NULL COLLATE 'utf8_general_ci',
	`user_sex` TINYINT(1) NOT NULL COMMENT '1-male, 2 - female, 3-third gender',
	`user_money` INT(11) NOT NULL COMMENT 'Tổng tiền công, tiền thù lao',
	`user_description` TEXT NOT NULL COLLATE 'utf8_general_ci',
	`user_number_of_sale` INT(11) NOT NULL,
	`user_point` INT(11) NOT NULL,
	`notification_message` TINYINT(1) NOT NULL COMMENT 'no 3,7,8',
	`count_login` INT(10) NULL,
	`user_last_login` TIMESTAMP NULL,
	`user_email_paypal` VARCHAR(100) NULL COLLATE 'utf8_general_ci',
	`user_share` VARCHAR(14) NULL COLLATE 'utf8_general_ci',
	`code_share` VARCHAR(20) NULL COLLATE 'utf8_general_ci',
	`DATE_FORMAT( users.created_at, '%Y-%m-%d' )` VARCHAR(10) NULL COLLATE 'utf8mb4_general_ci'
) ENGINE=MyISAM;

-- Dumping structure for view hakobiya_03.30d_products
-- Creating temporary table to overcome VIEW dependency errors
CREATE TABLE `30d_products` (
	`product_id` VARCHAR(20) NOT NULL COLLATE 'utf8mb4_unicode_ci',
	`product_title` VARCHAR(255) NULL COLLATE 'utf8_estonian_ci',
	`product_type` TINYINT(1) NOT NULL COMMENT '0 single, 1 multi',
	`product_product` VARCHAR(255) NOT NULL COMMENT 'tên sản phẩm' COLLATE 'utf8_general_ci',
	`product_quantity` INT(11) NOT NULL,
	`product_weight` INT(11) NOT NULL,
	`product_comment` TEXT NOT NULL COLLATE 'utf8_general_ci',
	`product_note` TEXT NOT NULL COLLATE 'utf8_general_ci',
	`product_nation` VARCHAR(255) NULL COMMENT 'quốc gia' COLLATE 'utf8_general_ci',
	`product_region` VARCHAR(50) NULL COLLATE 'utf8_general_ci',
	`product_address` VARCHAR(255) NOT NULL COLLATE 'utf8_general_ci',
	`product_price` INT(11) NOT NULL,
	`product_money` VARCHAR(10) NOT NULL COMMENT 'đơn vị tiền tệ' COLLATE 'utf8_general_ci',
	`product_compensation` INT(11) NOT NULL COMMENT 'tiền công',
	`Date` VARCHAR(10) NULL COLLATE 'utf8mb4_general_ci'
) ENGINE=MyISAM;

-- Dumping structure for view hakobiya_03.30d_request
-- Creating temporary table to overcome VIEW dependency errors
CREATE TABLE `30d_request` (
	`product_id` VARCHAR(255) NOT NULL COLLATE 'utf8_general_ci',
	`created_at` TIMESTAMP NOT NULL,
	`user_id_request` VARCHAR(14) NOT NULL COLLATE 'utf8_general_ci',
	`user_id_receive` VARCHAR(14) NOT NULL COMMENT 'user tao san pham' COLLATE 'utf8_general_ci',
	`schedule_departure_place` VARCHAR(255) NOT NULL COLLATE 'utf8_general_ci',
	`schedule_departure_time` TIME NULL,
	`schedule_arrive_place` VARCHAR(255) NOT NULL COLLATE 'utf8_general_ci',
	`product_title` VARCHAR(255) NULL COLLATE 'utf8_estonian_ci',
	`product_type` TINYINT(1) NULL COMMENT '0 single, 1 multi',
	`Date` VARCHAR(10) NULL COLLATE 'utf8mb4_general_ci'
) ENGINE=MyISAM;

-- Dumping structure for view hakobiya_03.30d_users
-- Creating temporary table to overcome VIEW dependency errors
CREATE TABLE `30d_users` (
	`user_id` VARCHAR(140) NOT NULL COLLATE 'utf8mb4_unicode_ci',
	`user_nickname` VARCHAR(50) NOT NULL COLLATE 'utf8_general_ci',
	`user_fullname` VARCHAR(255) NOT NULL COLLATE 'utf8_general_ci',
	`user_birthday` DATE NULL,
	`user_address` VARCHAR(255) NOT NULL COLLATE 'utf8_general_ci',
	`user_phone_number` VARCHAR(20) NOT NULL COLLATE 'utf8_general_ci',
	`user_email_address` VARCHAR(50) NOT NULL COLLATE 'utf8_general_ci',
	`user_state` VARCHAR(255) NOT NULL COLLATE 'utf8_general_ci',
	`user_sex` TINYINT(1) NOT NULL COMMENT '1-male, 2 - female, 3-third gender',
	`user_money` INT(11) NOT NULL COMMENT 'Tổng tiền công, tiền thù lao',
	`user_description` TEXT NOT NULL COLLATE 'utf8_general_ci',
	`user_number_of_sale` INT(11) NOT NULL,
	`user_point` INT(11) NOT NULL,
	`notification_message` TINYINT(1) NOT NULL COMMENT 'no 3,7,8',
	`count_login` INT(10) NULL,
	`user_last_login` TIMESTAMP NULL,
	`user_email_paypal` VARCHAR(100) NULL COLLATE 'utf8_general_ci',
	`user_share` VARCHAR(14) NULL COLLATE 'utf8_general_ci',
	`code_share` VARCHAR(20) NULL COLLATE 'utf8_general_ci',
	`created_at` VARCHAR(10) NULL COLLATE 'utf8mb4_general_ci'
) ENGINE=MyISAM;

-- Dumping structure for view hakobiya_03.3d_products
-- Creating temporary table to overcome VIEW dependency errors
CREATE TABLE `3d_products` (
	`product_id` VARCHAR(20) NOT NULL COLLATE 'utf8mb4_unicode_ci',
	`product_title` VARCHAR(255) NULL COLLATE 'utf8_estonian_ci',
	`product_type` TINYINT(1) NOT NULL COMMENT '0 single, 1 multi',
	`product_product` VARCHAR(255) NOT NULL COMMENT 'tên sản phẩm' COLLATE 'utf8_general_ci',
	`product_quantity` INT(11) NOT NULL,
	`product_weight` INT(11) NOT NULL,
	`product_comment` TEXT NOT NULL COLLATE 'utf8_general_ci',
	`product_note` TEXT NOT NULL COLLATE 'utf8_general_ci',
	`product_nation` VARCHAR(255) NULL COMMENT 'quốc gia' COLLATE 'utf8_general_ci',
	`product_region` VARCHAR(50) NULL COLLATE 'utf8_general_ci',
	`product_address` VARCHAR(255) NOT NULL COLLATE 'utf8_general_ci',
	`product_price` INT(11) NOT NULL,
	`product_money` VARCHAR(10) NOT NULL COMMENT 'đơn vị tiền tệ' COLLATE 'utf8_general_ci',
	`product_compensation` INT(11) NOT NULL COMMENT 'tiền công',
	`Date` VARCHAR(10) NULL COLLATE 'utf8mb4_general_ci'
) ENGINE=MyISAM;

-- Dumping structure for view hakobiya_03.3d_request
-- Creating temporary table to overcome VIEW dependency errors
CREATE TABLE `3d_request` (
	`product_id` VARCHAR(255) NOT NULL COLLATE 'utf8_general_ci',
	`created_at` TIMESTAMP NOT NULL,
	`user_id_request` VARCHAR(14) NOT NULL COLLATE 'utf8_general_ci',
	`user_id_receive` VARCHAR(14) NOT NULL COMMENT 'user tao san pham' COLLATE 'utf8_general_ci',
	`schedule_departure_place` VARCHAR(255) NOT NULL COLLATE 'utf8_general_ci',
	`schedule_departure_time` TIME NULL,
	`schedule_arrive_place` VARCHAR(255) NOT NULL COLLATE 'utf8_general_ci',
	`product_title` VARCHAR(255) NULL COLLATE 'utf8_estonian_ci',
	`product_type` TINYINT(1) NULL COMMENT '0 single, 1 multi',
	`Date` VARCHAR(10) NULL COLLATE 'utf8mb4_general_ci'
) ENGINE=MyISAM;

-- Dumping structure for view hakobiya_03.3d_users
-- Creating temporary table to overcome VIEW dependency errors
CREATE TABLE `3d_users` (
	`user_id` VARCHAR(140) NOT NULL COLLATE 'utf8mb4_unicode_ci',
	`user_nickname` VARCHAR(50) NOT NULL COLLATE 'utf8_general_ci',
	`user_fullname` VARCHAR(255) NOT NULL COLLATE 'utf8_general_ci',
	`user_birthday` DATE NULL,
	`user_address` VARCHAR(255) NOT NULL COLLATE 'utf8_general_ci',
	`user_phone_number` VARCHAR(20) NOT NULL COLLATE 'utf8_general_ci',
	`user_email_address` VARCHAR(50) NOT NULL COLLATE 'utf8_general_ci',
	`user_state` VARCHAR(255) NOT NULL COLLATE 'utf8_general_ci',
	`user_sex` TINYINT(1) NOT NULL COMMENT '1-male, 2 - female, 3-third gender',
	`user_money` INT(11) NOT NULL COMMENT 'Tổng tiền công, tiền thù lao',
	`user_description` TEXT NOT NULL COLLATE 'utf8_general_ci',
	`user_number_of_sale` INT(11) NOT NULL,
	`user_point` INT(11) NOT NULL,
	`notification_message` TINYINT(1) NOT NULL COMMENT 'no 3,7,8',
	`count_login` INT(10) NULL,
	`user_last_login` TIMESTAMP NULL,
	`user_email_paypal` VARCHAR(100) NULL COLLATE 'utf8_general_ci',
	`user_share` VARCHAR(14) NULL COLLATE 'utf8_general_ci',
	`code_share` VARCHAR(20) NULL COLLATE 'utf8_general_ci',
	`created_at` VARCHAR(10) NULL COLLATE 'utf8mb4_general_ci'
) ENGINE=MyISAM;

-- Dumping structure for view hakobiya_03.5d_products
-- Creating temporary table to overcome VIEW dependency errors
CREATE TABLE `5d_products` (
	`product_id` VARCHAR(20) NOT NULL COLLATE 'utf8mb4_unicode_ci',
	`product_title` VARCHAR(255) NULL COLLATE 'utf8_estonian_ci',
	`product_type` TINYINT(1) NOT NULL COMMENT '0 single, 1 multi',
	`product_product` VARCHAR(255) NOT NULL COMMENT 'tên sản phẩm' COLLATE 'utf8_general_ci',
	`product_quantity` INT(11) NOT NULL,
	`product_weight` INT(11) NOT NULL,
	`product_comment` TEXT NOT NULL COLLATE 'utf8_general_ci',
	`product_note` TEXT NOT NULL COLLATE 'utf8_general_ci',
	`product_nation` VARCHAR(255) NULL COMMENT 'quốc gia' COLLATE 'utf8_general_ci',
	`product_region` VARCHAR(50) NULL COLLATE 'utf8_general_ci',
	`product_address` VARCHAR(255) NOT NULL COLLATE 'utf8_general_ci',
	`product_price` INT(11) NOT NULL,
	`product_money` VARCHAR(10) NOT NULL COMMENT 'đơn vị tiền tệ' COLLATE 'utf8_general_ci',
	`product_compensation` INT(11) NOT NULL COMMENT 'tiền công',
	`Date` VARCHAR(10) NULL COLLATE 'utf8mb4_general_ci'
) ENGINE=MyISAM;

-- Dumping structure for view hakobiya_03.5d_request
-- Creating temporary table to overcome VIEW dependency errors
CREATE TABLE `5d_request` (
	`product_id` VARCHAR(255) NOT NULL COLLATE 'utf8_general_ci',
	`created_at` TIMESTAMP NOT NULL,
	`user_id_request` VARCHAR(14) NOT NULL COLLATE 'utf8_general_ci',
	`user_id_receive` VARCHAR(14) NOT NULL COMMENT 'user tao san pham' COLLATE 'utf8_general_ci',
	`schedule_departure_place` VARCHAR(255) NOT NULL COLLATE 'utf8_general_ci',
	`schedule_departure_time` TIME NULL,
	`schedule_arrive_place` VARCHAR(255) NOT NULL COLLATE 'utf8_general_ci',
	`product_title` VARCHAR(255) NULL COLLATE 'utf8_estonian_ci',
	`product_type` TINYINT(1) NULL COMMENT '0 single, 1 multi',
	`Date` VARCHAR(10) NULL COLLATE 'utf8mb4_general_ci'
) ENGINE=MyISAM;

-- Dumping structure for view hakobiya_03.5d_users
-- Creating temporary table to overcome VIEW dependency errors
CREATE TABLE `5d_users` (
	`user_id` VARCHAR(140) NOT NULL COLLATE 'utf8mb4_unicode_ci',
	`user_nickname` VARCHAR(50) NOT NULL COLLATE 'utf8_general_ci',
	`user_fullname` VARCHAR(255) NOT NULL COLLATE 'utf8_general_ci',
	`user_birthday` DATE NULL,
	`user_address` VARCHAR(255) NOT NULL COLLATE 'utf8_general_ci',
	`user_phone_number` VARCHAR(20) NOT NULL COLLATE 'utf8_general_ci',
	`user_email_address` VARCHAR(50) NOT NULL COLLATE 'utf8_general_ci',
	`user_state` VARCHAR(255) NOT NULL COLLATE 'utf8_general_ci',
	`user_sex` TINYINT(1) NOT NULL COMMENT '1-male, 2 - female, 3-third gender',
	`user_money` INT(11) NOT NULL COMMENT 'Tổng tiền công, tiền thù lao',
	`user_description` TEXT NOT NULL COLLATE 'utf8_general_ci',
	`user_number_of_sale` INT(11) NOT NULL,
	`user_point` INT(11) NOT NULL,
	`notification_message` TINYINT(1) NOT NULL COMMENT 'no 3,7,8',
	`count_login` INT(10) NULL,
	`user_last_login` TIMESTAMP NULL,
	`user_email_paypal` VARCHAR(100) NULL COLLATE 'utf8_general_ci',
	`user_share` VARCHAR(14) NULL COLLATE 'utf8_general_ci',
	`code_share` VARCHAR(20) NULL COLLATE 'utf8_general_ci',
	`created_at` VARCHAR(10) NULL COLLATE 'utf8mb4_general_ci'
) ENGINE=MyISAM;

-- Dumping structure for view hakobiya_03.7d_products
-- Creating temporary table to overcome VIEW dependency errors
CREATE TABLE `7d_products` (
	`product_id` VARCHAR(20) NOT NULL COLLATE 'utf8mb4_unicode_ci',
	`product_title` VARCHAR(255) NULL COLLATE 'utf8_estonian_ci',
	`product_type` TINYINT(1) NOT NULL COMMENT '0 single, 1 multi',
	`product_product` VARCHAR(255) NOT NULL COMMENT 'tên sản phẩm' COLLATE 'utf8_general_ci',
	`product_quantity` INT(11) NOT NULL,
	`product_weight` INT(11) NOT NULL,
	`product_comment` TEXT NOT NULL COLLATE 'utf8_general_ci',
	`product_note` TEXT NOT NULL COLLATE 'utf8_general_ci',
	`product_nation` VARCHAR(255) NULL COMMENT 'quốc gia' COLLATE 'utf8_general_ci',
	`product_region` VARCHAR(50) NULL COLLATE 'utf8_general_ci',
	`product_address` VARCHAR(255) NOT NULL COLLATE 'utf8_general_ci',
	`product_price` INT(11) NOT NULL,
	`product_money` VARCHAR(10) NOT NULL COMMENT 'đơn vị tiền tệ' COLLATE 'utf8_general_ci',
	`product_compensation` INT(11) NOT NULL COMMENT 'tiền công',
	`Date` VARCHAR(10) NULL COLLATE 'utf8mb4_general_ci'
) ENGINE=MyISAM;

-- Dumping structure for view hakobiya_03.7d_request
-- Creating temporary table to overcome VIEW dependency errors
CREATE TABLE `7d_request` (
	`product_id` VARCHAR(255) NOT NULL COLLATE 'utf8_general_ci',
	`created_at` TIMESTAMP NOT NULL,
	`user_id_request` VARCHAR(14) NOT NULL COLLATE 'utf8_general_ci',
	`user_id_receive` VARCHAR(14) NOT NULL COMMENT 'user tao san pham' COLLATE 'utf8_general_ci',
	`schedule_departure_place` VARCHAR(255) NOT NULL COLLATE 'utf8_general_ci',
	`schedule_departure_time` TIME NULL,
	`schedule_arrive_place` VARCHAR(255) NOT NULL COLLATE 'utf8_general_ci',
	`product_title` VARCHAR(255) NULL COLLATE 'utf8_estonian_ci',
	`product_type` TINYINT(1) NULL COMMENT '0 single, 1 multi',
	`Date` VARCHAR(10) NULL COLLATE 'utf8mb4_general_ci'
) ENGINE=MyISAM;

-- Dumping structure for view hakobiya_03.7d_users
-- Creating temporary table to overcome VIEW dependency errors
CREATE TABLE `7d_users` (
	`user_id` VARCHAR(140) NOT NULL COLLATE 'utf8mb4_unicode_ci',
	`user_nickname` VARCHAR(50) NOT NULL COLLATE 'utf8_general_ci',
	`user_fullname` VARCHAR(255) NOT NULL COLLATE 'utf8_general_ci',
	`user_birthday` DATE NULL,
	`user_address` VARCHAR(255) NOT NULL COLLATE 'utf8_general_ci',
	`user_phone_number` VARCHAR(20) NOT NULL COLLATE 'utf8_general_ci',
	`user_email_address` VARCHAR(50) NOT NULL COLLATE 'utf8_general_ci',
	`user_state` VARCHAR(255) NOT NULL COLLATE 'utf8_general_ci',
	`user_sex` TINYINT(1) NOT NULL COMMENT '1-male, 2 - female, 3-third gender',
	`user_money` INT(11) NOT NULL COMMENT 'Tổng tiền công, tiền thù lao',
	`user_description` TEXT NOT NULL COLLATE 'utf8_general_ci',
	`user_number_of_sale` INT(11) NOT NULL,
	`user_point` INT(11) NOT NULL,
	`notification_message` TINYINT(1) NOT NULL COMMENT 'no 3,7,8',
	`count_login` INT(10) NULL,
	`user_last_login` TIMESTAMP NULL,
	`user_email_paypal` VARCHAR(100) NULL COLLATE 'utf8_general_ci',
	`user_share` VARCHAR(14) NULL COLLATE 'utf8_general_ci',
	`code_share` VARCHAR(20) NULL COLLATE 'utf8_general_ci',
	`created_at` VARCHAR(10) NULL COLLATE 'utf8mb4_general_ci'
) ENGINE=MyISAM;

-- Dumping structure for table hakobiya_03.admin
CREATE TABLE IF NOT EXISTS `admin` (
  `admin_id` int(10) NOT NULL AUTO_INCREMENT,
  `permission` int(4) DEFAULT NULL,
  `admin_username` varchar(255) CHARACTER SET utf8 NOT NULL,
  `password` varchar(255) CHARACTER SET utf8 NOT NULL,
  `admin_fullname` varchar(255) CHARACTER SET utf8 DEFAULT NULL,
  `admin_address` varchar(255) CHARACTER SET utf8 DEFAULT NULL,
  `admin_phone_number` varchar(255) CHARACTER SET utf8 DEFAULT NULL,
  `remember_token` varchar(100) CHARACTER SET utf8 DEFAULT NULL,
  `created_at` timestamp NULL DEFAULT NULL,
  `updated_at` timestamp NULL DEFAULT NULL,
  PRIMARY KEY (`admin_id`)
) ENGINE=InnoDB AUTO_INCREMENT=54 DEFAULT CHARSET=utf8mb4 COLLATE=utf8mb4_unicode_ci;

-- Dumping data for table hakobiya_03.admin: ~8 rows (approximately)
/*!40000 ALTER TABLE `admin` DISABLE KEYS */;
INSERT INTO `admin` (`admin_id`, `permission`, `admin_username`, `password`, `admin_fullname`, `admin_address`, `admin_phone_number`, `remember_token`, `created_at`, `updated_at`) VALUES
	(6, 2, 'bien', '$2y$10$VML0wKQvpivFrMqwKHr94OPfTQsKM237RfQsMl4IpIOk1730oPGSS', 'tk test', 'Sai gon', '0123785945', 'ql7ZWpQS5XRIddQ7Jr2xWTSc0RrPyNwGpv3c4Eadrnj0PTCD0OKOYNimtbKb', '2018-06-14 23:19:30', '2019-10-04 18:08:55'),
	(7, 1, 'quyennv', '$2b$10$9B4gpZJRpOWxnSwnrm3WiOPbWE9i.gEg69oj6oekM3S8iXqdgBWt6', 'Quyen Nguyen', 'master', '0123654789', 'ItJlRjY0wE49kpLF0Hx07bHlA6XID2pwVKJrtVEZJG8TkDWlthzkJOf9xRXO', '2018-06-20 23:48:56', '2018-06-20 23:48:56'),
	(8, 1, 'admin', '$2y$10$d.BcVbpxfAR7XjNJHkcaCuatrAm0OLK5tyudl.ubUzWbpK5B64JJG', 'Admin', 'master', '0123654789', '3E2GZgv2jmpjD72oxdXPVhb0cYpBq0ty7n2zVlzvBBpof5zavazkq8AMFi7M', '2018-06-20 23:48:56', '2019-11-20 13:52:53'),
	(11, 4, 'hoainam', '$2y$10$fkvj58ST9DGgrrNBWF6w.Owf9QrR/ZQ.ovDUTfcf0wZPlhgG8xiLS', 'asddsa', 'bentre', '123412844', 'dXsED88gqowj7xBb9WEsWi56UG2Ekay45mgjVFw1DHEIhRr23Qa4Qt1acvN6', '2019-09-24 17:48:48', '2019-09-24 17:48:48'),
	(24, 3, 'dieumy', '$2y$10$bbh913amTlySWWQFuc4y7eXmMdDTBA89LYzbeeWO5QALBpo1u.412', 'truong dieu my 234', 'Sai gon', '123456654', 'Ew0qZsBxNKYJDy9ftdIVMdv49UXw8If8QAnOCQyDcwmELvTO2VK077EDgtXO', '2019-09-24 17:48:48', '2019-09-27 11:44:21'),
	(51, 5, 'ngoc', '$2y$10$eo9ukDApXbor1vdywhGqMuXFzVNfSAPnJGOVB26nvOJ6OJhBKBM0i', 'hoang thai ngoc', '123as', '1230123', NULL, '2019-09-27 11:50:17', '2019-09-27 11:50:17'),
	(52, 2, 'nhan_tt@vietvang.net', '$2y$10$USy/6I0Cg3rDG1ngIYs0VOLEDvoaHrjvbv5bz/Kf3d8zOhNGUvXoy', 'ngọc', 'hồ chính minh', '164578596', NULL, '2019-10-04 18:11:25', '2019-10-04 18:11:25'),
	(53, 6, 'binh', '$2y$10$5qDtToHhX8xGgX7bun6D5uhJaQPz6qq6Z61FG63lps30.r97aLVOG', 'Đặng Quốc Bình', '7 Trần Xuân Hòa', '0387956644', 'pIJNofLbse7kXuH7aANWBDdOR9aUO9cJhRLglK0bDYZekFeCL4eT7mAbV0oY', '2019-11-18 15:18:18', '2019-11-18 15:18:18');
/*!40000 ALTER TABLE `admin` ENABLE KEYS */;

-- Dumping structure for table hakobiya_03.airport
CREATE TABLE IF NOT EXISTS `airport` (
  `airport_id` int(10) unsigned NOT NULL AUTO_INCREMENT,
  `area_name` varchar(100) NOT NULL,
  `airport_name` varchar(100) NOT NULL,
  `short_name` varchar(30) NOT NULL,
  `nation` varchar(100) NOT NULL,
  `region_shortname` varchar(10) NOT NULL,
  `status` tinyint(4) NOT NULL DEFAULT '1',
  `created_at` timestamp NOT NULL DEFAULT CURRENT_TIMESTAMP ON UPDATE CURRENT_TIMESTAMP,
  `updated_at` timestamp NOT NULL DEFAULT CURRENT_TIMESTAMP ON UPDATE CURRENT_TIMESTAMP,
  PRIMARY KEY (`airport_id`)
) ENGINE=InnoDB AUTO_INCREMENT=52 DEFAULT CHARSET=utf8;

-- Dumping data for table hakobiya_03.airport: ~51 rows (approximately)
/*!40000 ALTER TABLE `airport` DISABLE KEYS */;
INSERT INTO `airport` (`airport_id`, `area_name`, `airport_name`, `short_name`, `nation`, `region_shortname`, `status`, `created_at`, `updated_at`) VALUES
	(1, 'Ho Chi Minh', 'Tan Son Nhat', 'SGN', '', '', -1, '2019-10-10 10:23:21', '2019-10-10 10:23:21'),
	(2, 'Ha Noi', 'Noi Bai', 'HAN', '', '', -1, '2019-10-10 10:23:25', '2019-10-10 10:23:25'),
	(3, 'Tokyo', 'Haneda', 'HND', '', '', -1, '2019-10-10 10:23:28', '2019-10-10 10:23:28'),
	(4, 'Osaka', 'Itami', 'ITM', '', '', -1, '2019-10-10 10:23:30', '2019-10-10 10:23:30'),
	(5, 'test', 'test 2', 'TTT', '', '', -1, '2019-10-10 10:23:15', '2019-10-10 10:23:15'),
	(6, 't', 't', 't', 'DS', 't', -1, '2019-10-08 18:14:52', '2019-10-08 18:14:52'),
	(7, 'ád', 'ád', 'ád', 'AF', 'ád', -1, '2019-10-08 18:14:51', '2019-10-08 18:14:51'),
	(8, '1', '1', '1', '23', '', -1, '2019-10-09 15:14:13', '2019-10-09 15:14:13'),
	(9, 'a', 'a', 'a', '1', 'a', -1, '2019-10-09 15:14:16', '2019-10-09 15:14:16'),
	(10, 'b', 'b', 'b', '5', 'b', -1, '2019-10-09 11:06:18', '2019-10-09 11:06:18'),
	(11, 'c', 'c', 'c', '1', 'Bình Thạnh', -1, '2019-10-09 10:35:01', '2019-10-09 10:35:01'),
	(12, 'd', 'd', 'd', '1', '', -1, '2019-10-09 10:31:39', '2019-10-09 10:31:39'),
	(13, 'b', 'b', 'b', '1', 'a', -1, '2019-10-09 15:14:21', '2019-10-09 15:14:21'),
	(14, 'c', 'c', 'c', '2', 'c', -1, '2019-10-14 14:17:14', '2019-10-14 14:17:14'),
	(15, 'd', 'f', 'd', '1', 'd', -1, '2019-10-14 14:17:17', '2019-10-14 14:17:17'),
	(16, 'e', 'e', 'e', '2', 'e', -1, '2019-10-14 14:17:37', '2019-10-14 14:17:37'),
	(17, 'b4', '4', '4', '4', '4', -1, '2019-10-14 14:17:42', '2019-10-14 14:17:42'),
	(18, 'f', 'f', 'f', '1', 'f', -1, '2019-10-14 14:17:44', '2019-10-14 14:17:44'),
	(19, 'm', 'm', 'm', '1', 'm', -1, '2019-10-09 15:14:07', '2019-10-09 15:14:07'),
	(20, 'done', 'done', 'done', '238', 'done', -1, '2019-10-14 14:17:46', '2019-10-14 14:17:46'),
	(21, '1', '1', '1', '238', '1', -1, '2019-10-14 14:17:49', '2019-10-14 14:17:49'),
	(22, 'area name', 'airport name', 'short name', '', '', -1, '2019-10-14 14:55:55', '2019-10-14 14:55:55'),
	(23, 'c', 'c', 'c', '', '', -1, '2019-10-14 15:04:14', '2019-10-14 15:04:14'),
	(24, 'd', 'f', 'd', '', '', -1, '2019-10-14 15:04:17', '2019-10-14 15:04:17'),
	(25, 'e', 'e', 'e', '', '', -1, '2019-10-14 15:04:19', '2019-10-14 15:04:19'),
	(26, 'b4', '4', '4', '1', 'KFC', -1, '2019-10-14 15:04:23', '2019-10-14 15:04:23'),
	(27, 'f', 'f', 'f', '238', 'VN', -1, '2019-10-14 15:04:25', '2019-10-14 15:04:25'),
	(28, 'done', 'done', 'done', '', '', -1, '2019-10-14 15:04:27', '2019-10-14 15:04:27'),
	(29, '1', '1', '1', '', '', -1, '2019-10-14 15:04:30', '2019-10-14 15:04:30'),
	(30, 'c', 'c', 'c', '', '', -1, '2019-10-14 15:15:01', '2019-10-14 15:15:01'),
	(31, 'd', 'f', 'd', '', '', -1, '2019-10-14 15:15:04', '2019-10-14 15:15:04'),
	(32, 'e', 'e', 'e', '', '', -1, '2019-10-14 15:15:06', '2019-10-14 15:15:06'),
	(33, 'b4', '4', '4', '', '', -1, '2019-10-14 15:15:09', '2019-10-14 15:15:09'),
	(34, 'f', 'f', 'f', '', '', -1, '2019-10-14 15:15:10', '2019-10-14 15:15:10'),
	(35, 'done', 'done', 'done', '238', 'VN', -1, '2019-10-14 15:12:01', '2019-10-14 15:12:01'),
	(36, '1', '1', '1', '', '', -1, '2019-10-14 15:15:13', '2019-10-14 15:15:13'),
	(37, 'done', 'done', 'done', '', '', -1, '2019-10-14 15:13:28', '2019-10-14 15:13:28'),
	(38, 'done', 'done', 'done', '238', 'VN', -1, '2019-10-14 15:15:15', '2019-10-14 15:15:15'),
	(39, 'c', 'c', 'c', '', '', -1, '2019-10-22 10:28:50', '2019-10-22 10:28:50'),
	(40, 'd', 'f', 'd', '', '', -1, '2019-10-22 10:28:53', '2019-10-22 10:28:53'),
	(41, 'e', 'e', 'e', '', '', -1, '2019-10-22 10:28:57', '2019-10-22 10:28:57'),
	(42, 'b4', '4', '4', '', '', -1, '2019-10-22 10:29:03', '2019-10-22 10:29:03'),
	(43, 'f', 'f', 'f', '', '', -1, '2019-10-22 10:29:05', '2019-10-22 10:29:05'),
	(44, 'done', 'done', 'done', '238', 'VN', -1, '2019-10-22 10:38:50', '2019-10-22 10:38:50'),
	(45, '1', '1', '1', '', '', -1, '2019-10-22 10:29:08', '2019-10-22 10:29:08'),
	(46, 'DongNai', 'Long Thanh', 'LTA', '238', 'VN', 1, '2019-12-03 13:32:10', '2019-12-03 13:32:10'),
	(47, 'Đồng Nai', 'Lâm San', 'LSA', '238', 'VN', 1, '2019-12-03 13:32:10', '2019-12-03 13:32:10'),
	(48, 'Thành Phố Hồ Chí Minh', 'Tân Sơn Nhất', 'TSN', '238', 'VN', 1, '2019-12-03 13:32:10', '2019-12-03 13:32:10'),
	(49, 'vvv', 'vvv', 'vvv', '2', 'vvv', -1, '2019-10-29 16:00:41', '2019-10-29 16:00:41'),
	(50, 'Lâm San', 'Sông Ray', 'DQB', '238', 'VN', -1, '2019-12-03 14:06:30', '2019-12-03 14:06:30'),
	(51, 'Tân Bình', 'Sông Ray', 'DQB', '238', 'VN', 1, '2019-12-03 14:07:57', '2019-12-03 14:07:57');
/*!40000 ALTER TABLE `airport` ENABLE KEYS */;

-- Dumping structure for table hakobiya_03.android_version
CREATE TABLE IF NOT EXISTS `android_version` (
  `id` int(11) NOT NULL AUTO_INCREMENT,
  `version` int(11) NOT NULL,
  `created_at` timestamp NOT NULL DEFAULT CURRENT_TIMESTAMP ON UPDATE CURRENT_TIMESTAMP,
  PRIMARY KEY (`id`)
) ENGINE=InnoDB AUTO_INCREMENT=6 DEFAULT CHARSET=utf8mb4;

-- Dumping data for table hakobiya_03.android_version: ~4 rows (approximately)
/*!40000 ALTER TABLE `android_version` DISABLE KEYS */;
INSERT INTO `android_version` (`id`, `version`, `created_at`) VALUES
	(1, 25, '2019-11-07 15:05:40'),
	(2, 26, '2019-11-07 15:05:50'),
	(4, 26, '2019-11-07 15:58:17'),
	(5, 26, '2019-11-07 15:58:16');
/*!40000 ALTER TABLE `android_version` ENABLE KEYS */;

-- Dumping structure for table hakobiya_03.banner
CREATE TABLE IF NOT EXISTS `banner` (
  `banner_id` int(11) NOT NULL AUTO_INCREMENT,
  `view_count` int(11) DEFAULT '0',
  `click_count` int(11) DEFAULT '0',
  `display_time` int(11) DEFAULT NULL,
  `day_start` date DEFAULT NULL,
  `day_end` date DEFAULT NULL,
  `time_start` time DEFAULT NULL,
  `time_end` time DEFAULT NULL,
  `last_time_post` datetime DEFAULT NULL,
  `status` tinyint(3) DEFAULT '1',
  `created_at` datetime DEFAULT NULL,
  `updated_at` datetime DEFAULT NULL,
  `display_order` int(10) unsigned DEFAULT NULL,
  `jp_title` varchar(45) COLLATE utf8mb4_unicode_ci DEFAULT NULL,
  `jp_link` varchar(200) COLLATE utf8mb4_unicode_ci DEFAULT NULL,
  `jp_description` varchar(500) COLLATE utf8mb4_unicode_ci DEFAULT NULL,
  `jp_img` varchar(45) COLLATE utf8mb4_unicode_ci DEFAULT NULL,
  `os` tinyint(3) DEFAULT '1' COMMENT '1 mean android ,2 mean ios',
  PRIMARY KEY (`banner_id`)
) ENGINE=InnoDB AUTO_INCREMENT=8 DEFAULT CHARSET=utf8mb4 COLLATE=utf8mb4_unicode_ci;

-- Dumping data for table hakobiya_03.banner: ~6 rows (approximately)
/*!40000 ALTER TABLE `banner` DISABLE KEYS */;
INSERT INTO `banner` (`banner_id`, `view_count`, `click_count`, `display_time`, `day_start`, `day_end`, `time_start`, `time_end`, `last_time_post`, `status`, `created_at`, `updated_at`, `display_order`, `jp_title`, `jp_link`, `jp_description`, `jp_img`, `os`) VALUES
	(2, 0, 0, 12, '2019-11-29', '2019-11-28', '08:00:00', '20:00:00', '2019-10-11 15:44:29', 1, '2019-10-03 16:03:58', '2019-12-03 14:12:28', 5, '55', '55', '55', NULL, 2),
	(3, 0, 0, NULL, NULL, NULL, NULL, NULL, NULL, 0, '2019-10-11 15:44:29', '2019-10-11 15:44:45', NULL, '1', '2', '3', NULL, 1),
	(4, 0, 0, 1111, '2019-10-27', '2019-11-01', '08:00:00', '20:00:00', NULL, 1, '2019-10-14 17:42:22', '2019-11-29 18:15:34', 2, 'rfgtrt', 'yrt', 'rty', NULL, 1),
	(5, 0, 0, 1, '2019-10-29', '2019-11-09', '08:01:00', '20:00:00', NULL, 2, '2019-10-14 17:42:44', '2019-12-02 09:41:58', 1, 'ergert', 'trt', 'rtyty', NULL, 1),
	(6, 0, 0, NULL, NULL, NULL, NULL, NULL, NULL, 0, '2019-10-24 15:40:40', '2019-10-30 13:26:15', NULL, '121', 'dsfrsdf', 'dsfsdf', NULL, 1),
	(7, 0, 0, 2, '2019-12-04', '2019-12-13', '08:00:00', '20:00:00', NULL, 2, '2019-10-24 15:49:18', '2019-12-03 14:12:57', 2, 'sdfsdf', 'dsfsdf', 'fff', NULL, 2);
/*!40000 ALTER TABLE `banner` ENABLE KEYS */;

-- Dumping structure for table hakobiya_03.banner_info
CREATE TABLE IF NOT EXISTS `banner_info` (
  `id` int(11) NOT NULL AUTO_INCREMENT,
  `banner_id` int(11) NOT NULL,
  `language_id` int(11) NOT NULL,
  `title` varchar(45) DEFAULT NULL,
  `link` varchar(200) DEFAULT NULL,
  `description` varchar(500) DEFAULT NULL,
  `img` varchar(45) DEFAULT NULL,
  `created_at` datetime DEFAULT NULL,
  `updated_at` datetime DEFAULT NULL,
  PRIMARY KEY (`id`)
) ENGINE=InnoDB AUTO_INCREMENT=19 DEFAULT CHARSET=latin1;

-- Dumping data for table hakobiya_03.banner_info: ~18 rows (approximately)
/*!40000 ALTER TABLE `banner_info` DISABLE KEYS */;
INSERT INTO `banner_info` (`id`, `banner_id`, `language_id`, `title`, `link`, `description`, `img`, `created_at`, `updated_at`) VALUES
	(1, 2, 2, '67', '56', '46', '', '2019-10-03 16:03:58', '2019-10-03 16:03:58'),
	(2, 2, 1, '55', '55', '55', '', '2019-10-03 16:03:58', '2019-10-03 16:03:58'),
	(3, 2, 3, '3', '2', '1', '', '2019-10-03 16:03:58', '2019-10-03 16:03:58'),
	(4, 3, 2, '4', '5', '6', 'banner_en_img_3_Fri_Oct_11_2019_15_44.png', '2019-10-11 15:44:29', '2019-10-11 15:44:29'),
	(5, 3, 1, '1', '2', '3', 'banner_jp_img_3_Fri_Oct_11_2019_15_44.png', '2019-10-11 15:44:29', '2019-10-11 15:44:29'),
	(6, 3, 3, '7', '8', '9', 'banner_vn_img_3_Fri_Oct_11_2019_15_44.png', '2019-10-11 15:44:29', '2019-10-11 15:44:29'),
	(7, 4, 2, NULL, NULL, NULL, NULL, '2019-10-14 17:42:22', '2019-10-14 17:42:22'),
	(8, 4, 1, 'rfgtrt', 'yrt', 'rty', 'banner_jp_img_4_Mon_Oct_14_2019_17_42.png', '2019-10-14 17:42:22', '2019-10-14 17:42:22'),
	(9, 4, 3, NULL, NULL, NULL, NULL, '2019-10-14 17:42:22', '2019-10-14 17:42:22'),
	(10, 5, 2, NULL, NULL, NULL, NULL, '2019-10-14 17:42:44', '2019-10-14 17:42:44'),
	(11, 5, 1, 'ergert', 'trt', 'rtyty', 'banner_jp_img_5_Mon_Oct_14_2019_17_42.png', '2019-10-14 17:42:44', '2019-10-14 17:42:44'),
	(12, 5, 3, NULL, NULL, NULL, NULL, '2019-10-14 17:42:44', '2019-10-14 17:42:44'),
	(13, 6, 2, 't?', 't?tr', 'rtr', '', '2019-10-24 15:40:40', '2019-10-24 15:40:40'),
	(14, 6, 1, '121', 'dsfrsdf', 'dsfsdf', '', '2019-10-24 15:40:40', '2019-10-24 15:40:40'),
	(15, 6, 3, NULL, NULL, NULL, '', '2019-10-24 15:40:40', '2019-10-24 15:40:40'),
	(16, 7, 2, 'gg', 'gggg', 'gg', 'banner_en_img_7_Thu_Oct_24_2019_16_06.png', '2019-10-24 15:49:18', '2019-10-24 15:49:18'),
	(17, 7, 1, 'sdfsdf', 'dsfsdf', 'fff', 'banner_jp_img_7_Thu_Oct_24_2019_16_02.png', '2019-10-24 15:49:18', '2019-10-24 15:49:18'),
	(18, 7, 3, 'fg', 'gg', 'gg', 'banner_vn_img_7_Thu_Oct_24_2019_16_06.png', '2019-10-24 15:49:18', '2019-10-24 15:49:18');
/*!40000 ALTER TABLE `banner_info` ENABLE KEYS */;

-- Dumping structure for table hakobiya_03.category
CREATE TABLE IF NOT EXISTS `category` (
  `category_id` varchar(20) CHARACTER SET utf8mb4 COLLATE utf8mb4_unicode_ci NOT NULL,
  `category_title` varchar(255) CHARACTER SET utf8mb4 COLLATE utf8mb4_unicode_ci NOT NULL,
  `category_id_parent` varchar(20) CHARACTER SET utf8mb4 COLLATE utf8mb4_unicode_ci NOT NULL,
  `created_at` timestamp NULL DEFAULT NULL,
  `updated_at` timestamp NULL DEFAULT NULL,
  PRIMARY KEY (`category_id`)
) ENGINE=InnoDB DEFAULT CHARSET=utf8;

-- Dumping data for table hakobiya_03.category: ~168 rows (approximately)
/*!40000 ALTER TABLE `category` DISABLE KEYS */;
INSERT INTO `category` (`category_id`, `category_title`, `category_id_parent`, `created_at`, `updated_at`) VALUES
	('100', 'PC／タブレット', '91', '2018-08-13 08:48:24', '2018-08-13 08:48:24'),
	('101', 'カメラ', '91', '2018-08-13 08:48:48', '2018-08-13 08:48:48'),
	('102', '生活家電・その他', '91', '2018-08-13 08:49:16', '2018-08-13 08:49:16'),
	('104', 'カップ麺', '103', '2018-08-13 08:50:05', '2018-08-13 08:50:48'),
	('105', 'チョコレート', '103', '2018-08-13 08:50:34', '2018-08-13 08:50:34'),
	('106', 'お菓子', '103', '2018-08-13 08:51:06', '2018-08-13 08:51:06'),
	('107', '飲料水', '103', '2018-08-23 02:17:59', '2018-08-23 02:17:59'),
	('109', 'パン', '103', '2018-09-04 06:25:57', '2018-09-04 06:25:57'),
	('110', '米', '103', '2018-09-04 06:35:40', '2018-09-04 06:35:40'),
	('111', 'その他', '103', '2019-03-07 03:05:26', '2019-03-07 03:05:26'),
	('113', 'その他', '64', '2019-03-07 03:26:48', '2019-03-07 03:26:48'),
	('114', 'AIスピーカー', '91', '2019-04-03 17:46:58', '2019-04-03 17:46:58'),
	('136', 'その他', '50', '2019-04-08 15:35:00', '2019-04-08 15:35:00'),
	('137', 'カーテン/ブラインド', '69', '2019-04-08 15:56:17', '2019-04-08 15:56:17'),
	('138', 'ライト/照明', '69', '2019-04-08 15:57:25', '2019-04-08 15:57:25'),
	('139', 'その他', '69', '2019-04-08 15:59:07', '2019-04-08 15:59:07'),
	('140', '本・音楽・ゲーム', '0', '2019-04-08 16:02:45', '2019-10-05 11:14:17'),
	('140-01', 'ddd', '140', '2019-10-04 14:58:40', '2019-10-04 14:58:40'),
	('141', '本', '140', '2019-04-08 16:03:43', '2019-04-08 16:03:43'),
	('142', '雑誌', '140', '2019-04-08 16:04:35', '2019-04-08 16:04:35'),
	('143', '漫画', '140', '2019-04-08 16:11:55', '2019-04-08 16:11:55'),
	('144', 'CD', '140', '2019-04-08 16:12:46', '2019-04-08 16:12:46'),
	('145', 'DVD', '140', '2019-04-08 16:13:12', '2019-04-08 16:13:12'),
	('146', 'レコード', '140', '2019-04-08 16:14:18', '2019-04-08 16:14:18'),
	('147', 'テレビゲーム', '140', '2019-04-08 16:16:21', '2019-04-08 16:16:35'),
	('148', 'その他', '140', '2019-04-08 16:22:31', '2019-04-08 16:22:31'),
	('149', '嗜好品', '0', '2019-04-08 16:27:10', '2019-04-08 16:27:10'),
	('150', '酒類', '149', '2019-04-08 16:32:50', '2019-04-08 16:32:50'),
	('151', 'タバコ類', '149', '2019-04-08 16:34:04', '2019-04-08 16:34:46'),
	('152', 'その他', '149', '2019-04-08 16:34:35', '2019-04-08 16:34:35'),
	('272', 'a_', '0', '2019-09-10 10:12:52', '2019-09-10 10:12:52'),
	('272-01', 'cv', '272', '2019-10-04 13:17:59', '2019-10-04 17:32:37'),
	('272-01-01', 'aaaaaaaaaaaaa', '272-01', '2019-10-31 15:42:46', '2019-10-31 15:42:46'),
	('274', 'b', '0', '2019-09-10 10:18:14', '2019-09-10 10:18:14'),
	('275', 'c', '0', '2019-09-10 10:18:22', '2019-09-10 10:18:22'),
	('276', 'a2', '272', '2019-09-10 10:19:05', '2019-09-10 10:19:05'),
	('278', 'van phong jp', '0', '2019-09-10 13:49:41', '2019-10-04 16:38:42'),
	('279', 'ghe jp', '278', '2019-09-10 13:50:03', '2019-09-10 13:50:03'),
	('279-01', 'Đặng bình', '279', '2019-10-31 15:41:27', '2019-10-31 15:41:27'),
	('279-02', 'danh mục nhỏ new', '279', '2019-11-29 17:03:28', '2019-11-29 17:59:04'),
	('280', 'ghe dua jp 1', '283', '2019-09-10 13:50:34', '2019-09-10 13:50:34'),
	('281', 'd', '0', '2019-09-10 14:52:54', '2019-09-10 14:52:54'),
	('282', 'emijp_1', '0', '2019-09-10 15:14:27', '2019-09-10 15:14:27'),
	('283', 'eejp', '282', '2019-09-10 15:16:04', '2019-09-10 15:16:04'),
	('285', 'new', '0', '2019-09-10 16:25:25', '2019-09-10 16:25:25'),
	('286', 'new1mi_aaa', '272', '2019-09-10 16:25:47', '2019-09-10 16:25:47'),
	('287', 'new22', '276', '2019-09-10 16:26:27', '2019-09-10 16:26:27'),
	('4', '食料品', '0', '2018-08-13 08:49:39', '2018-08-13 08:49:39'),
	('4-05-01', 'uuu', '4-05', '2019-10-04 14:38:38', '2019-10-04 14:38:38'),
	('400', 'thuc pham jp', '0', '2019-09-12 11:57:51', '2019-09-16 09:29:41'),
	('401', 'gia dinh jp', '0', '2019-09-12 11:57:51', '2019-09-12 11:57:51'),
	('401-01', 'linhchan', '401', '2019-10-04 11:40:32', '2019-10-04 11:40:32'),
	('401-02', 'hoainam', '401', '2019-10-04 11:36:26', '2019-10-04 11:36:26'),
	('401-02-01', 'ooo', '401-02', '2019-10-04 14:17:04', '2019-10-05 17:56:52'),
	('401-03', 'gia dinh mi', '401', '2019-10-04 11:29:40', '2019-10-04 11:29:40'),
	('401-04', 'er', '401', '2019-10-04 11:52:54', '2019-10-04 11:52:54'),
	('401-04-01', 'iii new', '401-04', '2019-10-04 14:37:54', '2019-10-05 16:54:39'),
	('401-05', 'TEST 11', '401', '2019-10-04 08:48:45', '2019-10-05 17:27:29'),
	('401-05-01', 'TEST 1111', '401-05', '2019-10-04 08:48:48', '2019-10-05 17:27:29'),
	('401-05-02', 'uyen', '401-05', '2019-10-04 08:54:20', '2019-10-05 17:27:30'),
	('401-05-03', 'yen', '401-05', '2019-10-04 08:54:22', '2019-10-05 17:27:30'),
	('401-05-04', 'lan', '401-05', '2019-10-04 08:54:32', '2019-10-05 17:27:30'),
	('401-05-05', 'ngan', '401-05', '2019-10-04 08:54:30', '2019-10-05 17:27:31'),
	('401-05-06', 'van', '401-05', '2019-10-04 08:56:05', '2019-10-05 17:27:31'),
	('401-05-07', 'truc', '401-05', '2019-10-04 08:56:03', '2019-10-05 17:27:31'),
	('401-05-08', 'hong', '401-05', '2019-10-04 08:56:01', '2019-10-05 17:27:32'),
	('401-05-09', 'dao', '401-05', '2019-10-04 08:55:59', '2019-10-05 17:27:32'),
	('401-05-10', 'le', '401-05', '2019-10-04 08:55:57', '2019-10-05 17:27:33'),
	('401-05-11', 'phong', '401-05', '2019-10-04 08:55:55', '2019-10-05 17:27:33'),
	('402', 'dong vat jp', '400', '2019-09-12 11:59:56', '2019-09-12 11:59:56'),
	('406', 'gia dinh meo jp', '401', '2019-09-12 13:54:04', '2019-09-23 16:25:32'),
	('407', 'gia dinh a jp', '400', '2019-09-12 13:54:39', '2019-09-16 09:36:02'),
	('414', 'yen yen', '407', '2019-09-12 14:09:27', '2019-09-16 09:46:17'),
	('416', 'meo', '402', '2019-09-12 14:09:58', '2019-09-12 14:09:58'),
	('417', 'gda1', '407', '2019-09-12 14:10:19', '2019-09-16 09:47:17'),
	('419', 'meo2', '406', '2019-09-12 14:11:41', '2019-09-12 14:11:41'),
	('420', 'meo33', '406', '2019-09-12 14:11:54', '2019-09-16 16:57:20'),
	('421', 'meo4', '406', '2019-09-12 14:12:06', '2019-09-12 14:12:06'),
	('422', 'meo5', '406', '2019-09-12 14:12:22', '2019-09-12 14:12:22'),
	('423', 'meo6', '406', '2019-09-12 14:12:34', '2019-09-12 14:12:34'),
	('424', 'we', '0', '2019-09-12 16:13:55', '2019-09-12 16:13:55'),
	('424-01', 'y new', '424', '2019-10-04 14:41:16', '2019-10-04 17:14:07'),
	('424-01-01', 'yy', '424-01', '2019-10-04 14:42:14', '2019-10-04 14:42:14'),
	('424-02', 't', '424', '2019-10-04 14:41:56', '2019-10-04 14:41:56'),
	('424-02-01', 'tt', '424-02', '2019-10-04 14:42:47', '2019-10-04 14:42:47'),
	('444', 'gia dinh yen', '401', '2019-09-30 10:37:47', '2019-09-30 10:37:47'),
	('445', 'mighhg', '339', '2019-09-30 10:49:29', '2019-09-30 10:49:29'),
	('50', 'ベビー・キッズ', '0', '2018-08-10 06:54:31', '2018-08-10 06:54:31'),
	('5001', 'ベビー服（女の子用）～95cm', '50', '2018-08-10 07:02:01', '2019-04-08 15:14:11'),
	('5002', 'vừa jp', '50', '2019-10-04 11:15:01', '2019-10-04 11:15:01'),
	('5056', 'ベビー服（男の子用）～95cm', '50', '2018-08-10 07:02:24', '2019-04-08 15:16:47'),
	('53', 'キッズ服（女の子用）100cm～', '50', '2018-08-10 07:02:54', '2019-04-08 15:31:46'),
	('54', 'キッズ服（男の子用）100cm～', '50', '2018-08-10 07:03:27', '2019-04-08 15:28:19'),
	('55', 'キッズ靴', '50', '2018-08-10 07:03:55', '2018-08-10 07:03:55'),
	('56', '子ども用小物', '50', '2018-08-10 07:04:13', '2018-08-10 07:04:37'),
	('57', 'オムツ', '50', '2018-08-10 07:05:17', '2018-08-10 07:05:25'),
	('58', 'おもちゃ', '50', '2018-08-10 07:05:47', '2018-08-10 07:05:47'),
	('61', 'ミルク', '50', '2018-08-10 07:15:12', '2018-08-10 07:15:12'),
	('62', 'ベビーフード', '50', '2018-08-10 07:15:33', '2018-08-10 07:15:33'),
	('63', 'おもちゃ', '50', '2018-08-10 07:16:04', '2019-04-08 15:33:55'),
	('64', 'ペット用品', '0', '2018-08-10 07:17:42', '2018-08-10 07:17:42'),
	('65', 'ペット服', '64', '2018-08-10 07:21:34', '2018-08-10 07:21:34'),
	('66', 'ペットトイレシート', '64', '2018-08-10 07:21:59', '2018-08-10 07:22:09'),
	('67', 'ペットの首輪', '64', '2018-08-10 07:22:34', '2018-08-10 07:22:34'),
	('68', 'リード', '64', '2018-08-10 07:22:59', '2018-08-10 07:22:59'),
	('69', 'インテリア・住まい・小物', '0', '2018-08-10 07:23:45', '2018-08-10 07:23:45'),
	('70', 'キッチン/食器', '69', '2018-08-10 07:24:08', '2019-04-08 15:44:30'),
	('71', 'ベッド/マットレス', '69', '2018-08-10 07:24:33', '2019-04-08 15:45:56'),
	('72', '椅子/チェア', '69', '2018-08-10 07:24:59', '2019-04-08 15:47:30'),
	('73', '机/テーブル', '69', '2018-08-10 07:25:23', '2019-04-08 15:51:07'),
	('74', 'ラグ/カーペット/マット', '69', '2018-08-10 07:25:52', '2019-04-08 15:55:11'),
	('82', 'コスメ・香水・美容', '0', '2018-08-10 07:28:48', '2018-08-10 07:28:48'),
	('83', '化粧品', '82', '2018-08-10 07:29:15', '2018-08-10 07:29:15'),
	('84', '香水', '82', '2018-08-10 07:29:40', '2018-08-10 07:29:40'),
	('85', 'ネイル', '82', '2018-08-10 07:30:03', '2018-08-10 07:30:03'),
	('86', '健康用品', '82', '2018-08-10 07:30:20', '2018-08-10 07:30:20'),
	('87', '介護用品', '82', '2018-08-10 07:30:37', '2018-08-10 07:30:37'),
	('88', '衛生用品', '82', '2018-08-10 07:31:03', '2018-08-10 07:31:03'),
	('89', 'ダイエット', '82', '2018-08-10 07:31:22', '2018-08-10 07:31:22'),
	('90', 'その他', '82', '2018-08-10 07:31:39', '2018-08-10 07:31:48'),
	('91', '家電・スマホ・カメラ', '0', '2018-08-10 07:32:26', '2018-08-10 07:32:26'),
	('92', '携帯電話', '91', '2018-08-10 07:33:10', '2018-08-10 07:33:10'),
	('99', 'スマホのアクセサリー', '91', '2018-08-13 08:47:58', '2018-08-13 08:47:58'),
	('A', 'Mi test', '0', '2019-10-07 10:09:56', '2019-10-07 10:09:56'),
	('B', 'test 2', '0', '2019-10-04 08:48:55', '2019-10-04 08:49:08'),
	('B01', 'nm', 'B', '2019-10-04 14:56:01', '2019-10-04 14:56:01'),
	('C', 'test 3', '0', '2019-10-04 08:48:57', '2019-10-04 08:49:11'),
	('D', 'Nhà Cửa JP changed d', '0', '2019-10-04 08:56:52', '2019-10-04 16:39:07'),
	('D01', 'h', 'D', '2019-10-04 11:20:36', '2019-10-04 11:20:36'),
	('D0101', 'ben tre child', 'D01', '2019-10-05 13:47:32', '2019-10-05 17:26:00'),
	('D02', 'hjp', 'D', '2019-10-04 11:22:26', '2019-10-04 11:22:26'),
	('D0201', 'ty', 'D02', '2019-10-07 10:10:13', '2019-10-07 17:16:24'),
	('D03', 'cvm', 'D', '2019-10-04 13:33:49', '2019-10-04 13:33:49'),
	('E', 'Viet Vang', '0', '2019-10-07 08:55:34', '2019-10-07 08:55:34'),
	('E02', 'may tinh', 'E', '2019-10-07 08:57:14', '2019-10-07 08:57:14'),
	('F', 'Tan Co', '0', '2019-10-07 08:59:00', '2019-10-07 08:59:00'),
	('F02', 'may moc', 'F', '2019-10-07 09:04:16', '2019-10-07 09:04:16'),
	('G', 'Goi', '0', '2019-10-07 10:00:57', '2019-10-07 10:00:57'),
	('G01', 'ben tre test jp 1', 'G', '2019-10-05 11:21:35', '2019-10-07 10:53:03'),
	('G02', 'desa', 'G', '2019-10-07 10:15:28', '2019-10-07 11:33:15'),
	('G03', 'ueut', 'G', '2019-10-07 10:16:06', '2019-10-07 11:43:01'),
	('G04', 'nhan vien tc', 'G', '2019-10-07 09:00:08', '2019-10-07 10:39:49'),
	('G05', 'te', 'G', '2019-10-04 11:24:05', '2019-10-07 11:01:53'),
	('G06', 'nhan vien', 'G', '2019-10-07 08:56:10', '2019-10-07 11:03:54'),
	('G0601', 'tc nv', 'G06', '2019-10-07 09:06:35', '2019-10-07 11:03:55'),
	('G0602', 'hoa hong', 'G06', '2019-10-04 14:17:48', '2019-10-07 11:16:44'),
	('G0603', 'new new', 'G06', '2019-10-04 14:18:47', '2019-10-07 11:15:28'),
	('G07', 'ben', 'G', '2019-10-07 11:24:25', '2019-10-07 11:28:08'),
	('G08', 'bem', 'G', '2019-10-07 11:24:34', '2019-10-07 11:30:04'),
	('G09', 'vem', 'G', '2019-10-07 11:24:54', '2019-10-07 11:31:49'),
	('G10', 'fegf', 'G', '2019-10-07 11:26:29', '2019-10-07 11:32:27'),
	('G11', 'yehn', 'G', '2019-10-07 11:26:52', '2019-10-07 11:46:37'),
	('G1101', 'KK0202', 'G11', '2019-10-07 17:43:58', '2019-10-07 17:44:29'),
	('H', 'J', '0', '2019-10-07 17:45:18', '2019-10-07 17:45:18'),
	('H01', 'HH', 'H', '2019-10-07 17:46:53', '2019-10-07 17:46:53'),
	('H02', 'H2', 'H', '2019-10-07 17:48:07', '2019-10-07 17:48:07'),
	('H03', 'HHH', 'H', '2019-10-07 17:46:53', '2019-10-07 17:46:53'),
	('H04', 'HHHH', 'H', '2019-10-07 17:46:53', '2019-10-07 17:46:53'),
	('I', 'Goi Test', '0', '2019-10-08 08:35:20', '2019-10-08 08:35:20'),
	('I01', 'New 122', 'I', '2019-12-02 09:16:42', '2019-12-02 09:16:42'),
	('J', 'Danh mục lớn new', '0', '2019-11-29 16:39:22', '2019-11-29 17:25:57'),
	('J02', 'dm vừa jp', 'J', '2019-11-29 16:54:59', '2019-11-29 16:54:59'),
	('J0201', 'new s 122', 'J02', '2019-12-02 09:24:22', '2019-12-02 09:32:50'),
	('K', 'Category Large', '0', '2019-12-02 09:02:21', '2019-12-02 09:02:21'),
	('L', 'Danh mục lớn 2', '0', '2019-11-29 16:45:56', '2019-11-29 16:45:56'),
	('M', 'Category L', '0', '2019-12-02 09:02:50', '2019-12-02 09:02:50'),
	('N', 'NN', '0', '2019-12-02 09:43:30', '2019-12-02 09:43:30'),
	('N01', 'NN01', 'N', '2019-12-02 09:43:30', '2019-12-02 09:43:30');
/*!40000 ALTER TABLE `category` ENABLE KEYS */;

-- Dumping structure for table hakobiya_03.category_copy
CREATE TABLE IF NOT EXISTS `category_copy` (
  `category_id` int(10) unsigned NOT NULL AUTO_INCREMENT,
  `id` varchar(20) COLLATE utf8mb4_unicode_ci DEFAULT NULL,
  `category_title` varchar(255) CHARACTER SET utf8 NOT NULL,
  `category_id_parent` int(11) NOT NULL DEFAULT '0',
  `created_at` timestamp NULL DEFAULT NULL,
  `updated_at` timestamp NULL DEFAULT NULL,
  PRIMARY KEY (`category_id`)
) ENGINE=InnoDB AUTO_INCREMENT=454 DEFAULT CHARSET=utf8mb4 COLLATE=utf8mb4_unicode_ci;

-- Dumping data for table hakobiya_03.category_copy: ~105 rows (approximately)
/*!40000 ALTER TABLE `category_copy` DISABLE KEYS */;
INSERT INTO `category_copy` (`category_id`, `id`, `category_title`, `category_id_parent`, `created_at`, `updated_at`) VALUES
	(50, 'A', 'ベビー・キッズ', 0, '2018-08-10 06:54:31', '2018-08-10 06:54:31'),
	(51, 'A01', 'ベビー服（女の子用）～95cm', 50, '2018-08-10 07:02:01', '2019-04-08 15:14:11'),
	(52, 'A02', 'ベビー服（男の子用）～95cm', 50, '2018-08-10 07:02:24', '2019-04-08 15:16:47'),
	(53, 'A03', 'キッズ服（女の子用）100cm～', 50, '2018-08-10 07:02:54', '2019-04-08 15:31:46'),
	(54, 'A04', 'キッズ服（男の子用）100cm～', 50, '2018-08-10 07:03:27', '2019-04-08 15:28:19'),
	(55, 'A05', 'キッズ靴', 50, '2018-08-10 07:03:55', '2018-08-10 07:03:55'),
	(56, 'A06', '子ども用小物', 50, '2018-08-10 07:04:13', '2018-08-10 07:04:37'),
	(57, 'A07', 'オムツ', 50, '2018-08-10 07:05:17', '2018-08-10 07:05:25'),
	(58, 'A08', 'おもちゃ', 50, '2018-08-10 07:05:47', '2018-08-10 07:05:47'),
	(61, 'A09', 'ミルク', 50, '2018-08-10 07:15:12', '2018-08-10 07:15:12'),
	(62, 'A10', 'ベビーフード', 50, '2018-08-10 07:15:33', '2018-08-10 07:15:33'),
	(63, 'A11', 'おもちゃ', 50, '2018-08-10 07:16:04', '2019-04-08 15:33:55'),
	(64, 'B', 'ペット用品', 0, '2018-08-10 07:17:42', '2018-08-10 07:17:42'),
	(65, 'B01', 'ペット服', 64, '2018-08-10 07:21:34', '2018-08-10 07:21:34'),
	(66, 'B02', 'ペットトイレシート', 64, '2018-08-10 07:21:59', '2018-08-10 07:22:09'),
	(67, 'B03', 'ペットの首輪', 64, '2018-08-10 07:22:34', '2018-08-10 07:22:34'),
	(68, 'B04', 'リード', 64, '2018-08-10 07:22:59', '2018-08-10 07:22:59'),
	(69, 'C', 'インテリア・住まい・小物', 0, '2018-08-10 07:23:45', '2018-08-10 07:23:45'),
	(70, 'C01', 'キッチン/食器', 69, '2018-08-10 07:24:08', '2019-04-08 15:44:30'),
	(71, 'C02', 'ベッド/マットレス', 69, '2018-08-10 07:24:33', '2019-04-08 15:45:56'),
	(72, 'C03', '椅子/チェア', 69, '2018-08-10 07:24:59', '2019-04-08 15:47:30'),
	(73, 'C04', '机/テーブル', 69, '2018-08-10 07:25:23', '2019-04-08 15:51:07'),
	(74, 'C05', 'ラグ/カーペット/マット', 69, '2018-08-10 07:25:52', '2019-04-08 15:55:11'),
	(82, 'D', 'コスメ・香水・美容', 0, '2018-08-10 07:28:48', '2018-08-10 07:28:48'),
	(83, 'D01', '化粧品', 82, '2018-08-10 07:29:15', '2018-08-10 07:29:15'),
	(84, 'D02', '香水', 82, '2018-08-10 07:29:40', '2018-08-10 07:29:40'),
	(85, 'D03', 'ネイル', 82, '2018-08-10 07:30:03', '2018-08-10 07:30:03'),
	(86, 'D04', '健康用品', 82, '2018-08-10 07:30:20', '2018-08-10 07:30:20'),
	(87, 'D05', '介護用品', 82, '2018-08-10 07:30:37', '2018-08-10 07:30:37'),
	(88, 'D06', '衛生用品', 82, '2018-08-10 07:31:03', '2018-08-10 07:31:03'),
	(89, 'D07', 'ダイエット', 82, '2018-08-10 07:31:22', '2018-08-10 07:31:22'),
	(90, 'D08', 'その他', 82, '2018-08-10 07:31:39', '2018-08-10 07:31:48'),
	(91, 'E', '家電・スマホ・カメラ', 0, '2018-08-10 07:32:26', '2018-08-10 07:32:26'),
	(92, 'E01', '携帯電話', 91, '2018-08-10 07:33:10', '2018-08-10 07:33:10'),
	(99, 'E02', 'スマホのアクセサリー', 91, '2018-08-13 08:47:58', '2018-08-13 08:47:58'),
	(100, 'E03', 'PC／タブレット', 91, '2018-08-13 08:48:24', '2018-08-13 08:48:24'),
	(101, 'E04', 'カメラ', 91, '2018-08-13 08:48:48', '2018-08-13 08:48:48'),
	(102, 'E05', '生活家電・その他', 91, '2018-08-13 08:49:16', '2018-08-13 08:49:16'),
	(103, 'F', '食料品', 0, '2018-08-13 08:49:39', '2018-08-13 08:49:39'),
	(104, 'F01', 'カップ麺', 103, '2018-08-13 08:50:05', '2018-08-13 08:50:48'),
	(105, 'F02', 'チョコレート', 103, '2018-08-13 08:50:34', '2018-08-13 08:50:34'),
	(106, 'F03', 'お菓子', 103, '2018-08-13 08:51:06', '2018-08-13 08:51:06'),
	(107, 'F04', '飲料水', 103, '2018-08-23 02:17:59', '2018-08-23 02:17:59'),
	(109, 'F05', 'パン', 103, '2018-09-04 06:25:57', '2018-09-04 06:25:57'),
	(110, 'F06', '米', 103, '2018-09-04 06:35:40', '2018-09-04 06:35:40'),
	(111, 'F07', 'その他', 103, '2019-03-07 03:05:26', '2019-03-07 03:05:26'),
	(113, 'B05', 'その他', 64, '2019-03-07 03:26:48', '2019-03-07 03:26:48'),
	(114, 'E06', 'AIスピーカー', 91, '2019-04-03 17:46:58', '2019-04-03 17:46:58'),
	(136, 'A12', 'その他', 50, '2019-04-08 15:35:00', '2019-04-08 15:35:00'),
	(137, 'C06', 'カーテン/ブラインド', 69, '2019-04-08 15:56:17', '2019-04-08 15:56:17'),
	(138, 'C07', 'ライト/照明', 69, '2019-04-08 15:57:25', '2019-04-08 15:57:25'),
	(139, 'C08', 'その他', 69, '2019-04-08 15:59:07', '2019-04-08 15:59:07'),
	(140, 'G', '本・音楽・ゲーム', 0, '2019-04-08 16:02:45', '2019-04-08 16:02:45'),
	(141, 'G01', '本', 140, '2019-04-08 16:03:43', '2019-04-08 16:03:43'),
	(142, 'G02', '雑誌', 140, '2019-04-08 16:04:35', '2019-04-08 16:04:35'),
	(143, 'G03', '漫画', 140, '2019-04-08 16:11:55', '2019-04-08 16:11:55'),
	(144, 'G04', 'CD', 140, '2019-04-08 16:12:46', '2019-04-08 16:12:46'),
	(145, 'G05', 'DVD', 140, '2019-04-08 16:13:12', '2019-04-08 16:13:12'),
	(146, 'G06', 'レコード', 140, '2019-04-08 16:14:18', '2019-04-08 16:14:18'),
	(147, 'G07', 'テレビゲーム', 140, '2019-04-08 16:16:21', '2019-04-08 16:16:35'),
	(148, 'G08', 'その他', 140, '2019-04-08 16:22:31', '2019-04-08 16:22:31'),
	(149, 'H', '嗜好品', 0, '2019-04-08 16:27:10', '2019-04-08 16:27:10'),
	(150, 'H01', '酒類', 149, '2019-04-08 16:32:50', '2019-04-08 16:32:50'),
	(151, 'H02', 'タバコ類', 149, '2019-04-08 16:34:04', '2019-04-08 16:34:46'),
	(152, 'H03', 'その他', 149, '2019-04-08 16:34:35', '2019-04-08 16:34:35'),
	(272, 'I', 'a_', 0, '2019-09-10 10:12:52', '2019-09-10 10:12:52'),
	(274, 'J', 'b', 0, '2019-09-10 10:18:14', '2019-09-10 10:18:14'),
	(275, 'K', 'c', 0, '2019-09-10 10:18:22', '2019-09-10 10:18:22'),
	(276, 'I01', 'a2', 272, '2019-09-10 10:19:05', '2019-09-10 10:19:05'),
	(278, 'L', 'van phong jp', 0, '2019-09-10 13:49:41', '2019-09-10 13:49:41'),
	(279, 'L01', 'ghe jp', 278, '2019-09-10 13:50:03', '2019-09-10 13:50:03'),
	(280, 'N0101', 'ghe dua jp 1', 283, '2019-09-10 13:50:34', '2019-09-10 13:50:34'),
	(281, 'M', 'd', 0, '2019-09-10 14:52:54', '2019-09-10 14:52:54'),
	(282, 'N', 'emijp_1', 0, '2019-09-10 15:14:27', '2019-09-10 15:14:27'),
	(283, 'N01', 'eejp', 282, '2019-09-10 15:16:04', '2019-09-10 15:16:04'),
	(285, 'O', 'new', 0, '2019-09-10 16:25:25', '2019-09-10 16:25:25'),
	(286, 'I02', 'new1mi_aaa', 272, '2019-09-10 16:25:47', '2019-09-10 16:25:47'),
	(287, 'I0101', 'new22', 276, '2019-09-10 16:26:27', '2019-09-10 16:26:27'),
	(288, 'P', 'newfsdf', 0, '2019-09-11 11:59:22', '2019-09-11 11:59:22'),
	(289, 'Q', 'yen', 0, '2019-09-11 11:59:37', '2019-09-11 11:59:37'),
	(290, 'R', 'ben tre', 0, '2019-09-11 12:51:37', '2019-09-11 12:51:37'),
	(399, 'S', 'vatlieu jp', 0, '2019-09-12 11:57:51', '2019-09-16 09:14:18'),
	(400, 'T', 'thuc pham jp', 0, '2019-09-12 11:57:51', '2019-09-16 09:29:41'),
	(401, 'U', 'gia dinh jp', 0, '2019-09-12 11:57:51', '2019-09-12 11:57:51'),
	(402, 'T01', 'dong vat jp', 400, '2019-09-12 11:59:56', '2019-09-12 11:59:56'),
	(403, 'S01', 'thuc vat jp 1', 399, '2019-09-12 11:59:56', '2019-09-16 09:35:53'),
	(406, 'U02', 'gia dinh meo jp', 401, '2019-09-12 13:54:04', '2019-09-23 16:25:32'),
	(407, 'T02', 'gia dinh a jp', 400, '2019-09-12 13:54:39', '2019-09-16 09:36:02'),
	(414, 'T0201', 'yen yen', 407, '2019-09-12 14:09:27', '2019-09-16 09:46:17'),
	(416, 'T0101', 'meo', 402, '2019-09-12 14:09:58', '2019-09-12 14:09:58'),
	(417, 'T0202', 'gda1', 407, '2019-09-12 14:10:19', '2019-09-16 09:47:17'),
	(419, 'U0201', 'meo2', 406, '2019-09-12 14:11:41', '2019-09-12 14:11:41'),
	(420, 'U0202', 'meo33', 406, '2019-09-12 14:11:54', '2019-09-16 16:57:20'),
	(421, 'U0203', 'meo4', 406, '2019-09-12 14:12:06', '2019-09-12 14:12:06'),
	(422, 'U0204', 'meo5', 406, '2019-09-12 14:12:22', '2019-09-12 14:12:22'),
	(423, 'U0205', 'meo6', 406, '2019-09-12 14:12:34', '2019-09-12 14:12:34'),
	(424, 'V', 'we', 0, '2019-09-12 16:13:55', '2019-09-12 16:13:55'),
	(444, 'U03', 'gia dinh yen', 401, '2019-09-30 10:37:47', '2019-09-30 10:37:47'),
	(445, 'W', 'mighhg', 339, '2019-09-30 10:49:29', '2019-09-30 10:49:29'),
	(446, 'S01', 'test 1', 406, NULL, NULL),
	(449, 'S02', 'test 2', 339, NULL, NULL),
	(450, 'S03', 'test 3', 339, NULL, NULL),
	(451, 'S0101', 'TEST 11', 406, NULL, NULL),
	(452, 'S0102', 'TEST 111', 406, NULL, NULL),
	(453, 'S0103', 'TEST 1111', 406, NULL, NULL);
/*!40000 ALTER TABLE `category_copy` ENABLE KEYS */;

-- Dumping structure for table hakobiya_03.category_title
CREATE TABLE IF NOT EXISTS `category_title` (
  `category_title_id` int(10) unsigned NOT NULL AUTO_INCREMENT,
  `language_id` int(11) NOT NULL,
  `category_id` varchar(20) CHARACTER SET utf8mb4 COLLATE utf8mb4_unicode_ci NOT NULL,
  `category_title` varchar(255) CHARACTER SET utf8mb4 NOT NULL,
  `created_at` timestamp NULL DEFAULT NULL,
  `updated_at` timestamp NULL DEFAULT NULL,
  PRIMARY KEY (`category_title_id`)
) ENGINE=InnoDB AUTO_INCREMENT=238 DEFAULT CHARSET=utf8;

-- Dumping data for table hakobiya_03.category_title: ~128 rows (approximately)
/*!40000 ALTER TABLE `category_title` DISABLE KEYS */;
INSERT INTO `category_title` (`category_title_id`, `language_id`, `category_id`, `category_title`, `created_at`, `updated_at`) VALUES
	(3, 2, '5002', 'medium', '2019-10-04 11:15:01', '2019-10-04 11:15:01'),
	(4, 3, '5002', 'vừa vn', '2019-10-04 11:15:01', '2019-10-04 11:15:01'),
	(5, 2, 'D', 'house changed d', '2019-10-04 11:20:36', '2019-10-04 16:39:07'),
	(6, 3, 'D', 'house changed d', '2019-10-04 11:20:36', '2019-10-04 16:39:07'),
	(7, 2, 'D02', 'hen', '2019-10-04 11:22:26', '2019-10-04 11:22:26'),
	(8, 3, 'D02', 'hvn', '2019-10-04 11:22:26', '2019-10-04 11:22:26'),
	(9, 2, 'G05', 'te', '2019-10-04 11:24:05', '2019-10-04 11:24:05'),
	(10, 3, 'G05', 'te', '2019-10-04 11:24:05', '2019-10-04 11:24:05'),
	(11, 2, '40101', 'family mi', '2019-10-04 11:29:40', '2019-10-04 11:29:40'),
	(12, 3, '40101', 'gia đình mi', '2019-10-04 11:29:40', '2019-10-04 11:29:40'),
	(17, 2, '401-02', 'hoainam', '2019-10-04 11:36:26', '2019-10-04 11:36:26'),
	(18, 3, '401-02', 'hoainam', '2019-10-04 11:36:26', '2019-10-04 11:36:26'),
	(19, 2, '401-01', 'linhchan', '2019-10-04 11:40:32', '2019-10-04 11:40:32'),
	(20, 3, '401-01', 'linhchan', '2019-10-04 11:40:32', '2019-10-04 11:40:32'),
	(21, 2, '401-04', 'er', '2019-10-04 11:52:54', '2019-10-04 11:52:54'),
	(22, 3, '401-04', 'er', '2019-10-04 11:52:54', '2019-10-04 11:52:54'),
	(23, 2, '4-08', 'cv', '2019-10-04 13:17:59', '2019-10-04 13:17:59'),
	(24, 3, '4-08', 'cv', '2019-10-04 13:17:59', '2019-10-04 13:17:59'),
	(27, 2, 'D03', 'cvm', '2019-10-04 13:33:49', '2019-10-04 13:33:49'),
	(28, 3, 'D03', 'cvm', '2019-10-04 13:33:49', '2019-10-04 13:33:49'),
	(33, 2, 'D0101', 'ooo', '2019-10-04 14:17:05', '2019-10-04 14:17:05'),
	(34, 3, 'D0101', 'ooo', '2019-10-04 14:17:05', '2019-10-04 14:17:05'),
	(35, 2, 'G0602', 'hoa hong', '2019-10-04 14:17:48', '2019-10-04 14:17:48'),
	(36, 3, 'G0602', 'hoa hong', '2019-10-04 14:17:48', '2019-10-04 14:17:48'),
	(37, 2, 'G0603', 'new new', '2019-10-04 14:18:47', '2019-10-04 14:18:47'),
	(38, 3, 'G0603', 'new new', '2019-10-04 14:18:47', '2019-10-04 14:18:47'),
	(39, 2, 'D0401-01-01', 'i', '2019-10-04 14:37:55', '2019-10-04 14:37:55'),
	(40, 3, 'D0401-01-01', 'i', '2019-10-04 14:37:55', '2019-10-04 14:37:55'),
	(43, 2, '4-05-01', 'uuu', '2019-10-04 14:38:38', '2019-10-04 14:38:38'),
	(44, 3, '4-05-01', 'uuu', '2019-10-04 14:38:38', '2019-10-04 14:38:38'),
	(45, 2, '424-01', 'y new', '2019-10-04 14:41:16', '2019-10-04 17:07:40'),
	(47, 2, '424-02', 't', '2019-10-04 14:41:56', '2019-10-04 14:41:56'),
	(48, 3, '424-02', 't', '2019-10-04 14:41:56', '2019-10-04 14:41:56'),
	(49, 2, '424-01-01', 'yy', '2019-10-04 14:42:15', '2019-10-04 14:42:15'),
	(50, 3, '424-01-01', 'yy', '2019-10-04 14:42:15', '2019-10-04 14:42:15'),
	(51, 2, '424-02-01', 'tt', '2019-10-04 14:42:47', '2019-10-04 14:42:47'),
	(52, 3, '424-02-01', 'tt', '2019-10-04 14:42:47', '2019-10-04 14:42:47'),
	(61, 2, 'B01', 'nm', '2019-10-04 14:56:01', '2019-10-04 14:56:01'),
	(62, 3, 'B01', 'nm', '2019-10-04 14:56:01', '2019-10-04 14:56:01'),
	(63, 2, '140-01', 'ddd', '2019-10-04 14:58:40', '2019-10-04 14:58:40'),
	(64, 3, '140-01', 'ddd', '2019-10-04 14:58:40', '2019-10-04 14:58:40'),
	(75, 2, '278', 'vpen', '2019-10-04 16:38:42', '2019-10-04 16:38:42'),
	(76, 3, '278', 'vpvn', '2019-10-04 16:38:42', '2019-10-04 16:38:42'),
	(77, 3, '424-01', 'y new', '2019-10-04 17:07:41', '2019-10-04 17:07:41'),
	(78, 2, 'G01', 'cv', '2019-10-04 17:30:56', '2019-10-04 17:30:56'),
	(79, 3, 'G01', 'cv', '2019-10-04 17:30:56', '2019-10-04 17:30:56'),
	(80, 2, '140', '本・音楽・ゲーム en', '2019-10-05 11:14:18', '2019-10-05 11:14:18'),
	(81, 3, '140', '本・音楽・ゲーム vn', '2019-10-05 11:14:18', '2019-10-05 11:14:18'),
	(82, 2, 'G01', 'ben tre test en 1', '2019-10-05 11:21:35', '2019-10-05 13:46:54'),
	(83, 3, 'G01', 'ben tre test vn 1', '2019-10-05 11:21:35', '2019-10-05 13:46:54'),
	(84, 2, 'D0101', 'ben tre child', '2019-10-05 13:47:32', '2019-10-05 13:47:32'),
	(85, 3, 'D0101', 'ben tre child', '2019-10-05 13:47:32', '2019-10-05 13:47:32'),
	(86, 2, '401-04-01', 'iii new', '2019-10-05 16:17:22', '2019-10-05 16:29:14'),
	(87, 3, '401-04-01', 'iii new', '2019-10-05 16:17:22', '2019-10-05 16:29:14'),
	(88, 2, '401-05', 'test 11', '2019-10-05 17:27:06', '2019-10-05 17:27:06'),
	(89, 3, '401-05', 'test 11', '2019-10-05 17:27:06', '2019-10-05 17:27:06'),
	(90, 2, '401-02-01', 'ooo', '2019-10-05 17:33:48', '2019-10-05 17:33:48'),
	(91, 3, '401-02-01', 'ooo', '2019-10-05 17:33:48', '2019-10-05 17:33:48'),
	(94, 2, 'E', 'Viet Vang', '2019-10-07 08:55:34', '2019-10-07 08:55:34'),
	(95, 3, 'E', 'Viet Vang', '2019-10-07 08:55:34', '2019-10-07 08:55:34'),
	(96, 2, 'G06', 'nhan vien', '2019-10-07 08:56:10', '2019-10-07 08:56:10'),
	(97, 3, 'G06', 'nhan vien', '2019-10-07 08:56:10', '2019-10-07 08:56:10'),
	(98, 2, 'E02', 'may tinh', '2019-10-07 08:57:14', '2019-10-07 08:57:14'),
	(99, 3, 'E02', 'may tinh', '2019-10-07 08:57:14', '2019-10-07 08:57:14'),
	(100, 2, 'F', 'Tan Co', '2019-10-07 08:59:00', '2019-10-07 08:59:00'),
	(101, 3, 'F', 'Tân Co', '2019-10-07 08:59:00', '2019-10-07 08:59:00'),
	(102, 2, 'G04', 'nhan vien tc', '2019-10-07 09:00:09', '2019-10-07 09:00:09'),
	(103, 3, 'G04', 'nhan vien tc', '2019-10-07 09:00:09', '2019-10-07 09:00:09'),
	(104, 2, 'F02', 'may moc', '2019-10-07 09:04:16', '2019-10-07 09:04:16'),
	(105, 3, 'F02', 'may moc', '2019-10-07 09:04:16', '2019-10-07 09:04:16'),
	(106, 2, 'G0601', 'tc nv', '2019-10-07 09:06:35', '2019-10-07 09:06:35'),
	(107, 3, 'G0601', 'tc nv', '2019-10-07 09:06:35', '2019-10-07 09:06:35'),
	(108, 2, 'G', 'Goi', '2019-10-07 10:00:57', '2019-10-07 10:00:57'),
	(109, 3, 'G', 'Goi', '2019-10-07 10:00:57', '2019-10-07 10:00:57'),
	(110, 2, 'A', 'mi', '2019-10-07 10:09:56', '2019-10-07 10:09:56'),
	(111, 3, 'A', 'mi', '2019-10-07 10:09:56', '2019-10-07 10:09:56'),
	(112, 2, 'D0201', 'ty', '2019-10-07 10:10:13', '2019-10-07 10:10:13'),
	(113, 3, 'D0201', 'ty', '2019-10-07 10:10:13', '2019-10-07 10:10:13'),
	(114, 2, 'G02', 'aesds', '2019-10-07 10:15:28', '2019-10-07 11:33:15'),
	(115, 3, 'G02', 'sedas', '2019-10-07 10:15:28', '2019-10-07 11:33:15'),
	(116, 2, 'G03', 'yeu', '2019-10-07 10:16:06', '2019-10-07 11:43:01'),
	(117, 3, 'G03', 'uey', '2019-10-07 10:16:06', '2019-10-07 11:43:01'),
	(118, 2, 'G07', 'ben', '2019-10-07 11:24:25', '2019-10-07 11:27:57'),
	(119, 3, 'G07', 'ben', '2019-10-07 11:24:25', '2019-10-07 11:27:57'),
	(120, 2, 'G08', 'bem', '2019-10-07 11:24:34', '2019-10-07 11:30:04'),
	(121, 3, 'G08', 'bem', '2019-10-07 11:24:34', '2019-10-07 11:30:04'),
	(122, 2, 'G09', 'vem', '2019-10-07 11:24:54', '2019-10-07 11:31:49'),
	(123, 3, 'G09', 'vem', '2019-10-07 11:24:54', '2019-10-07 11:31:49'),
	(124, 2, 'G10', 'defsgdfs', '2019-10-07 11:26:29', '2019-10-07 11:32:27'),
	(125, 3, 'G10', 'dfesgsdf', '2019-10-07 11:26:29', '2019-10-07 11:32:27'),
	(126, 2, 'G11', 'yehn', '2019-10-07 11:26:52', '2019-10-07 11:46:37'),
	(127, 3, 'G11', 'yehn', '2019-10-07 11:26:52', '2019-10-07 11:46:37'),
	(190, 2, 'H', 'J', '2019-10-07 17:45:18', '2019-10-07 17:45:18'),
	(191, 3, 'H', 'J', '2019-10-07 17:45:18', '2019-10-07 17:45:18'),
	(192, 2, 'H01', 'HH', '2019-10-07 17:46:53', '2019-10-07 17:46:53'),
	(193, 3, 'H01', 'HH', '2019-10-07 17:46:53', '2019-10-07 17:46:53'),
	(194, 2, 'H03', 'HHHH', '2019-10-07 17:46:53', '2019-10-07 17:46:53'),
	(195, 3, 'H03', 'HHHH', '2019-10-07 17:46:53', '2019-10-07 17:46:53'),
	(196, 2, 'H04', 'HHHH', '2019-10-07 17:46:53', '2019-10-07 17:46:53'),
	(197, 3, 'H04', 'HHHH', '2019-10-07 17:46:53', '2019-10-07 17:46:53'),
	(198, 2, 'H02', 'H2', '2019-10-07 17:48:07', '2019-10-07 17:48:07'),
	(199, 3, 'H02', 'H2', '2019-10-07 17:48:07', '2019-10-07 17:48:07'),
	(200, 2, 'I', 'g', '2019-10-08 08:35:20', '2019-10-08 08:35:20'),
	(201, 3, 'I', 'g', '2019-10-08 08:35:20', '2019-10-08 08:35:20'),
	(202, 2, '279-01', 'Đặng bình', '2019-10-31 15:41:27', '2019-10-31 15:41:27'),
	(203, 3, '279-01', 'Đặng bình', '2019-10-31 15:41:27', '2019-10-31 15:41:27'),
	(204, 2, '272-01-01', 'aaaaaaaaa', '2019-10-31 15:42:46', '2019-10-31 15:42:46'),
	(205, 3, '272-01-01', '1111111111', '2019-10-31 15:42:46', '2019-10-31 15:42:46'),
	(206, 2, 'J', 'danh mục lớn en', '2019-11-29 16:39:22', '2019-11-29 17:25:57'),
	(207, 3, 'J', 'danh mục lớn vi', '2019-11-29 16:39:22', '2019-11-29 17:25:57'),
	(210, 2, 'L', 'Danh mục lớn 2', '2019-11-29 16:45:56', '2019-11-29 16:45:56'),
	(211, 3, 'L', 'Danh mục lớn 2', '2019-11-29 16:45:56', '2019-11-29 16:45:56'),
	(214, 2, 'J02', 'dm vừa en', '2019-11-29 16:54:59', '2019-11-29 16:54:59'),
	(215, 3, 'J02', 'dm vừa vi', '2019-11-29 16:54:59', '2019-11-29 16:54:59'),
	(218, 2, '279-02', 'danh mục nhỏ en', '2019-11-29 17:03:28', '2019-11-29 17:03:28'),
	(219, 3, '279-02', 'danh mục nhỏ vi', '2019-11-29 17:03:28', '2019-11-29 17:03:28'),
	(226, 2, 'K', 'Category Large en', '2019-12-02 09:02:21', '2019-12-02 09:02:21'),
	(227, 3, 'K', 'Category Large vi', '2019-12-02 09:02:21', '2019-12-02 09:02:21'),
	(228, 2, 'M', 'Category L en', '2019-12-02 09:02:50', '2019-12-02 09:02:50'),
	(229, 3, 'M', 'Category L vi', '2019-12-02 09:02:50', '2019-12-02 09:02:50'),
	(230, 2, 'I01', 'New 122 en', '2019-12-02 09:16:42', '2019-12-02 09:16:42'),
	(231, 3, 'I01', 'New 122 vi', '2019-12-02 09:16:42', '2019-12-02 09:16:42'),
	(232, 2, 'J0201', 'new s en 122', '2019-12-02 09:24:22', '2019-12-02 09:24:22'),
	(233, 3, 'J0201', 'new s vi 122', '2019-12-02 09:24:22', '2019-12-02 09:24:22'),
	(234, 2, 'N', 'NN', '2019-12-02 09:43:30', '2019-12-02 09:43:30'),
	(235, 3, 'N', 'NN', '2019-12-02 09:43:30', '2019-12-02 09:43:30'),
	(236, 2, 'N01', 'NN01', '2019-12-02 09:43:30', '2019-12-02 09:43:30'),
	(237, 3, 'N01', 'NN01', '2019-12-02 09:43:30', '2019-12-02 09:43:30');
/*!40000 ALTER TABLE `category_title` ENABLE KEYS */;

-- Dumping structure for table hakobiya_03.category_title_copy
CREATE TABLE IF NOT EXISTS `category_title_copy` (
  `category_title_id` int(10) unsigned NOT NULL AUTO_INCREMENT,
  `language_id` int(11) NOT NULL,
  `category_id` int(11) NOT NULL,
  `id` varchar(20) COLLATE utf8mb4_unicode_ci DEFAULT NULL,
  `category_title` varchar(255) CHARACTER SET utf8 NOT NULL DEFAULT '',
  `created_at` timestamp NULL DEFAULT NULL,
  `updated_at` timestamp NULL DEFAULT NULL,
  PRIMARY KEY (`category_title_id`)
) ENGINE=InnoDB AUTO_INCREMENT=578 DEFAULT CHARSET=utf8mb4 COLLATE=utf8mb4_unicode_ci;

-- Dumping data for table hakobiya_03.category_title_copy: ~224 rows (approximately)
/*!40000 ALTER TABLE `category_title_copy` DISABLE KEYS */;
INSERT INTO `category_title_copy` (`category_title_id`, `language_id`, `category_id`, `id`, `category_title`, `created_at`, `updated_at`) VALUES
	(71, 2, 42, NULL, 'Tops', '2018-08-10 06:49:19', '2019-04-08 11:54:43'),
	(72, 3, 42, NULL, 'Đầu', '2018-08-10 06:49:19', '2019-04-08 11:54:43'),
	(86, 2, 50, 'A', 'Baby / Kids', '2018-08-10 06:54:31', '2019-03-07 03:32:48'),
	(87, 3, 50, 'A', 'Sản phẩm dành cho bé', '2018-08-10 06:54:31', '2019-03-07 03:32:48'),
	(88, 2, 51, 'A01', 'Baby clothes (for girls)～95cm', '2018-08-10 07:02:01', '2019-04-08 15:14:11'),
	(90, 2, 52, 'A02', 'Baby clothes (for boys)～95cm', '2018-08-10 07:02:24', '2019-04-08 15:16:47'),
	(92, 2, 53, 'A03', 'Kids clothes (for girls)100cm～', '2018-08-10 07:02:54', '2019-04-08 15:31:46'),
	(93, 3, 53, 'A03', 'Quần áo trẻ em (cho bé gái)100cm～', '2018-08-10 07:02:54', '2019-04-08 15:31:46'),
	(94, 2, 54, 'A04', 'Kids clothes (for boys)100cm～', '2018-08-10 07:03:27', '2019-04-08 15:28:19'),
	(95, 3, 54, 'A04', 'Quần áo trẻ em (cho bé trai)100cm～', '2018-08-10 07:03:27', '2019-04-08 15:28:19'),
	(96, 2, 55, 'A05', 'Kids shoes', '2018-08-10 07:03:55', '2019-03-07 03:30:37'),
	(97, 3, 55, 'A05', 'Giày trẻ em', '2018-08-10 07:03:55', '2019-03-07 03:30:37'),
	(98, 2, 56, 'A06', 'Kids Accessories', '2018-08-10 07:04:13', '2019-03-07 03:29:21'),
	(99, 2, 57, 'A07', 'A diaper', '2018-08-10 07:05:17', '2019-03-07 03:29:50'),
	(100, 3, 57, 'A07', 'Tả em bé', '2018-08-10 07:05:17', '2019-03-07 03:29:50'),
	(101, 2, 58, 'A08', 'Toy', '2018-08-10 07:05:47', '2019-03-07 03:28:41'),
	(102, 3, 58, 'A08', 'Đồ chơi', '2018-08-10 07:05:47', '2019-03-07 03:28:41'),
	(103, 2, 61, 'A09', 'Milk', '2018-08-10 07:15:12', '2019-03-07 03:28:08'),
	(104, 3, 61, 'A09', 'Sữa', '2018-08-10 07:15:12', '2019-03-07 03:28:08'),
	(105, 2, 62, 'A10', 'Baby food', '2018-08-10 07:15:33', '2019-03-07 03:27:43'),
	(106, 3, 62, 'A10', 'Thức ăn trẻ em', '2018-08-10 07:15:33', '2019-03-07 03:27:43'),
	(107, 2, 63, 'A11', 'Toy', '2018-08-10 07:16:04', '2019-04-08 15:33:55'),
	(108, 3, 63, 'A11', 'Đồ chơi', '2018-08-10 07:16:04', '2019-04-08 15:33:55'),
	(109, 2, 64, 'B', 'Pet Supplies', '2018-08-10 07:17:42', '2019-03-07 03:26:29'),
	(110, 3, 64, 'B', 'Đồ dùng cho thú cưng', '2018-08-10 07:17:42', '2019-03-07 03:26:29'),
	(111, 2, 65, 'B01', 'Pet clothes', '2018-08-10 07:21:34', '2019-03-07 03:25:54'),
	(112, 3, 65, 'B01', 'Quần áo thú cưng', '2018-08-10 07:21:34', '2019-03-07 03:25:54'),
	(113, 2, 66, 'B02', 'Pet toilet seat', '2018-08-10 07:21:59', '2019-03-07 03:25:21'),
	(114, 3, 66, 'B02', 'Ghế vệ sinh thú cưng', '2018-08-10 07:21:59', '2019-03-07 03:25:21'),
	(115, 2, 67, 'B03', 'Pet collar', '2018-08-10 07:22:34', '2019-03-07 03:24:54'),
	(116, 3, 67, 'B03', 'Cổ áo thú cưng', '2018-08-10 07:22:34', '2019-03-07 03:24:54'),
	(117, 2, 68, 'B04', 'Lead', '2018-08-10 07:22:59', '2019-03-07 03:24:14'),
	(118, 2, 69, 'C', 'Interior / Housing / Accessories', '2018-08-10 07:23:45', '2019-03-07 03:21:26'),
	(119, 3, 69, 'C', 'Nội thất · Nhà ở · Phụ kiện', '2018-08-10 07:23:45', '2019-03-07 03:21:26'),
	(120, 2, 70, 'C01', 'Kitchen / tableware', '2018-08-10 07:24:08', '2019-04-08 15:44:30'),
	(121, 3, 70, 'C01', 'Bếp / bộ đồ ăn', '2018-08-10 07:24:08', '2019-04-08 15:44:30'),
	(122, 2, 71, 'C02', 'Bed / mattress', '2018-08-10 07:24:33', '2019-04-08 15:45:56'),
	(123, 3, 71, 'C02', 'Giường / nệm', '2018-08-10 07:24:33', '2019-04-08 15:45:56'),
	(124, 2, 72, 'C03', 'Chair', '2018-08-10 07:24:59', '2019-04-08 15:47:30'),
	(125, 3, 72, 'C03', 'Ghế', '2018-08-10 07:24:59', '2019-04-08 15:47:30'),
	(126, 2, 73, 'C04', 'Desk / table', '2018-08-10 07:25:23', '2019-04-08 15:51:07'),
	(127, 3, 73, 'C04', 'Bàn', '2018-08-10 07:25:23', '2019-04-08 15:51:07'),
	(128, 2, 74, 'C05', 'Rug / carpet / mat', '2018-08-10 07:25:52', '2019-04-08 15:55:11'),
	(129, 3, 74, 'C05', 'Thảm', '2018-08-10 07:25:52', '2019-04-08 15:55:11'),
	(132, 2, 76, NULL, 'Magazine', '2018-08-10 07:26:52', '2019-03-07 03:19:10'),
	(133, 3, 76, NULL, 'Tạp chí', '2018-08-10 07:26:52', '2019-03-07 03:19:10'),
	(134, 2, 77, NULL, 'Book', '2018-08-10 07:27:08', '2019-03-07 03:18:48'),
	(135, 3, 77, NULL, 'Sách', '2018-08-10 07:27:08', '2019-03-07 03:18:48'),
	(136, 2, 78, NULL, 'CD', '2018-08-10 07:27:26', '2019-03-07 03:18:28'),
	(137, 3, 78, NULL, 'Băng đĩa', '2018-08-10 07:27:26', '2019-03-07 03:18:28'),
	(138, 2, 79, NULL, 'TVgames', '2018-08-10 07:27:44', '2019-03-07 03:18:09'),
	(139, 3, 79, NULL, 'Trò chơi điện tử', '2018-08-10 07:27:44', '2019-03-07 03:18:09'),
	(140, 2, 80, NULL, 'Musical instrument', '2018-08-10 07:28:01', '2019-03-07 03:17:38'),
	(141, 3, 80, NULL, 'Nhạc cụ', '2018-08-10 07:28:01', '2019-03-07 03:17:38'),
	(142, 2, 81, NULL, 'Toy/Doll', '2018-08-10 07:28:21', '2019-03-07 03:17:05'),
	(143, 3, 81, NULL, 'Đồ chơi', '2018-08-10 07:28:21', '2019-03-07 03:17:05'),
	(144, 2, 82, 'D', 'Cosmetics / Perfume /Beauty', '2018-08-10 07:28:48', '2019-03-07 03:16:22'),
	(145, 3, 82, 'D', 'Mỹ phẩm · nước hoa · sắc đẹp', '2018-08-10 07:28:48', '2019-03-07 03:16:22'),
	(146, 2, 83, 'D01', 'Beauty', '2018-08-10 07:29:15', '2019-03-07 03:15:38'),
	(147, 3, 83, 'D01', 'Mỹ phẩm', '2018-08-10 07:29:15', '2019-03-07 03:15:38'),
	(148, 2, 84, 'D02', 'Perfume', '2018-08-10 07:29:40', '2019-03-07 03:15:06'),
	(149, 2, 85, 'D03', 'Nail', '2018-08-10 07:30:03', '2019-03-07 03:14:30'),
	(150, 3, 85, 'D03', 'Sản phẩm dưỡng móng tay/chân', '2018-08-10 07:30:03', '2019-03-07 03:14:30'),
	(151, 2, 86, 'D04', 'Health supplies', '2018-08-10 07:30:20', '2019-03-07 03:13:52'),
	(152, 3, 86, 'D04', 'Thiết bị chăm sóc sức khỏe', '2018-08-10 07:30:20', '2019-03-07 03:13:52'),
	(153, 2, 87, 'D05', 'Nursing care goods', '2018-08-10 07:30:37', '2019-03-07 03:13:20'),
	(154, 3, 87, 'D05', 'Sản phẩm điều dưỡng', '2018-08-10 07:30:37', '2019-03-07 03:13:20'),
	(155, 2, 88, 'D06', 'Sanitary goods', '2018-08-10 07:31:03', '2019-03-07 03:12:24'),
	(156, 3, 88, 'D06', 'Hàng vệ sinh', '2018-08-10 07:31:03', '2019-03-07 03:12:24'),
	(157, 2, 89, 'D07', 'Diet', '2018-08-10 07:31:22', '2019-03-07 03:11:53'),
	(158, 3, 89, 'D07', 'Ăn kiêng', '2018-08-10 07:31:22', '2019-03-07 03:11:53'),
	(159, 2, 90, 'D08', 'Other', '2018-08-10 07:31:39', '2019-03-07 03:11:06'),
	(160, 3, 90, 'D08', 'Khác', '2018-08-10 07:31:39', '2019-03-07 03:11:06'),
	(161, 2, 91, 'E', 'Home electronics / Smartphone / Camera', '2018-08-10 07:32:26', '2019-03-07 03:10:00'),
	(162, 3, 91, 'E', 'Điện tử gia dụng', '2018-08-10 07:32:26', '2019-03-07 03:10:00'),
	(163, 2, 92, 'E01', 'Cellphone', '2018-08-10 07:33:10', '2019-03-07 03:09:14'),
	(164, 3, 92, 'E01', 'Điện thoại di động', '2018-08-10 07:33:10', '2019-03-07 03:09:14'),
	(169, 2, 99, 'E02', 'Accessories for smartphone', '2018-08-13 08:47:58', '2019-03-07 03:08:26'),
	(170, 3, 99, 'E02', 'Phụ kiện điện thoại', '2018-08-13 08:47:58', '2019-03-07 03:08:26'),
	(171, 2, 100, 'E03', 'PC / tablet', '2018-08-13 08:48:24', '2019-03-07 03:07:41'),
	(172, 3, 100, 'E03', 'PC / máy tính bảng', '2018-08-13 08:48:24', '2019-03-07 03:07:41'),
	(173, 2, 101, 'E04', 'Camera', '2018-08-13 08:48:48', '2019-03-07 03:06:54'),
	(174, 2, 102, 'E05', 'Other', '2018-08-13 08:49:16', '2019-03-07 03:06:15'),
	(175, 3, 102, 'E05', 'Khác', '2018-08-13 08:49:16', '2019-03-07 03:06:15'),
	(176, 2, 103, 'F', 'Food', '2018-08-13 08:49:39', '2019-03-07 03:01:56'),
	(177, 2, 104, 'F01', 'Cup Noodle', '2018-08-13 08:50:05', '2019-03-07 03:04:07'),
	(178, 2, 105, 'F05', 'Chocolate', '2018-08-13 08:50:34', '2019-03-07 03:03:39'),
	(179, 2, 106, 'F03', 'Sweets', '2018-08-13 08:51:06', '2019-03-07 03:03:04'),
	(180, 2, 107, 'F04', 'Drink', '2018-08-23 02:17:59', '2019-03-07 03:02:34'),
	(181, 3, 107, 'F04', 'Đồ uống', '2018-08-23 02:17:59', '2019-03-07 03:02:34'),
	(182, 3, 103, 'F', 'Mặt hàng tiêu dùng - Thực phẩm', '2019-03-07 02:58:39', '2019-03-07 03:01:56'),
	(183, 2, 110, 'F06', 'Rice', '2019-03-07 03:00:50', '2019-03-07 03:00:50'),
	(184, 3, 110, 'F06', 'Gạo', '2019-03-07 03:00:50', '2019-03-07 03:00:50'),
	(185, 2, 109, 'F05', 'Bread', '2019-03-07 03:01:35', '2019-03-07 03:01:35'),
	(186, 3, 109, 'F05', 'Bánh mì', '2019-03-07 03:01:35', '2019-03-07 03:01:35'),
	(187, 3, 106, 'F03', 'Kẹo', '2019-03-07 03:03:04', '2019-03-07 03:03:04'),
	(188, 3, 105, 'F03', 'Sô cô la', '2019-03-07 03:03:39', '2019-03-07 03:03:39'),
	(189, 3, 104, 'F01', 'Mì ly', '2019-03-07 03:04:07', '2019-03-07 03:04:07'),
	(190, 2, 111, 'F07', 'Mi test en', '2019-03-07 03:05:26', '2019-04-08 20:34:23'),
	(191, 3, 111, 'F07', 'mi test vi', '2019-03-07 03:05:26', '2019-04-08 20:34:23'),
	(192, 3, 101, 'E04', 'Máy ảnh', '2019-03-07 03:06:54', '2019-03-07 03:06:54'),
	(193, 3, 84, 'D02', 'Nước hoa', '2019-03-07 03:15:06', '2019-03-07 03:15:06'),
	(194, 2, 112, NULL, 'Other', '2019-03-07 03:20:07', '2019-03-07 03:20:07'),
	(195, 3, 112, NULL, 'Khác', '2019-03-07 03:20:07', '2019-03-07 03:20:07'),
	(196, 3, 68, 'B04', 'Dây Chuyền', '2019-03-07 03:24:14', '2019-03-07 03:24:14'),
	(197, 2, 113, 'B05', 'Other', '2019-03-07 03:26:48', '2019-03-07 03:26:48'),
	(198, 3, 113, 'B05', 'Khác', '2019-03-07 03:26:48', '2019-03-07 03:26:48'),
	(199, 3, 56, 'A06', 'Phụ kiện cho trẻ em', '2019-03-07 03:29:21', '2019-03-07 03:29:21'),
	(202, 3, 52, 'A02', 'Quần áo trẻ em (cho bé trai)～95cm', '2019-03-07 22:29:03', '2019-04-08 15:16:47'),
	(203, 3, 51, 'A01', 'Quần áo trẻ em (cho bé gái)～95cm', '2019-03-07 22:29:38', '2019-04-08 15:14:11'),
	(204, 2, 114, 'E06', 'AI Speaker', '2019-04-08 09:50:46', '2019-04-08 09:50:46'),
	(205, 3, 114, 'E06', 'Loa AI', '2019-04-08 09:50:46', '2019-04-08 09:50:46'),
	(246, 2, 136, 'A12', 'Other', '2019-04-08 15:35:00', '2019-04-08 15:35:00'),
	(247, 3, 136, 'A12', 'Khác', '2019-04-08 15:35:00', '2019-04-08 15:35:00'),
	(248, 2, 137, 'C06', 'Curtain / blind', '2019-04-08 15:56:17', '2019-04-08 15:56:17'),
	(249, 3, 137, 'C06', 'Rèm', '2019-04-08 15:56:17', '2019-04-08 15:56:17'),
	(250, 2, 138, 'C07', 'Light / Lighting', '2019-04-08 15:57:25', '2019-04-08 15:57:25'),
	(251, 3, 138, 'C07', 'Ánh sáng', '2019-04-08 15:57:25', '2019-04-08 15:57:25'),
	(252, 2, 139, 'C08', 'Other', '2019-04-08 15:59:07', '2019-04-08 15:59:07'),
	(253, 3, 139, 'C08', 'Khác', '2019-04-08 15:59:07', '2019-04-08 15:59:07'),
	(254, 2, 140, 'G', 'Books, Music, Games', '2019-04-08 16:02:45', '2019-04-08 16:02:45'),
	(255, 3, 140, 'G', 'Sách, Âm nhạc, Trò chơi', '2019-04-08 16:02:45', '2019-04-08 16:02:45'),
	(256, 2, 141, 'G01', 'Book', '2019-04-08 16:03:43', '2019-04-08 16:03:43'),
	(257, 3, 141, 'G01', 'Sách', '2019-04-08 16:03:43', '2019-04-08 16:03:43'),
	(258, 2, 142, 'G02', 'Magazine', '2019-04-08 16:04:35', '2019-04-08 16:04:35'),
	(259, 3, 142, 'G02', 'Tạp Chí', '2019-04-08 16:04:35', '2019-04-08 16:04:35'),
	(260, 2, 143, 'G03', 'Comic', '2019-04-08 16:11:55', '2019-04-08 16:11:55'),
	(261, 3, 143, 'G03', 'Truyện tranh', '2019-04-08 16:11:55', '2019-04-08 16:11:55'),
	(262, 2, 144, 'G04', 'CD', '2019-04-08 16:12:46', '2019-04-08 16:12:46'),
	(263, 3, 144, 'G04', 'CD', '2019-04-08 16:12:46', '2019-04-08 16:12:46'),
	(264, 2, 145, 'G05', 'DVD', '2019-04-08 16:13:12', '2019-04-08 16:13:12'),
	(265, 3, 145, 'G05', 'DVD', '2019-04-08 16:13:12', '2019-04-08 16:13:12'),
	(266, 2, 146, 'G06', 'record', '2019-04-08 16:14:18', '2019-04-08 16:14:18'),
	(267, 3, 146, 'G06', 'Hồ Sơ', '2019-04-08 16:14:18', '2019-04-08 16:14:18'),
	(268, 2, 147, 'G07', 'Video games', '2019-04-08 16:16:21', '2019-04-08 16:16:35'),
	(269, 3, 147, 'G07', 'Trò chơi điện tử', '2019-04-08 16:16:21', '2019-04-08 16:16:35'),
	(270, 2, 148, 'G08', 'Other', '2019-04-08 16:22:31', '2019-04-08 16:22:31'),
	(271, 3, 148, 'G08', 'Khác', '2019-04-08 16:22:31', '2019-04-08 16:22:31'),
	(272, 2, 149, 'H', 'Favorite items', '2019-04-08 16:27:10', '2019-04-08 16:27:10'),
	(273, 3, 149, 'H', 'Mục yêu thích', '2019-04-08 16:27:10', '2019-04-08 16:27:10'),
	(274, 2, 150, 'H01', 'alcohol', '2019-04-08 16:32:50', '2019-04-08 16:32:50'),
	(275, 3, 150, 'H01', 'Rượu/Bia', '2019-04-08 16:32:50', '2019-04-08 16:32:50'),
	(276, 2, 151, 'H02', 'Tobacco', '2019-04-08 16:34:04', '2019-04-08 16:34:46'),
	(277, 3, 151, 'H02', 'Thuốc lá', '2019-04-08 16:34:04', '2019-04-08 16:34:46'),
	(278, 2, 152, 'H03', 'Other', '2019-04-08 16:34:35', '2019-04-08 16:34:35'),
	(279, 3, 152, 'H03', 'Khác', '2019-04-08 16:34:35', '2019-04-08 16:34:35'),
	(396, 2, 272, 'I', 'a_', '2019-09-10 10:12:52', '2019-09-10 10:12:52'),
	(397, 3, 272, 'I', 'a_', '2019-09-10 10:12:52', '2019-09-10 10:12:52'),
	(400, 2, 274, 'J', 'b', '2019-09-10 10:18:14', '2019-09-10 10:18:14'),
	(401, 3, 274, 'J', 'b', '2019-09-10 10:18:14', '2019-09-10 10:18:14'),
	(402, 2, 275, 'K', 'c', '2019-09-10 10:18:22', '2019-09-10 10:18:22'),
	(403, 3, 275, 'K', 'c', '2019-09-10 10:18:22', '2019-09-10 10:18:22'),
	(404, 2, 276, 'I01', 'a3', '2019-09-10 10:19:05', '2019-09-10 10:19:05'),
	(405, 3, 276, 'I01', 'a4', '2019-09-10 10:19:05', '2019-09-10 10:19:05'),
	(408, 2, 278, 'L', 'van phong en', '2019-09-10 13:49:41', '2019-09-10 13:49:41'),
	(409, 3, 278, 'L', 'van phong vi', '2019-09-10 13:49:41', '2019-09-10 13:49:41'),
	(410, 2, 279, 'L01', 'ghe en', '2019-09-10 13:50:03', '2019-09-10 13:50:03'),
	(411, 3, 279, 'L01', 'ghe vi', '2019-09-10 13:50:03', '2019-09-10 13:50:03'),
	(412, 2, 280, 'N0101', 'ghe dua en1', '2019-09-10 13:50:34', '2019-09-10 13:50:34'),
	(413, 3, 280, 'N0101', 'ghe nhua vi1', '2019-09-10 13:50:34', '2019-09-10 13:50:34'),
	(414, 2, 281, 'M', 'd', '2019-09-10 14:52:54', '2019-09-10 14:52:54'),
	(415, 3, 281, 'M', 'd', '2019-09-10 14:52:54', '2019-09-10 14:52:54'),
	(416, 2, 282, 'N', 'emien_1', '2019-09-10 15:14:27', '2019-09-10 15:14:27'),
	(417, 3, 282, 'N', 'emivn', '2019-09-10 15:14:27', '2019-09-10 15:14:27'),
	(418, 2, 283, 'N01', 'eeen', '2019-09-10 15:16:04', '2019-09-10 15:16:04'),
	(419, 3, 283, 'N01', 'eevn', '2019-09-10 15:16:04', '2019-09-10 15:16:04'),
	(422, 2, 285, 'O', 'new', '2019-09-10 16:25:25', '2019-09-10 16:25:25'),
	(423, 3, 285, 'O', 'new', '2019-09-10 16:25:25', '2019-09-10 16:25:25'),
	(424, 2, 286, 'I02', 'new1mi_aaa', '2019-09-10 16:25:47', '2019-09-10 16:25:47'),
	(425, 3, 286, 'I02', 'new1mi_aaa', '2019-09-10 16:25:47', '2019-09-10 16:25:47'),
	(426, 2, 287, 'I0101', 'new22', '2019-09-10 16:26:27', '2019-09-10 16:26:27'),
	(427, 3, 287, 'I0101', 'new22', '2019-09-10 16:26:27', '2019-09-10 16:26:27'),
	(428, 2, 288, 'P', 'new newdasfasd', '2019-09-11 11:59:22', '2019-09-11 11:59:22'),
	(429, 3, 288, 'P', 'new new newsdfasd', '2019-09-11 11:59:22', '2019-09-11 11:59:22'),
	(430, 2, 289, 'Q', 'yen', '2019-09-11 11:59:37', '2019-09-11 11:59:37'),
	(431, 3, 289, 'Q', 'yen', '2019-09-11 11:59:37', '2019-09-11 11:59:37'),
	(432, 2, 290, 'R', 'ben tre en', '2019-09-11 12:51:37', '2019-09-11 12:51:37'),
	(433, 3, 290, 'R', 'ben tre vn', '2019-09-11 12:51:37', '2019-09-11 12:51:37'),
	(434, 2, 291, NULL, 'gia dinh my en', '2019-09-11 12:52:11', '2019-09-11 12:52:11'),
	(435, 3, 291, NULL, 'gia dinh my vn', '2019-09-11 12:52:11', '2019-09-11 12:52:11'),
	(436, 2, 292, NULL, 'my', '2019-09-11 13:05:15', '2019-09-11 13:05:15'),
	(437, 3, 292, NULL, 'my', '2019-09-11 13:05:15', '2019-09-11 13:05:15'),
	(482, 2, 399, 'S', 'matirial', '2019-09-12 11:57:51', '2019-09-12 11:57:51'),
	(483, 3, 399, 'S', 'vat lieu vi', '2019-09-12 11:57:51', '2019-09-12 11:57:51'),
	(484, 2, 400, 'T', 'food en', '2019-09-12 11:57:52', '2019-09-16 09:29:41'),
	(485, 3, 400, 'T', 'thuc pham vi', '2019-09-12 11:57:52', '2019-09-12 11:57:52'),
	(486, 2, 401, 'U', 'famile ', '2019-09-12 11:57:52', '2019-09-12 11:57:52'),
	(487, 3, 401, 'U', 'gia dinh vi', '2019-09-12 11:57:52', '2019-09-12 11:57:52'),
	(488, 2, 402, 'T02', 'animal', '2019-09-12 11:59:56', '2019-09-12 11:59:56'),
	(489, 3, 402, 'T02', 'dong vatvi', '2019-09-12 11:59:56', '2019-09-12 11:59:56'),
	(490, 2, 403, 'S01', 'vege 1', '2019-09-12 11:59:56', '2019-09-16 09:35:08'),
	(491, 3, 403, 'S01', 'thuc vat vi 1', '2019-09-12 11:59:56', '2019-09-16 09:35:18'),
	(496, 2, 406, 'U02', 'gia dinh meo en', '2019-09-12 13:54:04', '2019-09-12 13:54:04'),
	(497, 3, 406, 'U02', 'gia dinh meo vi', '2019-09-12 13:54:04', '2019-09-12 13:54:04'),
	(498, 2, 407, 'T02', 'gia dinh a en', '2019-09-12 13:54:39', '2019-09-12 13:54:39'),
	(499, 3, 407, 'T02', 'gia dinh a vi', '2019-09-12 13:54:39', '2019-09-12 13:54:39'),
	(512, 2, 414, 'T0201', 'yen yen', '2019-09-12 14:09:27', '2019-09-12 14:09:27'),
	(513, 3, 414, 'T0201', 'yen yen', '2019-09-12 14:09:27', '2019-09-12 14:09:27'),
	(516, 2, 416, 'T0101', 'meo', '2019-09-12 14:09:58', '2019-09-12 14:09:58'),
	(517, 3, 416, 'T0101', 'meo', '2019-09-12 14:09:58', '2019-09-12 14:09:58'),
	(518, 2, 417, 'T0202', 'gda', '2019-09-12 14:10:19', '2019-09-12 14:10:19'),
	(519, 3, 417, 'T0202', 'gda', '2019-09-12 14:10:19', '2019-09-12 14:10:19'),
	(522, 2, 419, 'U0201', 'meo2', '2019-09-12 14:11:41', '2019-09-12 14:11:41'),
	(523, 3, 419, 'U0201', 'meo2', '2019-09-12 14:11:41', '2019-09-12 14:11:41'),
	(524, 2, 420, 'U0202', 'meo33', '2019-09-12 14:11:54', '2019-09-16 16:57:20'),
	(525, 3, 420, 'U0202', 'meo33', '2019-09-12 14:11:54', '2019-09-16 16:57:20'),
	(526, 2, 421, 'U0203', 'meo4', '2019-09-12 14:12:06', '2019-09-12 14:12:06'),
	(527, 3, 421, 'U0203', 'meo4', '2019-09-12 14:12:06', '2019-09-12 14:12:06'),
	(528, 2, 422, 'U0204', 'meo5', '2019-09-12 14:12:22', '2019-09-12 14:12:22'),
	(529, 3, 422, 'U0204', 'meo5', '2019-09-12 14:12:22', '2019-09-12 14:12:22'),
	(530, 2, 423, 'U0205', 'meo6', '2019-09-12 14:12:34', '2019-09-12 14:12:34'),
	(531, 3, 423, 'U0205', 'meo6', '2019-09-12 14:12:34', '2019-09-12 14:12:34'),
	(532, 2, 424, 'V', 'we', '2019-09-12 16:13:55', '2019-09-12 16:13:55'),
	(533, 3, 424, 'V', 'we', '2019-09-12 16:13:55', '2019-09-12 16:13:55'),
	(568, 2, 444, 'U03', 'yen family', '2019-09-30 10:37:47', '2019-09-30 10:37:47'),
	(569, 3, 444, 'U03', 'yen fami', '2019-09-30 10:37:47', '2019-09-30 10:37:47'),
	(570, 2, 445, 'W', 'none', '2019-09-30 10:49:29', '2019-09-30 10:49:29'),
	(571, 3, 445, 'W', 'khong', '2019-09-30 10:49:29', '2019-09-30 10:49:29'),
	(572, 2, 446, 'S01', 'en 1', NULL, NULL),
	(573, 3, 446, 'S01', 'vn 1', NULL, NULL),
	(574, 2, 451, 'S0101', 'en 11', NULL, NULL),
	(575, 3, 451, 'S0101', 'vn 11', NULL, NULL),
	(576, 2, 452, 'S0102', 'en 12', NULL, NULL),
	(577, 3, 452, 'S0102', 'vn 12', NULL, NULL);
/*!40000 ALTER TABLE `category_title_copy` ENABLE KEYS */;

-- Dumping structure for table hakobiya_03.country
CREATE TABLE IF NOT EXISTS `country` (
  `id` bigint(20) unsigned NOT NULL AUTO_INCREMENT,
  `code` varchar(255) COLLATE utf8mb4_unicode_ci NOT NULL,
  `name_country` varchar(255) COLLATE utf8mb4_unicode_ci DEFAULT NULL,
  PRIMARY KEY (`id`),
  KEY `id` (`id`),
  KEY `id_2` (`id`)
) ENGINE=MyISAM AUTO_INCREMENT=247 DEFAULT CHARSET=utf8mb4 COLLATE=utf8mb4_unicode_ci;

-- Dumping data for table hakobiya_03.country: 246 rows
/*!40000 ALTER TABLE `country` DISABLE KEYS */;
INSERT INTO `country` (`id`, `code`, `name_country`) VALUES
	(1, 'AF', 'Afghanistan'),
	(2, 'AL', 'Albania'),
	(3, 'DZ', 'Algeria'),
	(4, 'DS', 'American Samoa'),
	(5, 'AD', 'Andorra'),
	(6, 'AO', 'Angola'),
	(7, 'AI', 'Anguilla'),
	(8, 'AQ', 'Antarctica'),
	(9, 'AG', 'Antigua and Barbuda'),
	(10, 'AR', 'Argentina'),
	(11, 'AM', 'Armenia'),
	(12, 'AW', 'Aruba'),
	(13, 'AU', 'Australia'),
	(14, 'AT', 'Austria'),
	(15, 'AZ', 'Azerbaijan'),
	(16, 'BS', 'Bahamas'),
	(17, 'BH', 'Bahrain'),
	(18, 'BD', 'Bangladesh'),
	(19, 'BB', 'Barbados'),
	(20, 'BY', 'Belarus'),
	(21, 'BE', 'Belgium'),
	(22, 'BZ', 'Belize'),
	(23, 'BJ', 'Benin'),
	(24, 'BM', 'Bermuda'),
	(25, 'BT', 'Bhutan'),
	(26, 'BO', 'Bolivia'),
	(27, 'BA', 'Bosnia and Herzegovina'),
	(28, 'BW', 'Botswana'),
	(29, 'BV', 'Bouvet Island'),
	(30, 'BR', 'Brazil'),
	(31, 'IO', 'British Indian Ocean Territory'),
	(32, 'BN', 'Brunei Darussalam'),
	(33, 'BG', 'Bulgaria'),
	(34, 'BF', 'Burkina Faso'),
	(35, 'BI', 'Burundi'),
	(36, 'KH', 'Cambodia'),
	(37, 'CM', 'Cameroon'),
	(38, 'CA', 'Canada'),
	(39, 'CV', 'Cape Verde'),
	(40, 'KY', 'Cayman Islands'),
	(41, 'CF', 'Central African Republic'),
	(42, 'TD', 'Chad'),
	(43, 'CL', 'Chile'),
	(44, 'CN', 'China'),
	(45, 'CX', 'Christmas Island'),
	(46, 'CC', 'Cocos (Keeling) Islands'),
	(47, 'CO', 'Colombia'),
	(48, 'KM', 'Comoros'),
	(49, 'CG', 'Congo'),
	(50, 'CK', 'Cook Islands'),
	(51, 'CR', 'Costa Rica'),
	(52, 'HR', 'Croatia (Hrvatska)'),
	(53, 'CU', 'Cuba'),
	(54, 'CY', 'Cyprus'),
	(55, 'CZ', 'Czech Republic'),
	(56, 'DK', 'Denmark'),
	(57, 'DJ', 'Djibouti'),
	(58, 'DM', 'Dominica'),
	(59, 'DO', 'Dominican Republic'),
	(60, 'TP', 'East Timor'),
	(61, 'EC', 'Ecuador'),
	(62, 'EG', 'Egypt'),
	(63, 'SV', 'El Salvador'),
	(64, 'GQ', 'Equatorial Guinea'),
	(65, 'ER', 'Eritrea'),
	(66, 'EE', 'Estonia'),
	(67, 'ET', 'Ethiopia'),
	(68, 'FK', 'Falkland Islands (Malvinas)'),
	(69, 'FO', 'Faroe Islands'),
	(70, 'FJ', 'Fiji'),
	(71, 'FI', 'Finland'),
	(72, 'FR', 'France'),
	(73, 'FX', 'France, Metropolitan'),
	(74, 'GF', 'French Guiana'),
	(75, 'PF', 'French Polynesia'),
	(76, 'TF', 'French Southern Territories'),
	(77, 'GA', 'Gabon'),
	(78, 'GM', 'Gambia'),
	(79, 'GE', 'Georgia'),
	(80, 'DE', 'Germany'),
	(81, 'GH', 'Ghana'),
	(82, 'GI', 'Gibraltar'),
	(83, 'GK', 'Guernsey'),
	(84, 'GR', 'Greece'),
	(85, 'GL', 'Greenland'),
	(86, 'GD', 'Grenada'),
	(87, 'GP', 'Guadeloupe'),
	(88, 'GU', 'Guam'),
	(89, 'GT', 'Guatemala'),
	(90, 'GN', 'Guinea'),
	(91, 'GW', 'Guinea-Bissau'),
	(92, 'GY', 'Guyana'),
	(93, 'HT', 'Haiti'),
	(94, 'HM', 'Heard and Mc Donald Islands'),
	(95, 'HN', 'Honduras'),
	(96, 'HK', 'Hong Kong'),
	(97, 'HU', 'Hungary'),
	(98, 'IS', 'Iceland'),
	(99, 'IN', 'India'),
	(100, 'IM', 'Isle of Man'),
	(101, 'ID', 'Indonesia'),
	(102, 'IR', 'Iran (Islamic Republic of)'),
	(103, 'IQ', 'Iraq'),
	(104, 'IE', 'Ireland'),
	(105, 'IL', 'Israel'),
	(106, 'IT', 'Italy'),
	(107, 'CI', 'Ivory Coast'),
	(108, 'JE', 'Jersey'),
	(109, 'JM', 'Jamaica'),
	(110, 'JP', 'Japan'),
	(111, 'JO', 'Jordan'),
	(112, 'KZ', 'Kazakhstan'),
	(113, 'KE', 'Kenya'),
	(114, 'KI', 'Kiribati'),
	(115, 'KP', 'Korea, Democratic People\'s Republic of'),
	(116, 'KR', 'Korea, Republic of'),
	(117, 'XK', 'Kosovo'),
	(118, 'KW', 'Kuwait'),
	(119, 'KG', 'Kyrgyzstan'),
	(120, 'LA', 'Lao People\'s Democratic Republic'),
	(121, 'LV', 'Latvia'),
	(122, 'LB', 'Lebanon'),
	(123, 'LS', 'Lesotho'),
	(124, 'LR', 'Liberia'),
	(125, 'LY', 'Libyan Arab Jamahiriya'),
	(126, 'LI', 'Liechtenstein'),
	(127, 'LT', 'Lithuania'),
	(128, 'LU', 'Luxembourg'),
	(129, 'MO', 'Macau'),
	(130, 'MK', 'Macedonia'),
	(131, 'MG', 'Madagascar'),
	(132, 'MW', 'Malawi'),
	(133, 'MY', 'Malaysia'),
	(134, 'MV', 'Maldives'),
	(135, 'ML', 'Mali'),
	(136, 'MT', 'Malta'),
	(137, 'MH', 'Marshall Islands'),
	(138, 'MQ', 'Martinique'),
	(139, 'MR', 'Mauritania'),
	(140, 'MU', 'Mauritius'),
	(141, 'TY', 'Mayotte'),
	(142, 'MX', 'Mexico'),
	(143, 'FM', 'Micronesia, Federated States of'),
	(144, 'MD', 'Moldova, Republic of'),
	(145, 'MC', 'Monaco'),
	(146, 'MN', 'Mongolia'),
	(147, 'ME', 'Montenegro'),
	(148, 'MS', 'Montserrat'),
	(149, 'MA', 'Morocco'),
	(150, 'MZ', 'Mozambique'),
	(151, 'MM', 'Myanmar'),
	(152, 'NA', 'Namibia'),
	(153, 'NR', 'Nauru'),
	(154, 'NP', 'Nepal'),
	(155, 'NL', 'Netherlands'),
	(156, 'AN', 'Netherlands Antilles'),
	(157, 'NC', 'New Caledonia'),
	(158, 'NZ', 'New Zealand'),
	(159, 'NI', 'Nicaragua'),
	(160, 'NE', 'Niger'),
	(161, 'NG', 'Nigeria'),
	(162, 'NU', 'Niue'),
	(163, 'NF', 'Norfolk Island'),
	(164, 'MP', 'Northern Mariana Islands'),
	(165, 'NO', 'Norway'),
	(166, 'OM', 'Oman'),
	(167, 'PK', 'Pakistan'),
	(168, 'PW', 'Palau'),
	(169, 'PS', 'Palestine'),
	(170, 'PA', 'Panama'),
	(171, 'PG', 'Papua New Guinea'),
	(172, 'PY', 'Paraguay'),
	(173, 'PE', 'Peru'),
	(174, 'PH', 'Philippines'),
	(175, 'PN', 'Pitcairn'),
	(176, 'PL', 'Poland'),
	(177, 'PT', 'Portugal'),
	(178, 'PR', 'Puerto Rico'),
	(179, 'QA', 'Qatar'),
	(180, 'RE', 'Reunion'),
	(181, 'RO', 'Romania'),
	(182, 'RU', 'Russian Federation'),
	(183, 'RW', 'Rwanda'),
	(184, 'KN', 'Saint Kitts and Nevis'),
	(185, 'LC', 'Saint Lucia'),
	(186, 'VC', 'Saint Vincent and the Grenadines'),
	(187, 'WS', 'Samoa'),
	(188, 'SM', 'San Marino'),
	(189, 'ST', 'Sao Tome and Principe'),
	(190, 'SA', 'Saudi Arabia'),
	(191, 'SN', 'Senegal'),
	(192, 'RS', 'Serbia'),
	(193, 'SC', 'Seychelles'),
	(194, 'SL', 'Sierra Leone'),
	(195, 'SG', 'Singapore'),
	(196, 'SK', 'Slovakia'),
	(197, 'SI', 'Slovenia'),
	(198, 'SB', 'Solomon Islands'),
	(199, 'SO', 'Somalia'),
	(200, 'ZA', 'South Africa'),
	(201, 'SS', 'South Sudan'),
	(202, 'GS', 'South Georgia South Sandwich Islands'),
	(203, 'ES', 'Spain'),
	(204, 'LK', 'Sri Lanka'),
	(205, 'SH', 'St. Helena'),
	(206, 'PM', 'St. Pierre and Miquelon'),
	(207, 'SD', 'Sudan'),
	(208, 'SR', 'Suriname'),
	(209, 'SJ', 'Svalbard and Jan Mayen Islands'),
	(210, 'SZ', 'Swaziland'),
	(211, 'SE', 'Sweden'),
	(212, 'CH', 'Switzerland'),
	(213, 'SY', 'Syrian Arab Republic'),
	(214, 'TW', 'Taiwan'),
	(215, 'TJ', 'Tajikistan'),
	(216, 'TZ', 'Tanzania, United Republic of'),
	(217, 'TH', 'Thailand'),
	(218, 'TG', 'Togo'),
	(219, 'TK', 'Tokelau'),
	(220, 'TO', 'Tonga'),
	(221, 'TT', 'Trinidad and Tobago'),
	(222, 'TN', 'Tunisia'),
	(223, 'TR', 'Turkey'),
	(224, 'TM', 'Turkmenistan'),
	(225, 'TC', 'Turks and Caicos Islands'),
	(226, 'TV', 'Tuvalu'),
	(227, 'UG', 'Uganda'),
	(228, 'UA', 'Ukraine'),
	(229, 'AE', 'United Arab Emirates'),
	(230, 'GB', 'United Kingdom'),
	(231, 'US', 'United States'),
	(232, 'UM', 'United States minor outlying islands'),
	(233, 'UY', 'Uruguay'),
	(234, 'UZ', 'Uzbekistan'),
	(235, 'VU', 'Vanuatu'),
	(236, 'VA', 'Vatican City State'),
	(237, 'VE', 'Venezuela'),
	(238, 'VN', 'Vietnam'),
	(239, 'VG', 'Virgin Islands (British)'),
	(240, 'VI', 'Virgin Islands (U.S.)'),
	(241, 'WF', 'Wallis and Futuna Islands'),
	(242, 'EH', 'Western Sahara'),
	(243, 'YE', 'Yemen'),
	(244, 'ZR', 'Zaire'),
	(245, 'ZM', 'Zambia'),
	(246, 'ZW', 'Zimbabwe');
/*!40000 ALTER TABLE `country` ENABLE KEYS */;

-- Dumping structure for table hakobiya_03.fee
CREATE TABLE IF NOT EXISTS `fee` (
  `fee_id` int(11) NOT NULL,
  `fee_ratio` float NOT NULL DEFAULT '0' COMMENT 'tỷ lệ %',
  `fee_fixed` int(11) NOT NULL DEFAULT '0' COMMENT 'phí cố định',
  `created_at` timestamp NOT NULL DEFAULT CURRENT_TIMESTAMP,
  `updated_at` timestamp NULL DEFAULT NULL,
  `domestic_fee` float NOT NULL DEFAULT '0',
  `foreign_fee` float NOT NULL DEFAULT '0',
  `domestic_fix` int(11) NOT NULL DEFAULT '0',
  `foreign_fix` int(11) NOT NULL DEFAULT '0',
  `commission_fee` float NOT NULL DEFAULT '0',
  `commission_fix` int(11) NOT NULL DEFAULT '0',
  PRIMARY KEY (`fee_id`)
) ENGINE=MyISAM DEFAULT CHARSET=utf8mb4 COLLATE=utf8mb4_unicode_ci;

-- Dumping data for table hakobiya_03.fee: 1 rows
/*!40000 ALTER TABLE `fee` DISABLE KEYS */;
INSERT INTO `fee` (`fee_id`, `fee_ratio`, `fee_fixed`, `created_at`, `updated_at`, `domestic_fee`, `foreign_fee`, `domestic_fix`, `foreign_fix`, `commission_fee`, `commission_fix`) VALUES
	(1, 12.5, 80, '2018-07-31 06:42:51', NULL, 4.5, 2.5, 60, 70, 3.6, 30);
/*!40000 ALTER TABLE `fee` ENABLE KEYS */;

-- Dumping structure for table hakobiya_03.group_permission
CREATE TABLE IF NOT EXISTS `group_permission` (
  `id` int(4) unsigned NOT NULL AUTO_INCREMENT,
  `name` varchar(255) COLLATE utf8mb4_unicode_ci NOT NULL,
  `permission` text COLLATE utf8mb4_unicode_ci NOT NULL,
  PRIMARY KEY (`id`)
) ENGINE=MyISAM AUTO_INCREMENT=7 DEFAULT CHARSET=utf8mb4 COLLATE=utf8mb4_unicode_ci;

-- Dumping data for table hakobiya_03.group_permission: 6 rows
/*!40000 ALTER TABLE `group_permission` DISABLE KEYS */;
INSERT INTO `group_permission` (`id`, `name`, `permission`) VALUES
	(1, 'Master', '{"user":["View","Add","Edit","Delete"],"product":["View","Add","Edit","Delete"],"category":["View","Add","Edit","Delete"],"mail":["View","Add","Edit","Delete"],"banner":["View","Add","Edit","Delete"],"airport":["View","Add","Edit","Delete"],"report":["View","Add","Edit","Delete"],"listuser":["View","Add","Edit","Delete"],"popup":["View","Add","Edit","Delete"],"confirmation":["View","Add","Edit","Delete"],"system":["View","Add","Edit","Delete"],"withdraw":["View","Add","Edit","Delete"],"staffmanagement":["View","Add","Edit","Delete"]}'),
	(2, 'User Management', '{"user":["View","Add","Edit","Delete"],"product":["View"]}'),
	(3, 'Product Management', '{"product":["View","Add","Edit","Delete"],"category":["View","Add","Edit","Delete"],"user":["View"]}'),
	(4, 'Money Management', '{"user":["View"]}'),
	(5, 'Notification Management', '{"mail":["View","Edit","Add","Delete"],"banner":["View","Add","Edit","Delete"],"airport":["View","Add","Edit","Delete"]}'),
	(6, 'Report Management', '{"report":["View","Add","Delete","Edit"]}');
/*!40000 ALTER TABLE `group_permission` ENABLE KEYS */;

-- Dumping structure for table hakobiya_03.language
CREATE TABLE IF NOT EXISTS `language` (
  `language_id` int(10) unsigned NOT NULL AUTO_INCREMENT,
  `language_code` varchar(5) CHARACTER SET utf8 DEFAULT NULL,
  `language_name` varchar(255) COLLATE utf8mb4_unicode_ci NOT NULL,
  `language_jp_name` varchar(255) CHARACTER SET utf8 NOT NULL DEFAULT '',
  `language_money` varchar(20) CHARACTER SET utf8 NOT NULL DEFAULT '' COMMENT 'đơn vị tiền tệ',
  `language_status` tinyint(4) NOT NULL,
  `created_at` timestamp NULL DEFAULT NULL,
  `updated_at` timestamp NULL DEFAULT NULL,
  PRIMARY KEY (`language_id`)
) ENGINE=InnoDB AUTO_INCREMENT=4 DEFAULT CHARSET=utf8mb4 COLLATE=utf8mb4_unicode_ci;

-- Dumping data for table hakobiya_03.language: ~3 rows (approximately)
/*!40000 ALTER TABLE `language` DISABLE KEYS */;
INSERT INTO `language` (`language_id`, `language_code`, `language_name`, `language_jp_name`, `language_money`, `language_status`, `created_at`, `updated_at`) VALUES
	(1, 'ja', '日本語', '日本語', '', 1, '2018-06-17 15:00:00', '2018-06-17 15:00:00'),
	(2, 'en', 'English', '英語', '', 1, '2018-06-17 15:00:00', '2018-06-17 15:00:00'),
	(3, 'vi', 'Tiếng Việt', 'ベトナム', '', 1, '2018-06-17 15:00:00', '2018-06-17 15:00:00');
/*!40000 ALTER TABLE `language` ENABLE KEYS */;

-- Dumping structure for table hakobiya_03.mail
CREATE TABLE IF NOT EXISTS `mail` (
  `mail_id` int(10) unsigned NOT NULL AUTO_INCREMENT,
  `name_mail` varchar(60) NOT NULL,
  `content_vn` text CHARACTER SET utf8mb4 COLLATE utf8mb4_unicode_ci NOT NULL,
  `content_jp` text CHARACTER SET utf8mb4 COLLATE utf8mb4_unicode_ci NOT NULL,
  `content_en` text CHARACTER SET utf8mb4 COLLATE utf8mb4_unicode_ci NOT NULL,
  `updated_at` timestamp NOT NULL DEFAULT CURRENT_TIMESTAMP ON UPDATE CURRENT_TIMESTAMP,
  `created_at` timestamp NULL DEFAULT NULL,
  `type` tinyint(4) NOT NULL,
  PRIMARY KEY (`mail_id`)
) ENGINE=InnoDB AUTO_INCREMENT=10 DEFAULT CHARSET=utf8;

-- Dumping data for table hakobiya_03.mail: ~9 rows (approximately)
/*!40000 ALTER TABLE `mail` DISABLE KEYS */;
INSERT INTO `mail` (`mail_id`, `name_mail`, `content_vn`, `content_jp`, `content_en`, `updated_at`, `created_at`, `type`) VALUES
	(1, '登録', '<p>Xin ch&agrave;o {$name}</p>\r\n\r\n<p>HAKOBIYA Cảm ơn bạn đ&atilde; đăng k&yacute; l&agrave;m th&agrave;nh vi&ecirc;n mới. Đ&acirc;y l&agrave; t&igrave;nh trạng đăng k&yacute; tạm thời.</p>\r\n\r\n<p>&nbsp;</p>\r\n\r\n<p>M&atilde; x&aacute;c thực: <strong>{$content}</strong></p>\r\n\r\n<p>&nbsp;</p>', '<p>Xin ch&agrave;o {$name}</p>\r\n\r\n<p>HAKOBIYA Cảm ơn bạn đ&atilde; đăng k&yacute; l&agrave;m th&agrave;nh vi&ecirc;n mới. Đ&acirc;y l&agrave; t&igrave;nh trạng đăng k&yacute; tạm thời.</p>\r\n\r\n<p>&nbsp;</p>\r\n\r\n<p>M&atilde; x&aacute;c thực: <strong>{$content}</strong></p>\r\n\r\n<p>&nbsp;</p>\r\n\r\n<p>&nbsp;</p>\r\n\r\n<p>Vui l&ograve;ng nhập m&atilde; ở tr&ecirc;n v&agrave;o trường của m&agrave;n h&igrave;nh thay đổi mật khẩu ứng dụng v&agrave; ho&agrave;n tất quy tr&igrave;nh thay đổi.</p>\r\n\r\n<p>&nbsp;</p>\r\n\r\n<p>* Nếu quy tr&igrave;nh kh&ocirc;ng được ho&agrave;n th&agrave;nh trong v&ograve;ng 30 ph&uacute;t, đoạn m&atilde; tr&ecirc;n sẽ kh&ocirc;ng hợp lệ. Trong trường hợp đ&oacute;, xin vui l&ograve;ng tiến h&agrave;nh lại.</p>\r\n\r\n<p>※ Nếu bạn c&oacute; bất kỳ c&acirc;u hỏi hoặc c&acirc;u hỏi, xin vui l&ograve;ng li&ecirc;n <a href="https://www.space-share.jp/help" target="_blank">hệ đ đ&acirc;y</a> .</p>\r\n\r\n<p>Thư n&agrave;y được tự động gửi cho những người sử dụng HAKOBIYA. Những người kh&ocirc;ng nhớ đăng k&yacute;, xin vui l&ograve;ng loại bỏ thư n&agrave;y.</p>\r\n\r\n<p>Ngay cả khi bạn trả lời email n&agrave;y, ch&uacute;ng t&ocirc;i kh&ocirc;ng thể trả lời c&aacute;c c&acirc;u hỏi, v&igrave; vậy h&atilde;y hiểu.</p>\r\n\r\n<p>HAKOBIYA ch&uacute;c bạn hạnh ph&uacute;c</p>', '<p>Xin ch&agrave;o {$name}</p>\r\n\r\n<p>HAKOBIYA Cảm ơn bạn đ&atilde; đăng k&yacute; l&agrave;m th&agrave;nh vi&ecirc;n mới. Đ&acirc;y l&agrave; t&igrave;nh trạng đăng k&yacute; tạm thời.</p>\r\n\r\n<p>&nbsp;</p>\r\n\r\n<p>M&atilde; x&aacute;c thực: <strong>{$content}</strong></p>', '2019-11-14 16:26:46', NULL, 1),
	(2, 'お知らせ', '<table border="1" cellpadding="1" cellspacing="1" style="width:100%" summary="test">\r\n	<caption>Airport</caption>\r\n	<tbody>\r\n		<tr>\r\n			<td>area name</td>\r\n			<td>airport name</td>\r\n			<td>short name</td>\r\n		</tr>\r\n		<tr>\r\n			<td>{area_name}</td>\r\n			<td>{airport_name}</td>\r\n			<td>{short_name}</td>\r\n		</tr>\r\n	</tbody>\r\n</table>\r\n\r\n<p>&nbsp;</p>', '<p>お知らせ</p>', '<p>hello, www w</p>', '2019-10-22 11:40:12', NULL, 2),
	(3, '依頼認証（依頼者側）', '', '<p>test</p>', '', '2019-10-04 17:29:40', NULL, 3),
	(4, '依頼認証（旅⾏者側）', '', '', '', '2019-09-30 09:48:15', NULL, 4),
	(5, '本引き受け（依頼者側）', '<p>1</p>', '<p>1</p>', '<p>1</p>', '2019-10-07 09:09:59', NULL, 5),
	(6, '本引き受け（旅⾏者側）', '', '', '', '2019-09-20 15:01:55', NULL, 6),
	(7, 'キャンセル', '', '', '', '2019-09-20 15:01:55', NULL, 7),
	(8, '出⼊⾦', '', '', '', '2019-09-25 13:21:03', NULL, 8),
	(9, 'アカウント停⽌', '', '<p>a</p>', '', '2019-10-22 11:40:21', NULL, 9);
/*!40000 ALTER TABLE `mail` ENABLE KEYS */;

-- Dumping structure for table hakobiya_03.mail_customer
CREATE TABLE IF NOT EXISTS `mail_customer` (
  `id` int(10) unsigned NOT NULL AUTO_INCREMENT,
  `name_mail` varchar(70) CHARACTER SET utf8mb4 COLLATE utf8mb4_unicode_ci NOT NULL,
  `type_question` varchar(70) CHARACTER SET utf8mb4 COLLATE utf8mb4_unicode_ci NOT NULL,
  `content_mail` text CHARACTER SET utf8mb4 COLLATE utf8mb4_unicode_ci NOT NULL,
  `status` tinyint(4) NOT NULL,
  `admin_replay` varchar(70) CHARACTER SET utf8mb4 COLLATE utf8mb4_unicode_ci NOT NULL,
  `updated_at` timestamp NOT NULL DEFAULT CURRENT_TIMESTAMP ON UPDATE CURRENT_TIMESTAMP,
  `created_at` timestamp NULL DEFAULT NULL,
  PRIMARY KEY (`id`)
) ENGINE=InnoDB AUTO_INCREMENT=132 DEFAULT CHARSET=utf8;

-- Dumping data for table hakobiya_03.mail_customer: ~5 rows (approximately)
/*!40000 ALTER TABLE `mail_customer` DISABLE KEYS */;
INSERT INTO `mail_customer` (`id`, `name_mail`, `type_question`, `content_mail`, `status`, `admin_replay`, `updated_at`, `created_at`) VALUES
	(127, 'hao@gmail.com', 'văn học', 'truyền thái y', 0, 'Tạm dữ', '2019-09-25 10:14:41', NULL),
	(128, 'luannguyen@gmail.com', 'Văn hóa', 'cắc cùm cum, cắc cắc cái cùm cum', 1, 'Quốc Bình', '2019-09-25 10:21:05', NULL),
	(129, 'quyennguyen@gmail.com', 'Toán học', 'bài 3.1 giải ntn vậy admin, cảm ơn admin đã trả lời.', 0, 'Tạm dữ', '2019-09-25 10:21:05', NULL),
	(130, 'dinhtuanhao@gmail.com', '1+1', 'kết quả của 1 + 1 là bao nhiêu vậy Em sn mãi mà k ra.', 0, 'Tạm dữ', '2019-09-25 10:21:05', NULL),
	(131, 'minhkhang@gmail.com', 'không có gì khó', 'sao bài 2.1 khó quá vậy', 0, 'Tạm dữ', '2019-09-25 10:21:05', NULL);
/*!40000 ALTER TABLE `mail_customer` ENABLE KEYS */;

-- Dumping structure for table hakobiya_03.messages
CREATE TABLE IF NOT EXISTS `messages` (
  `message_id` int(10) unsigned NOT NULL AUTO_INCREMENT,
  `firebase_id` varchar(255) NOT NULL DEFAULT '',
  `request_id` int(11) NOT NULL DEFAULT '0',
  `sender_user_id` int(11) NOT NULL,
  `receiver_user_id` int(11) NOT NULL,
  `message_content_type` varchar(50) NOT NULL DEFAULT '',
  `message_content` text CHARACTER SET utf8mb4 NOT NULL,
  `message_cre_date` timestamp NULL DEFAULT NULL,
  `created_at` timestamp NOT NULL DEFAULT CURRENT_TIMESTAMP,
  `updated_at` timestamp NULL DEFAULT NULL,
  `message_status` int(3) DEFAULT NULL,
  PRIMARY KEY (`message_id`)
) ENGINE=InnoDB AUTO_INCREMENT=1387 DEFAULT CHARSET=utf8;

-- Dumping data for table hakobiya_03.messages: ~1,373 rows (approximately)
/*!40000 ALTER TABLE `messages` DISABLE KEYS */;
INSERT INTO `messages` (`message_id`, `firebase_id`, `request_id`, `sender_user_id`, `receiver_user_id`, `message_content_type`, `message_content`, `message_cre_date`, `created_at`, `updated_at`, `message_status`) VALUES
	(1, '-La_1vINZYUbZtcxSprd', 434, 2, 3, 'text', 'こんばんは', '2019-03-22 19:56:38', '2019-08-28 16:30:24', '2019-08-28 16:30:24', NULL),
	(2, '-La_1z5WYoMwNat5iQnb', 434, 3, 2, 'text', 'よろしく', '2019-03-22 19:56:59', '2019-08-28 16:30:24', '2019-08-28 16:30:24', NULL),
	(3, '-La_22GcTdufkoi1jkWv', 434, 2, 3, 'approval', 'confirmed', '2019-03-22 19:57:11', '2019-08-28 16:30:24', '2019-08-28 16:30:24', NULL),
	(4, '-La_2UnmANYMoWz80Klp', 434, 3, 2, 'text', 'どこですか', '2019-03-22 19:59:13', '2019-08-28 16:30:24', '2019-08-28 16:30:24', NULL),
	(5, '-Lanvhw1JpFdxOkhAzST', 434, 2, 3, 'text', 'ペイぱる終わりました', '2019-03-25 17:19:30', '2019-08-28 16:30:24', '2019-08-28 16:30:24', NULL),
	(6, '-Lanvu2M6voxfcVp_ivo', 434, 3, 2, 'photo', 'https://firebasestorage.googleapis.com/v0/b/hakobiya-a4dc3.appspot.com/o/messagePics%2F2019-03-25_051953camera.jpg_camera?alt=media&token=f4ca4e91-1079-4608-a331-6042d4ebe2ba', '2019-03-25 17:20:20', '2019-08-28 16:30:24', '2019-08-28 16:30:24', NULL),
	(7, '-LanvwzmrkpsGbjlS-_r', 434, 3, 2, 'photo', 'https://firebasestorage.googleapis.com/v0/b/hakobiya-a4dc3.appspot.com/o/messagePics%2F2019-03-25_052024_gallery?alt=media&token=474b4ecd-8504-431e-93c5-49917de8b035', '2019-03-25 17:20:32', '2019-08-28 16:30:24', '2019-08-28 16:30:24', NULL),
	(8, '-Lanw4udz3I5F5_-CB8h', 434, 3, 2, 'text', '購入しました。問題ないですか？', '2019-03-25 17:21:08', '2019-08-28 16:30:24', '2019-08-28 16:30:24', NULL),
	(9, '-LanwAk852_TvROWOplC', 434, 2, 3, 'text', 'はい。大丈夫です', '2019-03-25 17:21:32', '2019-08-28 16:30:24', '2019-08-28 16:30:24', NULL),
	(10, '-LanwUFvYxe73prA45kL', 434, 2, 3, 'text', 'どこですか？', '2019-03-25 17:22:52', '2019-08-28 16:30:24', '2019-08-28 16:30:24', NULL),
	(11, '-LanwZmzb6njmT4MKWv2', 434, 3, 2, 'text', '○○にいます。', '2019-03-25 17:23:15', '2019-08-28 16:30:24', '2019-08-28 16:30:24', NULL),
	(12, '-Las41Sdmy14_V09SPd9', 435, 7, 6, 'text', 'こんにちは', '2019-03-26 12:38:42', '2019-08-28 16:30:24', '2019-08-28 16:30:24', NULL),
	(13, '-LatKisLX1D59TkmZb5Z', 436, 6, 7, 'photo', 'https://firebasestorage.googleapis.com/v0/b/hakobiya-a4dc3.appspot.com/o/messagePics%2F2019-03-26_063100camera.jpg_camera?alt=media&token=4bc12ae1-7653-4174-a40b-afbde74f8237', '2019-03-26 18:31:16', '2019-08-28 16:30:24', '2019-08-28 16:30:24', NULL),
	(14, '-Lb1D7CG1I9hTo7BMULI', 436, 7, 6, 'text', 'r6eetsy', '2019-03-28 11:54:37', '2019-08-28 16:30:24', '2019-08-28 16:30:24', NULL),
	(15, '-Lb1DFTwpPfYU8rLesUS', 436, 7, 6, 'text', 'ndndjd', '2019-03-28 11:55:11', '2019-08-28 16:30:24', '2019-08-28 16:30:24', NULL),
	(16, '-Lb1DlNQUNNEtvN_Hb3k', 436, 6, 7, 'text', '通知来るね！', '2019-03-28 11:57:26', '2019-08-28 16:30:24', '2019-08-28 16:30:24', NULL),
	(17, '-Lb1Dmu--wVEZO2m0fCc', 436, 6, 7, 'text', 'ちゃんときよる！！', '2019-03-28 11:57:32', '2019-08-28 16:30:24', '2019-08-28 16:30:24', NULL),
	(18, '-Lb1FUziLoWZnr7mOC0P', 437, 6, 7, 'text', 'アニョハセヨ', '2019-03-28 12:04:59', '2019-08-28 16:30:24', '2019-08-28 16:30:24', NULL),
	(19, '-Lb1FZlwWWUz1PisxajJ', 437, 7, 6, 'text', 'マインドスキャン', '2019-03-28 12:05:18', '2019-08-28 16:30:24', '2019-08-28 16:30:24', NULL),
	(20, '-Lb1Fbp6Mh_NyFn7cLaS', 437, 7, 6, 'text', 'あなたはタバコを持ってきてしい', '2019-03-28 12:05:31', '2019-08-28 16:30:24', '2019-08-28 16:30:24', NULL),
	(21, '-Lb1FdZkM4tsY-qdfNQf', 437, 7, 6, 'text', 'そう思いましたね', '2019-03-28 12:05:38', '2019-08-28 16:30:24', '2019-08-28 16:30:24', NULL),
	(22, '-Lb1FfujZ1DnIyxCkJ0Z', 437, 7, 6, 'text', 'これがマインドスキャンです', '2019-03-28 12:05:48', '2019-08-28 16:30:24', '2019-08-28 16:30:24', NULL),
	(23, '-Lb1FhqngcT1hwRUkBcF', 437, 6, 7, 'text', 'そういう世界です', '2019-03-28 12:05:55', '2019-08-28 16:30:24', '2019-08-28 16:30:24', NULL),
	(24, '-Lb1FjVQzh7XgGEZbU7j', 437, 7, 6, 'text', ':)))))))', '2019-03-28 12:06:02', '2019-08-28 16:30:24', '2019-08-28 16:30:24', NULL),
	(25, '-Lb1FsInTmkxKAObxHZC', 437, 7, 6, 'approval', 'confirmed', '2019-03-28 12:06:38', '2019-08-28 16:30:24', '2019-08-28 16:30:24', NULL),
	(26, '-Lb1Fv0Esu1kKyAHBK9Z', 437, 7, 6, 'text', '認証お願いします', '2019-03-28 12:06:49', '2019-08-28 16:30:24', '2019-08-28 16:30:24', NULL),
	(27, '-Lb1G3dYRRI1B_oL-eoC', 437, 6, 7, 'text', 'そういう世界です', '2019-03-28 12:07:29', '2019-08-28 16:30:24', '2019-08-28 16:30:24', NULL),
	(28, '-Lb1G5IHo-hn9crSv5rG', 437, 7, 6, 'text', 'ありがとす', '2019-03-28 12:07:36', '2019-08-28 16:30:24', '2019-08-28 16:30:24', NULL),
	(29, '-Lb1G7gJA_17jAzL53L-', 437, 7, 6, 'text', '買いにいってくるぜ', '2019-03-28 12:07:45', '2019-08-28 16:30:24', '2019-08-28 16:30:24', NULL),
	(30, '-Lb1GAprciCSba9qKwdf', 437, 7, 6, 'text', '違う   反対だ', '2019-03-28 12:07:58', '2019-08-28 16:30:24', '2019-08-28 16:30:24', NULL),
	(31, '-Lb1GBBNRRtLomR4TN-e', 437, 6, 7, 'text', '買うのは俺だぜ！！', '2019-03-28 12:08:00', '2019-08-28 16:30:24', '2019-08-28 16:30:24', NULL),
	(32, '-Lb1GFBoUvR9oFj5FvRP', 437, 6, 7, 'text', 'アカウント画面注目', '2019-03-28 12:08:16', '2019-08-28 16:30:24', '2019-08-28 16:30:24', NULL),
	(33, '-Lb1GKiynwXmfC7JWbPd', 437, 7, 6, 'text', 'The souiu world', '2019-03-28 12:08:39', '2019-08-28 16:30:24', '2019-08-28 16:30:24', NULL),
	(34, '-Lb1GNbbro-2hR-hgRmK', 437, 7, 6, 'text', 'タバコ買ってきてちょ', '2019-03-28 12:08:51', '2019-08-28 16:30:24', '2019-08-28 16:30:24', NULL),
	(35, '-Lb1GOWzKYHxwoQv4iIF', 437, 6, 7, 'text', 'PayPalいける？？', '2019-03-28 12:08:54', '2019-08-28 16:30:24', '2019-08-28 16:30:24', NULL),
	(36, '-Lb1GQ-n_sqBRPmnXGfJ', 437, 7, 6, 'text', 'あ，そうだ', '2019-03-28 12:09:00', '2019-08-28 16:30:24', '2019-08-28 16:30:24', NULL),
	(37, '-Lb1GRraDxKtVVaXEusa', 437, 7, 6, 'text', 'そうだ。', '2019-03-28 12:09:08', '2019-08-28 16:30:24', '2019-08-28 16:30:24', NULL),
	(38, '-Lb1GXIokbfFWQO3livU', 437, 6, 7, 'photo', 'https://firebasestorage.googleapis.com/v0/b/hakobiya-a4dc3.appspot.com/o/messagePics%2F2019-03-28_120927_gallery?alt=media&token=84efbdea-b75c-44b7-9e5b-2e52dcd0c223', '2019-03-28 12:09:30', '2019-08-28 16:30:24', '2019-08-28 16:30:24', NULL),
	(39, '-Lb1GYbHP-mJbwHyY7Mt', 437, 7, 6, 'text', 'これ認証されたタイミングで，お支払のポップアップ要りますね', '2019-03-28 12:09:36', '2019-08-28 16:30:24', '2019-08-28 16:30:24', NULL),
	(40, '-Lb1GbilWPzkoNj3G_wy', 437, 7, 6, 'text', '完全に支払いステップ忘れてました', '2019-03-28 12:09:53', '2019-08-28 16:30:24', '2019-08-28 16:30:24', NULL),
	(41, '-Lb1GeypkEZeYSbfpijI', 437, 6, 7, 'text', '元々追加で入ってるから次回行けるよ', '2019-03-28 12:10:06', '2019-08-28 16:30:24', '2019-08-28 16:30:24', NULL),
	(42, '-Lb1Gez4kwuyFG0n-267', 437, 7, 6, 'text', '工数表に反映お願いします', '2019-03-28 12:10:06', '2019-08-28 16:30:24', '2019-08-28 16:30:24', NULL),
	(43, '-Lb1GgLnLg-3uMWDn6C-', 437, 7, 6, 'text', 'おっけいー', '2019-03-28 12:10:12', '2019-08-28 16:30:24', '2019-08-28 16:30:24', NULL),
	(44, '-Lb1GhfU4Ir1IjBtDw48', 437, 7, 6, 'text', 'ペイパイ', '2019-03-28 12:10:17', '2019-08-28 16:30:24', '2019-08-28 16:30:24', NULL),
	(45, '-Lb1GiAs5tBavQb_iYii', 437, 7, 6, 'text', '払うお', '2019-03-28 12:10:19', '2019-08-28 16:30:24', '2019-08-28 16:30:24', NULL),
	(46, '-Lb1GkE8VfPTv-sIcD6m', 437, 6, 7, 'text', '今回は予算の都合でカットしてある', '2019-03-28 12:10:27', '2019-08-28 16:30:24', '2019-08-28 16:30:24', NULL),
	(47, '-Lb1H9GdUW5PoKaAZsaa', 437, 7, 6, 'photo', 'https://firebasestorage.googleapis.com/v0/b/hakobiya-a4dc3.appspot.com/o/messagePics%2F2019-03-28_121210_gallery?alt=media&token=1c8554a3-221d-40e3-968a-61d75ba62746', '2019-03-28 12:12:14', '2019-08-28 16:30:24', '2019-08-28 16:30:24', NULL),
	(48, '-Lb1HAEdaGlypgEN-h-4', 437, 7, 6, 'photo', 'https://firebasestorage.googleapis.com/v0/b/hakobiya-a4dc3.appspot.com/o/messagePics%2F2019-03-28_121214_gallery?alt=media&token=ba9700b8-133a-46a1-a7fe-d83e840229fc', '2019-03-28 12:12:18', '2019-08-28 16:30:24', '2019-08-28 16:30:24', NULL),
	(49, '-Lb1HBFnrYborVI7k6qC', 437, 7, 6, 'text', '払えない', '2019-03-28 12:12:22', '2019-08-28 16:30:24', '2019-08-28 16:30:24', NULL),
	(50, '-Lb1HCYRuf67PQ-KlmvB', 437, 7, 6, 'text', '^^;', '2019-03-28 12:12:28', '2019-08-28 16:30:24', '2019-08-28 16:30:24', NULL),
	(51, '-Lb1HGZtk5RfmisOflvU', 437, 6, 7, 'text', '逆でやってみようか', '2019-03-28 12:12:44', '2019-08-28 16:30:24', '2019-08-28 16:30:24', NULL),
	(52, '-Lb1HM5X2uXm8M8zMh36', 437, 6, 7, 'text', '出品する', '2019-03-28 12:13:07', '2019-08-28 16:30:24', '2019-08-28 16:30:24', NULL),
	(53, '-Lb1HS3hqDgvoXVi5mXr', 437, 7, 6, 'text', 'お願いしまず', '2019-03-28 12:13:31', '2019-08-28 16:30:24', '2019-08-28 16:30:24', NULL),
	(54, '-Lb1HesQqcmRomtPA4tX', 437, 6, 7, 'text', 'マウス', '2019-03-28 12:14:28', '2019-08-28 16:30:24', '2019-08-28 16:30:24', NULL),
	(55, '-Lb1LArsh1tCeq5MOW6o', 437, 6, 7, 'photo', 'https://firebasestorage.googleapis.com/v0/b/hakobiya-a4dc3.appspot.com/o/messagePics%2F2019-03-28_122947_gallery?alt=media&token=52690fd9-1ae4-4f5c-bdb2-e3e98bb2f37d', '2019-03-28 12:29:49', '2019-08-28 16:30:24', '2019-08-28 16:30:24', NULL),
	(56, '-Lb1JDQltiFX0vhu-01b', 438, 6, 7, 'text', 'パッチも反応してる', '2019-03-28 12:21:15', '2019-08-28 16:30:24', '2019-08-28 16:30:24', NULL),
	(57, '-Lb1JEqfIzQ6NAMw3Or1', 438, 6, 7, 'text', 'てすてす', '2019-03-28 12:21:21', '2019-08-28 16:30:24', '2019-08-28 16:30:24', NULL),
	(58, '-Lb1JSFIXnDM6PjKgBVV', 438, 6, 7, 'approval', 'confirmed', '2019-03-28 12:22:16', '2019-08-28 16:30:24', '2019-08-28 16:30:24', NULL),
	(59, '-Lb1KPR3kJLMQ0tnQVek', 438, 6, 7, 'photo', 'https://firebasestorage.googleapis.com/v0/b/hakobiya-a4dc3.appspot.com/o/messagePics%2F2019-03-28_122623_gallery?alt=media&token=25d3b3cb-ade2-4e43-9630-a727d8d2bad8', '2019-03-28 12:26:27', '2019-08-28 16:30:24', '2019-08-28 16:30:24', NULL),
	(60, '-Lb1KQtIYv38QF1bspGR', 438, 6, 7, 'text', '問題ナッシング', '2019-03-28 12:26:33', '2019-08-28 16:30:24', '2019-08-28 16:30:24', NULL),
	(61, '-Lb1LHlIYViIFGrvTLVM', 438, 7, 6, 'text', 'QRください', '2019-03-28 12:30:17', '2019-08-28 16:30:24', '2019-08-28 16:30:24', NULL),
	(62, '-Lb1M1nMJnJxs5mG10P1', 438, 6, 7, 'text', '評価間違えて消した！！', '2019-03-28 12:33:34', '2019-08-28 16:30:24', '2019-08-28 16:30:24', NULL),
	(63, '-LbXtKXD-YgKb7p6KA64', 440, 7, 6, 'text', 'あいい', '2019-04-03 20:11:15', '2019-08-28 16:30:24', '2019-08-28 16:30:24', NULL),
	(64, '-LbXtL2ZsDDpQkXkT_q2', 440, 7, 6, 'text', 'あいいあいよ', '2019-04-03 20:11:17', '2019-08-28 16:30:24', '2019-08-28 16:30:24', NULL),
	(65, '-LbXtMUoYcZtGeV2TQZ8', 440, 6, 7, 'approval', 'confirmed', '2019-04-03 20:11:22', '2019-08-28 16:30:24', '2019-08-28 16:30:24', NULL),
	(66, '-Lc4Y-gjIzV44QFyOd-Q', 441, 7, 6, 'text', '始めまして', '2019-04-10 13:40:24', '2019-08-28 16:30:24', '2019-08-28 16:30:24', NULL),
	(67, '-Lc4Y2o90WY_JfuTGFCe', 441, 7, 6, 'text', 'コーヒー3つですね', '2019-04-10 13:40:37', '2019-08-28 16:30:24', '2019-08-28 16:30:24', NULL),
	(68, '-Lc4Y3kY-x_O_0M7e953', 441, 7, 6, 'text', '了解しました', '2019-04-10 13:40:41', '2019-08-28 16:30:24', '2019-08-28 16:30:24', NULL),
	(69, '-Lc4b5xkLxqKY6R_prJb', 441, 6, 7, 'text', 'もしくはお礼含めた1000円分でお願いしたいです', '2019-04-10 13:58:19', '2019-08-28 16:30:24', '2019-08-28 16:30:24', NULL),
	(70, '-Lc4bHXxTx1l34Wzjp3f', 441, 6, 7, 'text', 'そちらでは一ついくらぐらいですか？？', '2019-04-10 13:59:06', '2019-08-28 16:30:24', '2019-08-28 16:30:24', NULL),
	(71, '-Lc9MFuF2WyrWkUPVMel', 441, 6, 7, 'approval', 'confirmed', '2019-04-11 12:07:11', '2019-08-28 16:30:24', '2019-08-28 16:30:24', NULL),
	(72, '-Lc9dE5nSa6c_od4by9a', 441, 7, 6, 'text', 'これもやります? ?', '2019-04-11 13:25:43', '2019-08-28 16:30:24', '2019-08-28 16:30:24', NULL),
	(73, '-Lc9dMbDGKxEI_J7-z2A', 441, 6, 7, 'text', 'コーヒーほしい', '2019-04-11 13:26:17', '2019-08-28 16:30:24', '2019-08-28 16:30:24', NULL),
	(74, '-LcAWMO3YCR6kTTkyNhv', 441, 7, 6, 'text', 'あったお', '2019-04-11 17:30:57', '2019-08-28 16:30:24', '2019-08-28 16:30:24', NULL),
	(75, '-LcAWadNLOcHiV4xQnXu', 441, 7, 6, 'text', '1つ250円ぐらい', '2019-04-11 17:31:59', '2019-08-28 16:30:24', '2019-08-28 16:30:24', NULL),
	(76, '-LcAWct2ciy7nVYBa_W6', 441, 7, 6, 'text', '1箱が正しいかな', '2019-04-11 17:32:08', '2019-08-28 16:30:24', '2019-08-28 16:30:24', NULL),
	(77, '-LcAXQzTp2RJ0XqMDlFZ', 441, 7, 6, 'photo', 'https://firebasestorage.googleapis.com/v0/b/hakobiya-a4dc3.appspot.com/o/messagePics%2F2019-04-11_033135_gallery?alt=media&token=1b6318c9-a673-4580-a183-375627b72f27', '2019-04-11 17:35:38', '2019-08-28 16:30:24', '2019-08-28 16:30:24', NULL),
	(78, '-LcAXRNQ3W8f2vatpc67', 441, 6, 7, 'text', '３箱で', '2019-04-11 17:35:39', '2019-08-28 16:30:24', '2019-08-28 16:30:24', NULL),
	(79, '-LcAXWWN4SbwRbPbhkHd', 441, 6, 7, 'text', '値段トータル1200円', '2019-04-11 17:36:00', '2019-08-28 16:30:24', '2019-08-28 16:30:24', NULL),
	(80, '-LcAXch1lAkjJNn8ATJY', 441, 6, 7, 'text', '準備おけ', '2019-04-11 17:36:30', '2019-08-28 16:30:24', '2019-08-28 16:30:24', NULL),
	(81, '-LcAXrqoSd4v9AesHQfk', 441, 7, 6, 'text', '引き受けました', '2019-04-11 17:37:32', '2019-08-28 16:30:24', '2019-08-28 16:30:24', NULL),
	(82, '-LcAXtoKgGghgaZdoAKL', 441, 7, 6, 'text', '支払いお願いします', '2019-04-11 17:37:40', '2019-08-28 16:30:24', '2019-08-28 16:30:24', NULL),
	(83, '-LcAXw5l29XLm8qmVkfG', 441, 6, 7, 'text', '支払いました', '2019-04-11 17:37:49', '2019-08-28 16:30:24', '2019-08-28 16:30:24', NULL),
	(84, '-LcAYJeAIOhnJQo4QZHq', 441, 7, 6, 'text', 'やっぱり', '2019-04-11 17:39:30', '2019-08-28 16:30:24', '2019-08-28 16:30:24', NULL),
	(85, '-LcAYKntz-TlGA8rG3u4', 441, 7, 6, 'text', '写真が上がらない', '2019-04-11 17:39:34', '2019-08-28 16:30:24', '2019-08-28 16:30:24', NULL),
	(86, '-LcAYNFi2uDw90098E71', 441, 7, 6, 'text', 'ここできる想定でメッセンジャーに送ります', '2019-04-11 17:39:45', '2019-08-28 16:30:24', '2019-08-28 16:30:24', NULL),
	(87, '-LcAYji3K0UulVid5ZlV', 441, 6, 7, 'photo', 'https://firebasestorage.googleapis.com/v0/b/hakobiya-a4dc3.appspot.com/o/messagePics%2F2019-04-11_054117_gallery?alt=media&token=b86ee4a0-67b9-480b-ba7e-06f30dfeb2b1', '2019-04-11 17:41:21', '2019-08-28 16:30:24', '2019-08-28 16:30:24', NULL),
	(88, '-LcAYzzPva_ARk7UQsd_', 441, 7, 6, 'photo', 'https://firebasestorage.googleapis.com/v0/b/hakobiya-a4dc3.appspot.com/o/messagePics%2F2019-04-11_033041camera.jpg_camera?alt=media&token=4ab4ef83-cc8f-4cbe-a5d5-add03f93f159', '2019-04-11 17:42:28', '2019-08-28 16:30:24', '2019-08-28 16:30:24', NULL),
	(89, '-LcAZ2Fh590KGqgOwrau', 441, 7, 6, 'photo', 'https://firebasestorage.googleapis.com/v0/b/hakobiya-a4dc3.appspot.com/o/messagePics%2F2019-04-11_033857camera.jpg_camera?alt=media&token=322cf4cf-1e4b-49f0-ac57-a14fa014cc67', '2019-04-11 17:42:41', '2019-08-28 16:30:24', '2019-08-28 16:30:24', NULL),
	(90, '-Lc4YO03GEBJZl8afXwE', 442, 7, 6, 'text', 'はじめまして', '2019-04-10 13:42:04', '2019-08-28 16:30:24', '2019-08-28 16:30:24', NULL),
	(91, '-Lc4YSf9B-ADXRsoKIFg', 442, 7, 6, 'text', 'romano香水ですね', '2019-04-10 13:42:23', '2019-08-28 16:30:24', '2019-08-28 16:30:24', NULL),
	(92, '-Lc4Yo7MTF9igQYXrO6c', 442, 7, 6, 'text', '12日に空港ついてからすぐとうきょうえすぐ東京駅へ向かいます。\n\n朝の8時ぐらいになりますが，これますでしょうか?', '2019-04-10 13:43:55', '2019-08-28 16:30:24', '2019-08-28 16:30:24', NULL),
	(93, '-Lc4ZJtQKcXEX1MzZLnP', 442, 7, 6, 'text', 'それか私品川プリンスホテルに止まる予定です。', '2019-04-10 13:46:09', '2019-08-28 16:30:24', '2019-08-28 16:30:24', NULL),
	(94, '-Lc4ZOZajNI8hNQ0HgKr', 442, 7, 6, 'text', 'そちらのロビーでもよろしければ助かります', '2019-04-10 13:46:28', '2019-08-28 16:30:24', '2019-08-28 16:30:24', NULL),
	(95, '-Lc4ZQd3K7aTdyDDfXkS', 442, 7, 6, 'text', 'そちらでしたらいつでも対応します', '2019-04-10 13:46:37', '2019-08-28 16:30:24', '2019-08-28 16:30:24', NULL),
	(96, '-Lc4alkJqmXrDX4v8SgY', 442, 6, 7, 'text', '宜しくお願いします！', '2019-04-10 13:56:52', '2019-08-28 16:30:24', '2019-08-28 16:30:24', NULL),
	(97, '-Lc4amLTPrFsRB7AgngJ', 442, 6, 7, 'approval', 'confirmed', '2019-04-10 13:56:54', '2019-08-28 16:30:24', '2019-08-28 16:30:24', NULL),
	(98, '-Lc4nLxYgB-8LMswap8B', 442, 7, 6, 'text', '認証しました', '2019-04-10 14:51:50', '2019-08-28 16:30:24', '2019-08-28 16:30:24', NULL),
	(99, '-Lc4nQ5XdofsSZQt-4qw', 442, 7, 6, 'text', 'よろしくお願いします', '2019-04-10 14:52:07', '2019-08-28 16:30:24', '2019-08-28 16:30:24', NULL),
	(100, '-Lc9M1jDg8b0yxCSbBte', 442, 6, 7, 'text', '支払いました！', '2019-04-11 12:06:13', '2019-08-28 16:30:24', '2019-08-28 16:30:24', NULL),
	(101, '-Lc9cwDfj-64Xci-i1vE', 442, 7, 6, 'text', '了解です', '2019-04-11 13:24:25', '2019-08-28 16:30:24', '2019-08-28 16:30:24', NULL),
	(102, '-Lc9cz591KFvdk5vhJJa', 442, 7, 6, 'text', '買ってきます!', '2019-04-11 13:24:37', '2019-08-28 16:30:24', '2019-08-28 16:30:24', NULL),
	(103, '-Lc9dSMvPBl_A1ozB56b', 442, 6, 7, 'text', 'お願いします', '2019-04-11 13:26:41', '2019-08-28 16:30:24', '2019-08-28 16:30:24', NULL),
	(104, '-LcAU5Aq15HTcXdJnqMI', 442, 7, 6, 'photo', 'https://firebasestorage.googleapis.com/v0/b/hakobiya-a4dc3.appspot.com/o/messagePics%2F2019-04-11_032031camera.jpg_camera?alt=media&token=00c00b36-9f3e-4545-b634-c345415cafb2', '2019-04-11 17:21:02', '2019-08-28 16:30:24', '2019-08-28 16:30:24', NULL),
	(105, '-LcAURxAaOgRLZa2YYha', 442, 7, 6, 'text', 'これ買います', '2019-04-11 17:22:35', '2019-08-28 16:30:24', '2019-08-28 16:30:24', NULL),
	(106, '-LcAUZoHfzqemtlgVuEI', 442, 7, 6, 'photo', 'https://firebasestorage.googleapis.com/v0/b/hakobiya-a4dc3.appspot.com/o/messagePics%2F2019-04-11_032207camera.jpg_camera?alt=media&token=4542fe33-41a6-448b-a745-5f6da2c8b798', '2019-04-11 17:23:07', '2019-08-28 16:30:24', '2019-08-28 16:30:24', NULL),
	(107, '-LcAVDegm7QS-RjLaO1K', 442, 7, 6, 'text', '購入しました', '2019-04-11 17:25:59', '2019-08-28 16:30:24', '2019-08-28 16:30:24', NULL),
	(108, '-LcAVF0q7YfUl1BRHh9g', 442, 7, 6, 'text', 'まちがいないでしょうか?', '2019-04-11 17:26:04', '2019-08-28 16:30:24', '2019-08-28 16:30:24', NULL),
	(109, '-LcAVJA2gVmANd_o77Pi', 442, 7, 6, 'photo', 'https://firebasestorage.googleapis.com/v0/b/hakobiya-a4dc3.appspot.com/o/messagePics%2F2019-04-11_032534camera.jpg_camera?alt=media&token=e8cdc6dc-97d0-4ed4-95b8-b58409e67572', '2019-04-11 17:26:21', '2019-08-28 16:30:24', '2019-08-28 16:30:24', NULL),
	(110, '-Lc4reARWMmWZvRJTYb9', 443, 7, 31, 'text', '5tdtst', '2019-04-10 15:10:37', '2019-08-28 16:30:24', '2019-08-28 16:30:24', NULL),
	(111, '-Lc9d5XKjkre0V58HyOg', 443, 7, 31, 'text', '握手押して依頼を確定してください', '2019-04-11 13:25:08', '2019-08-28 16:30:24', '2019-08-28 16:30:24', NULL),
	(112, '-LcAVwic3a6uYGz_XkWb', 443, 31, 7, 'confirm', 'confirmed', '2019-04-11 17:29:09', '2019-08-28 16:30:24', '2019-08-28 16:30:24', NULL),
	(113, '-LcAZlnVxTUYBst3jx9g', 443, 7, 31, 'text', 'ほれ', '2019-04-11 17:45:52', '2019-08-28 16:30:24', '2019-08-28 16:30:24', NULL),
	(114, '-LcA_AD3eBK7x20Eqlwe', 443, 7, 31, 'photo', 'https://firebasestorage.googleapis.com/v0/b/hakobiya-a4dc3.appspot.com/o/messagePics%2F2019-04-11_034524camera.jpg_camera?alt=media&token=6644b769-bcf8-4a3d-a6bf-3f10dd5dfbdf', '2019-04-11 17:47:36', '2019-08-28 16:30:24', '2019-08-28 16:30:24', NULL),
	(115, '-LcJZqDBpOT3JrMKegs6', 443, 31, 7, 'text', 'おけ', '2019-04-13 11:42:47', '2019-08-28 16:30:24', '2019-08-28 16:30:24', NULL),
	(116, '-Lc9dTQks210zrWFCyI5', 444, 7, 30, 'text', 'あ，これ色々ってことか', '2019-04-11 13:26:45', '2019-08-28 16:30:24', '2019-08-28 16:30:24', NULL),
	(117, '-Lc9dU3JfQsvpG6BgiuH', 444, 7, 30, 'text', '了解', '2019-04-11 13:26:48', '2019-08-28 16:30:24', '2019-08-28 16:30:24', NULL),
	(118, '-Lc9dZdYF-NX5xnA_G6V', 444, 7, 30, 'text', 'これ係は，まとめ依頼の部類になるかな', '2019-04-11 13:27:11', '2019-08-28 16:30:24', '2019-08-28 16:30:24', NULL),
	(119, '-Lc9g8iNSs8qge0PU2qd', 444, 7, 30, 'text', '握手お願い', '2019-04-11 13:38:27', '2019-08-28 16:30:24', '2019-08-28 16:30:24', NULL),
	(120, '-LcARzcfHcUhkdpZofW7', 444, 30, 7, 'approval', 'confirmed', '2019-04-11 17:11:50', '2019-08-28 16:30:24', '2019-08-28 16:30:24', NULL),
	(121, '-LcASBPM6dPELMGgS-Bq', 444, 30, 7, 'text', 'けんさんこれでよろしい？', '2019-04-11 17:12:43', '2019-08-28 16:30:24', '2019-08-28 16:30:24', NULL),
	(122, '-Lc9hOtCA3jljioBppLV', 445, 7, 6, 'text', '握手', '2019-04-11 13:43:55', '2019-08-28 16:30:24', '2019-08-28 16:30:24', NULL),
	(123, '-Lc9hQFRcel_Rr4vD8jE', 445, 7, 6, 'text', '待って', '2019-04-11 13:44:01', '2019-08-28 16:30:24', '2019-08-28 16:30:24', NULL),
	(124, '-Lc9hTLrFBeoBAnb5NHu', 445, 7, 6, 'text', '一回ここでチェック', '2019-04-11 13:44:14', '2019-08-28 16:30:24', '2019-08-28 16:30:24', NULL),
	(125, '-Lc9hWDf0c7zzVJ5zonr', 445, 6, 7, 'text', 'おけー', '2019-04-11 13:44:25', '2019-08-28 16:30:24', '2019-08-28 16:30:24', NULL),
	(126, '-LcAdCR9DyOKQlEnr4r9', 450, 7, 20, 'text', 'おーい', '2019-04-11 18:05:13', '2019-08-28 16:30:24', '2019-08-28 16:30:24', NULL),
	(127, '-LcAdF8jjlwBuBqNgitZ', 450, 7, 20, 'text', 'あったお', '2019-04-11 18:05:24', '2019-08-28 16:30:24', '2019-08-28 16:30:24', NULL),
	(128, '-LcAdKSdeE6A9wMjA_lC', 450, 7, 20, 'photo', 'https://firebasestorage.googleapis.com/v0/b/hakobiya-a4dc3.appspot.com/o/messagePics%2F2019-04-11_040515camera.jpg_camera?alt=media&token=8a518da1-ab6a-4166-b699-cb56833a56e0', '2019-04-11 18:05:46', '2019-08-28 16:30:24', '2019-08-28 16:30:24', NULL),
	(129, '-LcAdmaZyHxC_YbyC7e-', 450, 7, 20, 'text', '見るんだお', '2019-04-11 18:07:46', '2019-08-28 16:30:24', '2019-08-28 16:30:24', NULL),
	(130, '-LcAdzb-23Be_aaBc1_5', 450, 20, 20, 'text', 'わーい', '2019-04-11 18:08:38', '2019-08-28 16:30:24', '2019-08-28 16:30:24', NULL),
	(131, '-LcAe-WnOf1S7G1uTc-g', 450, 20, 20, 'text', 'うれしいお', '2019-04-11 18:08:42', '2019-08-28 16:30:24', '2019-08-28 16:30:24', NULL),
	(132, '-LcAe8kMLbrmOSZ8EyOF', 450, 20, 7, 'text', 'ほしいお', '2019-04-11 18:09:20', '2019-08-28 16:30:24', '2019-08-28 16:30:24', NULL),
	(133, '-LcAeBTYedN7nL1nYd5T', 450, 7, 20, 'text', '値段変更するんだお', '2019-04-11 18:09:32', '2019-08-28 16:30:24', '2019-08-28 16:30:24', NULL),
	(134, '-LcAeFt8x8dAVKuSpIjZ', 450, 20, 7, 'text', 'いくらにすればいいお？', '2019-04-11 18:09:49', '2019-08-28 16:30:24', '2019-08-28 16:30:24', NULL),
	(135, '-LcAeH-69ibsHSu4LtL6', 450, 7, 20, 'text', '1個160円ぐらい', '2019-04-11 18:09:54', '2019-08-28 16:30:24', '2019-08-28 16:30:24', NULL),
	(136, '-LcAeJP0AbJduY-1t-Da', 450, 7, 20, 'text', '3つだと， 480円', '2019-04-11 18:10:04', '2019-08-28 16:30:24', '2019-08-28 16:30:24', NULL),
	(137, '-LcAeLTZkLDx16RwIXwY', 450, 7, 20, 'text', 'で報酬は任せる', '2019-04-11 18:10:12', '2019-08-28 16:30:24', '2019-08-28 16:30:24', NULL),
	(138, '-LcAearjdv3WSbAFkOOz', 450, 7, 20, 'text', '変更の仕方わかる?', '2019-04-11 18:11:20', '2019-08-28 16:30:24', '2019-08-28 16:30:24', NULL),
	(139, '-LcAekbH0ItPZy6OxmmV', 450, 20, 7, 'text', '変更したお', '2019-04-11 18:11:59', '2019-08-28 16:30:24', '2019-08-28 16:30:24', NULL),
	(140, '-LcAepjHucYMQB3bcJAo', 450, 7, 20, 'text', '握手ボタン押してお', '2019-04-11 18:12:21', '2019-08-28 16:30:24', '2019-08-28 16:30:24', NULL),
	(141, '-LcAewNuB4VfSNnItxVj', 450, 20, 7, 'approval', 'confirmed', '2019-04-11 18:12:47', '2019-08-28 16:30:24', '2019-08-28 16:30:24', NULL),
	(142, '-LcAfMShke3C-pGTrABW', 450, 20, 7, 'text', '押したお', '2019-04-11 18:14:38', '2019-08-28 16:30:24', '2019-08-28 16:30:24', NULL),
	(143, '-LcAgdr3-YxdLttdvR-M', 450, 7, 20, 'text', 'にんしょうしたお', '2019-04-11 18:20:16', '2019-08-28 16:30:24', '2019-08-28 16:30:24', NULL),
	(144, '-LcAh2nZHCBOiJeUvzpp', 450, 20, 7, 'text', '嬉しいお', '2019-04-11 18:22:02', '2019-08-28 16:30:24', '2019-08-28 16:30:24', NULL),
	(145, '-LcAh8ttHI6hyYYKV6A7', 450, 20, 7, 'text', 'このあとすることありますかお？', '2019-04-11 18:22:27', '2019-08-28 16:30:24', '2019-08-28 16:30:24', NULL),
	(146, '-LcAmZ2WJdIgbW9WRtd5', 450, 20, 7, 'text', 'paypal決済終わったお', '2019-04-11 18:46:04', '2019-08-28 16:30:24', '2019-08-28 16:30:24', NULL),
	(147, '-LcAUxbvPChH3cruX-XD', 452, 7, 6, 'text', 'どうも', '2019-04-11 17:24:49', '2019-08-28 16:30:24', '2019-08-28 16:30:24', NULL),
	(148, '-LcAUyG6AvoKt8yPQ19X', 452, 7, 6, 'text', '行ってきます', '2019-04-11 17:24:52', '2019-08-28 16:30:24', '2019-08-28 16:30:24', NULL),
	(149, '-LcAUyQsSP-xA1UzL6-L', 452, 6, 7, 'approval', 'confirmed', '2019-04-11 17:24:52', '2019-08-28 16:30:24', '2019-08-28 16:30:24', NULL),
	(150, '-LcAUz1kbEXOYY18F8jm', 452, 7, 6, 'text', '買ってきます', '2019-04-11 17:24:55', '2019-08-28 16:30:24', '2019-08-28 16:30:24', NULL),
	(151, '-LcAYn3aFt12UKT1mreI', 453, 11, 21, 'text', '連絡ください', '2019-04-11 17:41:34', '2019-08-28 16:30:24', '2019-08-28 16:30:24', NULL),
	(152, '-LcAZjaiJEhCyjNV9QDs', 453, 21, 11, 'text', '09010203261', '2019-04-11 17:45:42', '2019-08-28 16:30:24', '2019-08-28 16:30:24', NULL),
	(153, '-LcA_GxOTwSJ96Qj2qQe', 453, 21, 11, 'text', '了解', '2019-04-11 17:48:02', '2019-08-28 16:30:24', '2019-08-28 16:30:24', NULL),
	(154, '-LcAb_fNli8H2GND8fHV', 453, 21, 11, 'approval', 'confirmed', '2019-04-11 17:58:07', '2019-08-28 16:30:24', '2019-08-28 16:30:24', NULL),
	(155, '-LcAbdXSNdDv8bfLxrD7', 453, 11, 21, 'text', '買いました', '2019-04-11 17:58:23', '2019-08-28 16:30:24', '2019-08-28 16:30:24', NULL),
	(156, '-LcAbnlGTyjrB8rWwvge', 453, 11, 21, 'text', '支払いお願いします', '2019-04-11 17:59:05', '2019-08-28 16:30:24', '2019-08-28 16:30:24', NULL),
	(157, '-LcBIE0AVbVuFawB1AWu', 453, 21, 11, 'text', '支払いました', '2019-04-11 21:08:48', '2019-08-28 16:30:24', '2019-08-28 16:30:24', NULL),
	(158, '-LcGMrs0YMy4ooLzhPsG', 453, 11, 21, 'text', '購入完了。', '2019-04-12 20:47:11', '2019-08-28 16:30:24', '2019-08-28 16:30:24', NULL),
	(159, '-LcGMwB3t_Yi0f3IEilv', 453, 11, 21, 'text', '引き渡し場所に向かいます', '2019-04-12 20:47:28', '2019-08-28 16:30:24', '2019-08-28 16:30:24', NULL),
	(160, '-LcGNecmGlPQR2XnU1P5', 453, 21, 11, 'text', '了解。', '2019-04-12 20:50:38', '2019-08-28 16:30:24', '2019-08-28 16:30:24', NULL),
	(161, '-LcGNseHrcvhxxdt4m3-', 453, 21, 11, 'text', 'お待ちしてます', '2019-04-12 20:51:36', '2019-08-28 16:30:24', '2019-08-28 16:30:24', NULL),
	(162, '-LcGRzr6tlM282o4gkjP', 453, 11, 21, 'text', '読み込み完了しました', '2019-04-12 21:09:34', '2019-08-28 16:30:24', '2019-08-28 16:30:24', NULL),
	(163, '-LcGS-a5LTdGJiIa8SGC', 453, 11, 21, 'text', 'ありがとうございました', '2019-04-12 21:09:37', '2019-08-28 16:30:24', '2019-08-28 16:30:24', NULL),
	(164, '-LcGUI1D4rS7r36gBIUl', 453, 21, 11, 'text', '希望通りの対応で助かりました', '2019-04-12 21:19:37', '2019-08-28 16:30:24', '2019-08-28 16:30:24', NULL),
	(165, '-Ld86RJwzodwZSE8nsw6', 458, 52, 50, 'text', 'Hello', '2019-04-23 16:32:59', '2019-08-28 16:30:24', '2019-08-28 16:30:24', NULL),
	(166, '-Ld8M8bFdwMoY4EdNdR0', 458, 52, 50, 'text', 'Can we talk about this product?', '2019-04-23 17:41:37', '2019-08-28 16:30:24', '2019-08-28 16:30:24', NULL),
	(167, '-Ld8O0jlgPkKHWQTWcrP', 459, 52, 51, 'text', 'Hello', '2019-04-23 17:49:49', '2019-08-28 16:30:24', '2019-08-28 16:30:24', NULL),
	(168, '-Ld8OF6E7g22RISzwVlw', 459, 52, 51, 'text', 'ABC DE', '2019-04-23 17:50:48', '2019-08-28 16:30:24', '2019-08-28 16:30:24', NULL),
	(169, '-Ld8RreX1hievXaCwa8s', 459, 51, 52, 'text', 'Yes I agree', '2019-04-23 18:06:36', '2019-08-28 16:30:24', '2019-08-28 16:30:24', NULL),
	(170, '-Ld8RtPhRtLva_tBRj6g', 459, 51, 52, 'approval', 'confirmed', '2019-04-23 18:06:43', '2019-08-28 16:30:24', '2019-08-28 16:30:24', NULL),
	(171, '-LdC9CpaxspQgVrsC8ab', 459, 51, 52, 'text', 'trade', '2019-04-24 11:24:43', '2019-08-28 16:30:24', '2019-08-28 16:30:24', NULL),
	(172, '-Lf3Z-WDB2Wo5xOQsDZ1', 459, 52, 51, 'text', 'muaz', '2019-05-17 15:52:14', '2019-08-28 16:30:24', '2019-08-28 16:30:24', NULL),
	(173, '-LdDG4UwGxAnomozD8Yt', 460, 57, 56, 'text', 'a lô', '2019-04-24 16:34:23', '2019-08-28 16:30:24', '2019-08-28 16:30:24', NULL),
	(174, '-LdDGVX5VXk6tEtyhOys', 460, 56, 57, 'approval', 'confirmed', '2019-04-24 16:36:13', '2019-08-28 16:30:24', '2019-08-28 16:30:24', NULL),
	(175, '-LdDKVMwbz255pmEUD-2', 460, 56, 57, 'text', 'hey', '2019-04-24 16:53:41', '2019-08-28 16:30:24', '2019-08-28 16:30:24', NULL),
	(176, '-LdDOt1DvYTb2mRQwKgx', 461, 13, 31, 'text', 'うdkckっg', '2019-04-24 17:12:51', '2019-08-28 16:30:24', '2019-08-28 16:30:24', NULL),
	(177, '-LdDOtwHvbR9Y_d6_hTH', 461, 13, 31, 'text', 'いごご', '2019-04-24 17:12:54', '2019-08-28 16:30:24', '2019-08-28 16:30:24', NULL),
	(178, '-LedoRMJNTU48xNF1Ipo', 461, 31, 13, 'confirm', 'confirmed', '2019-05-12 11:14:18', '2019-08-28 16:30:24', '2019-08-28 16:30:24', NULL),
	(179, '-LdHD1b22VB32cr_Lp5L', 462, 62, 33, 'text', 'hi', '2019-04-25 10:59:30', '2019-08-28 16:30:24', '2019-08-28 16:30:24', NULL),
	(180, '-LdHD3k1_Lk-dIinRy4M', 462, 62, 33, 'text', 'ok', '2019-04-25 10:59:39', '2019-08-28 16:30:24', '2019-08-28 16:30:24', NULL),
	(181, '-LdHDWEtAkoiqD3ZzpeH', 462, 33, 62, 'approval', 'confirmed', '2019-04-25 11:01:35', '2019-08-28 16:30:24', '2019-08-28 16:30:24', NULL),
	(182, '-LdHDX3z9FP-bYXI1JGe', 462, 33, 62, 'text', 'hi', '2019-04-25 11:01:39', '2019-08-28 16:30:24', '2019-08-28 16:30:24', NULL),
	(183, '-LdHDbV98p-fAQyRfhDK', 462, 33, 62, 'text', 'can you bought it 4 me', '2019-04-25 11:02:01', '2019-08-28 16:30:24', '2019-08-28 16:30:24', NULL),
	(184, '-LdHDfQm8oMiNBAfPBd1', 462, 33, 62, 'text', 'sure', '2019-04-25 11:02:17', '2019-08-28 16:30:24', '2019-08-28 16:30:24', NULL),
	(185, '-LdHDg39qNs20K-AEowE', 462, 33, 62, 'text', 'i will', '2019-04-25 11:02:20', '2019-08-28 16:30:24', '2019-08-28 16:30:24', NULL),
	(186, '-LdIO9s-jk8DmWornGg4', 462, 33, 62, 'text', '001A', '2019-04-25 16:27:44', '2019-08-28 16:30:24', '2019-08-28 16:30:24', NULL),
	(187, '-LdHLfP7NKZJBPJSzcht', 463, 57, 6, 'text', 'こんにちは', '2019-04-25 11:37:17', '2019-08-28 16:30:24', '2019-08-28 16:30:24', NULL),
	(188, '-LdHMth6VPkUKZXJZE4K', 464, 56, 57, 'approval', 'confirmed', '2019-04-25 11:42:38', '2019-08-28 16:30:24', '2019-08-28 16:30:24', NULL),
	(189, '-LdHMzuZ9F83N1GSuBV9', 464, 56, 57, 'text', 'こんにちは', '2019-04-25 11:43:03', '2019-08-28 16:30:24', '2019-08-28 16:30:24', NULL),
	(190, '-LdHj5_heqF6HSNYZme9', 469, 33, 59, 'text', 'hi', '2019-04-25 13:23:57', '2019-08-28 16:30:24', '2019-08-28 16:30:24', NULL),
	(191, '-LdHj6HDRKHWlSiykQkq', 469, 33, 59, 'text', 'deal?', '2019-04-25 13:24:00', '2019-08-28 16:30:24', '2019-08-28 16:30:24', NULL),
	(192, '-LdINvMF5DuD7faWgsUw', 469, 33, 59, 'text', '001A', '2019-04-25 16:26:41', '2019-08-28 16:30:24', '2019-08-28 16:30:24', NULL),
	(193, '-Lf3Y3n4fLUUMl4dMmWb', 470, 57, 31, 'text', 'hi', '2019-05-17 15:48:10', '2019-08-28 16:30:24', '2019-08-28 16:30:24', NULL),
	(194, '-LdIDyAdgAa82eKJBHN7', 471, 57, 56, 'text', 'chào bạn', '2019-04-25 15:43:14', '2019-08-28 16:30:24', '2019-08-28 16:30:24', NULL),
	(195, '-LdIAe5LViW3JT3cNYLY', 472, 54, 52, 'text', 'Alo', '2019-04-25 15:28:46', '2019-08-28 16:30:24', '2019-08-28 16:30:24', NULL),
	(196, '-LdNt-v1iPy9fOgboEQX', 472, 52, 54, 'text', 'hi', '2019-04-26 18:05:00', '2019-08-28 16:30:24', '2019-08-28 16:30:24', NULL),
	(197, '-LdIQCRZCwHTzFZ4OYSY', 473, 56, 54, 'text', 'yello', '2019-04-25 16:36:43', '2019-08-28 16:30:24', '2019-08-28 16:30:24', NULL),
	(198, '-LdIQIIrS8IVA8AydZ77', 473, 54, 56, 'text', 'Allo', '2019-04-25 16:37:06', '2019-08-28 16:30:24', '2019-08-28 16:30:24', NULL),
	(199, '-LdIQJtoTMpHVNO6ZbMH', 473, 54, 56, 'approval', 'confirmed', '2019-04-25 16:37:13', '2019-08-28 16:30:24', '2019-08-28 16:30:24', NULL),
	(200, '-LdIQQiyqIjpVmzcKGN8', 473, 54, 56, 'text', 'ok', '2019-04-25 16:37:41', '2019-08-28 16:30:24', '2019-08-28 16:30:24', NULL),
	(201, '-LdIW8aR3_K_cw0HoXRV', 474, 63, 33, 'text', 'hi', '2019-04-25 17:02:39', '2019-08-28 16:30:24', '2019-08-28 16:30:24', NULL),
	(202, '-LdIWBgeNINGtCIXKhTy', 474, 33, 63, 'text', 'hi', '2019-04-25 17:02:49', '2019-08-28 16:30:24', '2019-08-28 16:30:24', NULL),
	(203, '-LdIWRIcWUUCw-vMW3QX', 474, 33, 63, 'approval', 'confirmed', '2019-04-25 17:03:53', '2019-08-28 16:30:24', '2019-08-28 16:30:24', NULL),
	(204, '-LdIWV6OwMKWQGm-qqrd', 474, 33, 63, 'text', '001A', '2019-04-25 17:04:08', '2019-08-28 16:30:24', '2019-08-28 16:30:24', NULL),
	(205, '-LeKQ8UTehyScb90FgGz', 475, 6, 7, 'text', 'あ', '2019-05-08 12:11:24', '2019-08-28 16:30:24', '2019-08-28 16:30:24', NULL),
	(206, '-LeKQ90NNl0OOzmw1YtV', 475, 7, 6, 'text', 'jsjjdd', '2019-05-08 12:11:25', '2019-08-28 16:30:24', '2019-08-28 16:30:24', NULL),
	(207, '-LeKWff8z-0702A08x-e', 475, 6, 7, 'approval', 'confirmed', '2019-05-08 12:39:57', '2019-08-28 16:30:24', '2019-08-28 16:30:24', NULL),
	(208, '-LeKWsBoJOQYN1cv929_', 475, 6, 7, 'text', 'haraimashita', '2019-05-08 12:40:48', '2019-08-28 16:30:24', '2019-08-28 16:30:24', NULL),
	(209, '-Lhc3i56Uys5yXq10dQy', 475, 6, 7, 'text', 'adghhjhhhgf', '2019-06-18 09:53:17', '2019-08-28 16:30:24', '2019-08-28 16:30:24', NULL),
	(210, '-LhtOex2qAWv2vUzkhwk', 475, 7, 6, 'text', 'bhg', '2019-06-21 18:38:20', '2019-08-28 16:30:24', '2019-08-28 16:30:24', NULL),
	(211, '-LhtOjFqSznK2JadWZsY', 475, 7, 6, 'text', 'hhhhj', '2019-06-21 18:38:37', '2019-08-28 16:30:24', '2019-08-28 16:30:24', NULL),
	(212, '-LhtOkzY6fpzmzK3Z9Zs', 475, 7, 6, 'text', 'j', '2019-06-21 18:38:44', '2019-08-28 16:30:24', '2019-08-28 16:30:24', NULL),
	(213, '-LhtOqGspXBPL4P_Y6ID', 475, 7, 6, 'text', 'gvbmmddvz', '2019-06-21 18:39:06', '2019-08-28 16:30:24', '2019-08-28 16:30:24', NULL),
	(214, '-LhtOr2atEDcFs_F2fbV', 475, 7, 6, 'text', 'vzvzzzzz', '2019-06-21 18:39:09', '2019-08-28 16:30:24', '2019-08-28 16:30:24', NULL),
	(215, '-LhtP1JeoayLE3B8lE-S', 475, 7, 6, 'text', 'ecvvv v', '2019-06-21 18:39:55', '2019-08-28 16:30:24', '2019-08-28 16:30:24', NULL),
	(216, '-Li8QpPnZ6jipdxgXHrD', 475, 6, 7, 'text', 'bro', '2019-06-24 21:21:44', '2019-08-28 16:30:24', '2019-08-28 16:30:24', NULL),
	(217, '-Li8QqmNoFRVudRtDVG_', 475, 7, 6, 'text', 'んdんdんd', '2019-06-24 21:21:48', '2019-08-28 16:30:24', '2019-08-28 16:30:24', NULL),
	(218, '-Li8Qr1_J5WLxgmyLOJf', 475, 7, 6, 'text', 'んdんdんdjdjd', '2019-06-24 21:21:49', '2019-08-28 16:30:24', '2019-08-28 16:30:24', NULL),
	(219, '-Li8QrE5UpRMNI8l4iH0', 475, 7, 6, 'text', 'んdんdんdjdjdjっd', '2019-06-24 21:21:50', '2019-08-28 16:30:24', '2019-08-28 16:30:24', NULL),
	(220, '-Li8QrP2-AT5yYBShIqv', 475, 7, 6, 'text', 'んdんdんdjdjdjっdjっd', '2019-06-24 21:21:51', '2019-08-28 16:30:24', '2019-08-28 16:30:24', NULL),
	(221, '-Li8Qr_HIAKanZI6WCuI', 475, 7, 6, 'text', 'んdんdんdjdjdjっdjっdjdjd', '2019-06-24 21:21:52', '2019-08-28 16:30:24', '2019-08-28 16:30:24', NULL),
	(222, '-Li8QrjiuKFUrIZ3Xqxh', 475, 7, 6, 'text', 'んdんdんdjdjdjっdjっdjdjdjっd', '2019-06-24 21:21:52', '2019-08-28 16:30:24', '2019-08-28 16:30:24', NULL),
	(223, '-Li8QrtdqmqvTc7iC_xb', 475, 7, 6, 'text', 'んdんdんdjdjdjっdjっdjdjdjっdっjっd', '2019-06-24 21:21:53', '2019-08-28 16:30:24', '2019-08-28 16:30:24', NULL),
	(224, '-Li8Qs1I4yLssNdqq_OB', 475, 7, 6, 'text', 'んdんdんdjdjdjっdjっdjdjdjっdっjっdjd', '2019-06-24 21:21:53', '2019-08-28 16:30:24', '2019-08-28 16:30:24', NULL),
	(225, '-Li8QsAeDTjS0dETyb9N', 475, 7, 6, 'text', 'んdんdんdjdjdjっdjっdjdjdjっdっjっdjdjd', '2019-06-24 21:21:54', '2019-08-28 16:30:24', '2019-08-28 16:30:24', NULL),
	(226, '-Li8Qu08zvXYYyyavQlc', 475, 7, 6, 'text', 'けんえつできるjd', '2019-06-24 21:22:02', '2019-08-28 16:30:24', '2019-08-28 16:30:24', NULL),
	(227, '-Li8Qu57EavYy2sLFHad', 475, 7, 6, 'text', 'jっd', '2019-06-24 21:22:02', '2019-08-28 16:30:24', '2019-08-28 16:30:24', NULL),
	(228, '-Li8QuAcm3PVAutt6kwm', 475, 7, 6, 'text', 'jっっっd', '2019-06-24 21:22:02', '2019-08-28 16:30:24', '2019-08-28 16:30:24', NULL),
	(229, '-Li8QuDCwsI5DX3i66H1', 475, 7, 6, 'text', 'jっっっっd', '2019-06-24 21:22:02', '2019-08-28 16:30:24', '2019-08-28 16:30:24', NULL),
	(230, '-Li8QuFJcxbdbbX7eRrW', 475, 7, 6, 'text', 'jっっっっっd', '2019-06-24 21:22:03', '2019-08-28 16:30:24', '2019-08-28 16:30:24', NULL),
	(231, '-Li8QuHBQMSnkLyvMzTf', 475, 7, 6, 'text', 'jっっっっっっd', '2019-06-24 21:22:03', '2019-08-28 16:30:24', '2019-08-28 16:30:24', NULL),
	(232, '-Li8QuNdTwymMaRDv45z', 475, 7, 6, 'text', 'jっっっっっっっd', '2019-06-24 21:22:03', '2019-08-28 16:30:24', '2019-08-28 16:30:24', NULL),
	(233, '-Li8QuPG0RtQpCQ5w0Nm', 475, 7, 6, 'text', 'jっっっっっっっっd', '2019-06-24 21:22:03', '2019-08-28 16:30:24', '2019-08-28 16:30:24', NULL),
	(234, '-Li8QuRINdl8CI-wmybo', 475, 7, 6, 'text', 'jっっっっっっっっっd', '2019-06-24 21:22:03', '2019-08-28 16:30:24', '2019-08-28 16:30:24', NULL),
	(235, '-Li8QuSrS--YDoOyNww4', 475, 7, 6, 'text', 'jっっっっっっっっっっd', '2019-06-24 21:22:03', '2019-08-28 16:30:24', '2019-08-28 16:30:24', NULL),
	(236, '-Li8QuUgg-8dIe0I-GTm', 475, 7, 6, 'text', 'jっっっっっっっっっっっd', '2019-06-24 21:22:04', '2019-08-28 16:30:24', '2019-08-28 16:30:24', NULL),
	(237, '-Li8QuZQ05Sb5EE6EXm_', 475, 7, 6, 'text', 'jっっっっっっっっっっっっっd', '2019-06-24 21:22:04', '2019-08-28 16:30:24', '2019-08-28 16:30:24', NULL),
	(238, '-Li8QubXE83HmWlAs-hK', 475, 7, 6, 'text', 'jっっっっっっっっっっっっっっd', '2019-06-24 21:22:04', '2019-08-28 16:30:24', '2019-08-28 16:30:24', NULL),
	(239, '-Li8QudsNQwVBlUtUIta', 475, 7, 6, 'text', 'jっっっっっっっっっっっっっっっd', '2019-06-24 21:22:04', '2019-08-28 16:30:24', '2019-08-28 16:30:24', NULL),
	(240, '-Li8QuhInhBRT1oVRG3e', 475, 7, 6, 'text', 'jっっっっっっっっっっっっっっっっd', '2019-06-24 21:22:04', '2019-08-28 16:30:24', '2019-08-28 16:30:24', NULL),
	(241, '-Li8Quis8amsDjNnF7SS', 475, 7, 6, 'text', 'jっっっっっっっっっっっっっっっっで', '2019-06-24 21:22:05', '2019-08-28 16:30:24', '2019-08-28 16:30:24', NULL),
	(242, '-Li8QuoaPjX_Lh5GWbI9', 475, 7, 6, 'text', 'jっっっっっっっっっっっっっっっっでで', '2019-06-24 21:22:05', '2019-08-28 16:30:24', '2019-08-28 16:30:24', NULL),
	(243, '-Li8QuqwuN01AIhiqTMa', 475, 7, 6, 'text', 'jっっっっっっっっっっっっっっっっででd', '2019-06-24 21:22:05', '2019-08-28 16:30:24', '2019-08-28 16:30:24', NULL),
	(244, '-Li8QuuZ3MkmwtlsN9C_', 475, 7, 6, 'text', 'jっっっっっっっっっっっっっっっっででっd', '2019-06-24 21:22:05', '2019-08-28 16:30:24', '2019-08-28 16:30:24', NULL),
	(245, '-Li8Quw8Gf4RXzbh7RdF', 475, 7, 6, 'text', 'jっっっっっっっっっっっっっっっっででっっd', '2019-06-24 21:22:05', '2019-08-28 16:30:24', '2019-08-28 16:30:24', NULL),
	(246, '-Li8QuyFoTVNpor2FNlR', 475, 7, 6, 'text', 'jっっっっっっっっっっっっっっっっででっっっd', '2019-06-24 21:22:05', '2019-08-28 16:30:24', '2019-08-28 16:30:24', NULL),
	(247, '-Li8Qv-h6VU8yedVtXTn', 475, 7, 6, 'text', 'jっっっっっっっっっっっっっっっっででっっっっd', '2019-06-24 21:22:06', '2019-08-28 16:30:24', '2019-08-28 16:30:24', NULL),
	(248, '-Li8Qv2uAvVmuzCtsSB4', 475, 7, 6, 'text', 'jっっっっっっっっっっっっっっっっででっっっっっd', '2019-06-24 21:22:06', '2019-08-28 16:30:24', '2019-08-28 16:30:24', NULL),
	(249, '-Li8Qv5fkKpzdmnhW-Zy', 475, 7, 6, 'text', 'jっっっっっっっっっっっっっっっっででっっっっっっd', '2019-06-24 21:22:06', '2019-08-28 16:30:24', '2019-08-28 16:30:24', NULL),
	(250, '-Li8Qv7StyYOkZ0xvU37', 475, 7, 6, 'text', 'jっっっっっっっっっっっっっっっっででっっっっっっで', '2019-06-24 21:22:06', '2019-08-28 16:30:24', '2019-08-28 16:30:24', NULL),
	(251, '-Li8Qv9sH7HQ8FRihwjt', 475, 7, 6, 'text', 'jっっっっっっっっっっっっっっっっででっっっっっっでえ', '2019-06-24 21:22:06', '2019-08-28 16:30:24', '2019-08-28 16:30:24', NULL),
	(252, '-Li8QvCgLduPb5c6yNGr', 475, 7, 6, 'text', 'jっっっっっっっっっっっっっっっっででっっっっっっでえd', '2019-06-24 21:22:06', '2019-08-28 16:30:24', '2019-08-28 16:30:24', NULL),
	(253, '-Li8QvElGe7vRN6pHkpd', 475, 7, 6, 'text', 'jっっっっっっっっっっっっっっっっででっっっっっっでえで', '2019-06-24 21:22:07', '2019-08-28 16:30:24', '2019-08-28 16:30:24', NULL),
	(254, '-Li8R-CzY4qHqFgBI83B', 475, 7, 6, 'text', 'jっっっっっっっっっっっっっっっででっっっっっっでえで', '2019-06-24 21:22:27', '2019-08-28 16:30:24', '2019-08-28 16:30:24', NULL),
	(255, '-Li8R-Q1glrsMFLcr_ZE', 475, 7, 6, 'text', 'ss', '2019-06-24 21:22:28', '2019-08-28 16:30:24', '2019-08-28 16:30:24', NULL),
	(256, '-Li8R-UTJ87IGRN8MwkC', 475, 7, 6, 'text', 'sss', '2019-06-24 21:22:28', '2019-08-28 16:30:24', '2019-08-28 16:30:24', NULL),
	(257, '-Li8R-YehZlZi4hLJc4i', 475, 7, 6, 'text', 's', '2019-06-24 21:22:28', '2019-08-28 16:30:24', '2019-08-28 16:30:24', NULL),
	(258, '-Li8R-b27d4bnquWpM3u', 475, 7, 6, 'text', 's', '2019-06-24 21:22:29', '2019-08-28 16:30:24', '2019-08-28 16:30:24', NULL),
	(259, '-Li8R-dwtRaBw86XIyQi', 475, 7, 6, 'text', 's', '2019-06-24 21:22:29', '2019-08-28 16:30:24', '2019-08-28 16:30:24', NULL),
	(260, '-Li8R-gFpj9XJZZYvzUO', 475, 7, 6, 'text', 's', '2019-06-24 21:22:29', '2019-08-28 16:30:24', '2019-08-28 16:30:24', NULL),
	(261, '-Li8R-jAUFVfL81xo3sX', 475, 7, 6, 'text', 'e', '2019-06-24 21:22:29', '2019-08-28 16:30:24', '2019-08-28 16:30:24', NULL),
	(262, '-Li8R-lViTGazBKITGQB', 475, 7, 6, 'text', 's', '2019-06-24 21:22:29', '2019-08-28 16:30:24', '2019-08-28 16:30:24', NULL),
	(263, '-Li8R-obt9u6-lQFJ4zW', 475, 7, 6, 'text', 'se', '2019-06-24 21:22:29', '2019-08-28 16:30:24', '2019-08-28 16:30:24', NULL),
	(264, '-Li8R-sXfjmasDIY2Psj', 475, 7, 6, 'text', 'e', '2019-06-24 21:22:30', '2019-08-28 16:30:24', '2019-08-28 16:30:24', NULL),
	(265, '-Li8R-wADNPB-Tp0SGi6', 475, 7, 6, 'text', 'eee', '2019-06-24 21:22:30', '2019-08-28 16:30:24', '2019-08-28 16:30:24', NULL),
	(266, '-Li8R-zDFPzZzjF-CNB3', 475, 7, 6, 'text', 's', '2019-06-24 21:22:30', '2019-08-28 16:30:24', '2019-08-28 16:30:24', NULL),
	(267, '-Li8R01yBHXS1naNmnJz', 475, 7, 6, 'text', 's', '2019-06-24 21:22:30', '2019-08-28 16:30:24', '2019-08-28 16:30:24', NULL),
	(268, '-Li8R04r4600XSNTg14q', 475, 7, 6, 'text', 'ss', '2019-06-24 21:22:31', '2019-08-28 16:30:24', '2019-08-28 16:30:24', NULL),
	(269, '-Li8R07CONBwuFNiW57i', 475, 7, 6, 'text', 's', '2019-06-24 21:22:31', '2019-08-28 16:30:24', '2019-08-28 16:30:24', NULL),
	(270, '-Li8R09aBq189N1vjTrk', 475, 7, 6, 'text', 'ss', '2019-06-24 21:22:31', '2019-08-28 16:30:24', '2019-08-28 16:30:24', NULL),
	(271, '-Li8R0DYNdYBpWO-whiO', 475, 7, 6, 'text', 's', '2019-06-24 21:22:31', '2019-08-28 16:30:24', '2019-08-28 16:30:24', NULL),
	(272, '-Li8R0J_4ryUfPp_KOMU', 475, 7, 6, 'text', 'ss', '2019-06-24 21:22:32', '2019-08-28 16:30:24', '2019-08-28 16:30:24', NULL),
	(273, '-Li8R0LJM-wtE_h1fUlX', 475, 7, 6, 'text', 'sss', '2019-06-24 21:22:32', '2019-08-28 16:30:24', '2019-08-28 16:30:24', NULL),
	(274, '-Li8R0QWgMIMarbI6Dy2', 475, 7, 6, 'text', 'ssssee', '2019-06-24 21:22:32', '2019-08-28 16:30:24', '2019-08-28 16:30:24', NULL),
	(275, '-Li8R0WEfYfo6s3eXAak', 475, 6, 7, 'text', 'ahjajdjxk', '2019-06-24 21:22:33', '2019-08-28 16:30:24', '2019-08-28 16:30:24', NULL),
	(276, '-Li8R0XICN8n5RHCj02v', 475, 7, 6, 'text', 'ss', '2019-06-24 21:22:32', '2019-08-28 16:30:24', '2019-08-28 16:30:24', NULL),
	(277, '-Li8R0ZwRiOrw2meWrOw', 475, 7, 6, 'text', 'sss', '2019-06-24 21:22:33', '2019-08-28 16:30:24', '2019-08-28 16:30:24', NULL),
	(278, '-Li8R0b38Xa2ofhZ5V2X', 475, 7, 6, 'text', 's', '2019-06-24 21:22:33', '2019-08-28 16:30:24', '2019-08-28 16:30:24', NULL),
	(279, '-Li8R0dOjAbRQ9ellVqs', 475, 7, 6, 'text', 'sd', '2019-06-24 21:22:33', '2019-08-28 16:30:24', '2019-08-28 16:30:24', NULL),
	(280, '-Li8R0gUzB5YABvHE2M8', 475, 7, 6, 'text', 'd', '2019-06-24 21:22:33', '2019-08-28 16:30:24', '2019-08-28 16:30:24', NULL),
	(281, '-Li8R0iMtVP2icwMY3Bk', 475, 7, 6, 'text', 'dd', '2019-06-24 21:22:33', '2019-08-28 16:30:24', '2019-08-28 16:30:24', NULL),
	(282, '-Li8R0k9crDzgAGw9F5Z', 475, 7, 6, 'text', 'd', '2019-06-24 21:22:33', '2019-08-28 16:30:24', '2019-08-28 16:30:24', NULL),
	(283, '-Li8R0mFLbfloliqt-yC', 475, 7, 6, 'text', 'd', '2019-06-24 21:22:33', '2019-08-28 16:30:24', '2019-08-28 16:30:24', NULL),
	(284, '-Li8R0p7pMbTZZTVdwW4', 475, 7, 6, 'text', 'dd', '2019-06-24 21:22:34', '2019-08-28 16:30:24', '2019-08-28 16:30:24', NULL),
	(285, '-Li8R0rExhxEZTRAHizP', 475, 7, 6, 'text', 'ddd', '2019-06-24 21:22:34', '2019-08-28 16:30:24', '2019-08-28 16:30:24', NULL),
	(286, '-Li8R0tZ8QgvOdA4nee4', 475, 7, 6, 'text', 'e', '2019-06-24 21:22:34', '2019-08-28 16:30:24', '2019-08-28 16:30:24', NULL),
	(287, '-Li8R9oKj5Q8uLATIa0J', 475, 6, 7, 'text', 'fghjgsgio', '2019-06-24 21:23:11', '2019-08-28 16:30:24', '2019-08-28 16:30:24', NULL),
	(288, '-LfsNiGClqB9ccHtydx3', 476, 74, 64, 'text', 'hello, are you there?', '2019-05-27 17:23:09', '2019-08-28 16:30:24', '2019-08-28 16:30:24', NULL),
	(289, '-Lfwe0ziZgrcSZVX5Pdy', 476, 74, 64, 'text', 'yes, I am here', '2019-05-28 13:17:16', '2019-08-28 16:30:24', '2019-08-28 16:30:24', NULL),
	(290, '-Lfwe5bsFxlXmZ7gYQOa', 476, 74, 64, 'photo', 'https://firebasestorage.googleapis.com/v0/b/hakobiya-a4dc3.appspot.com/o/messagePics%2F2019-05-28_111726_gallery?alt=media&token=0277477f-9aac-409b-8edb-f1ba0fcfdfb3', '2019-05-28 13:17:35', '2019-08-28 16:30:24', '2019-08-28 16:30:24', NULL),
	(291, '-Lfwe8iYJgMvzBKe-fKJ', 476, 74, 64, 'photo', 'https://firebasestorage.googleapis.com/v0/b/hakobiya-a4dc3.appspot.com/o/messagePics%2F2019-05-28_111735_gallery?alt=media&token=09af4e70-718e-434e-b399-59e09758a081', '2019-05-28 13:17:48', '2019-08-28 16:30:24', '2019-08-28 16:30:24', NULL),
	(292, '-LfxJ5kYqRnGUEmACkh9', 476, 74, 64, 'text', 'good morning', '2019-05-28 16:21:06', '2019-08-28 16:30:24', '2019-08-28 16:30:24', NULL),
	(293, '-LfxJCIrG7yUIlndzFUo', 476, 74, 64, 'text', 'hi there', '2019-05-28 16:21:32', '2019-08-28 16:30:24', '2019-08-28 16:30:24', NULL),
	(294, '-Lf3cox0O0lYFB5hOVyl', 477, 57, 52, 'text', 'hi tai', '2019-05-17 16:13:18', '2019-08-28 16:30:24', '2019-08-28 16:30:24', NULL),
	(295, '-Lf3csAhwnOiGHCyEbew', 477, 52, 57, 'text', 'hello', '2019-05-17 16:13:31', '2019-08-28 16:30:24', '2019-08-28 16:30:24', NULL),
	(296, '-Lf3dy535RA_wxDIAY16', 477, 57, 52, 'text', 'hj', '2019-05-17 16:18:17', '2019-08-28 16:30:24', '2019-08-28 16:30:24', NULL),
	(297, '-Lf3zo5QDgBRZrBJB0bM', 477, 57, 52, 'text', 'hau', '2019-05-17 17:52:17', '2019-08-28 16:30:24', '2019-08-28 16:30:24', NULL),
	(298, '-Lf4-2KeDZ0lWROlyth4', 477, 52, 57, 'text', 'hello', '2019-05-17 17:53:19', '2019-08-28 16:30:24', '2019-08-28 16:30:24', NULL),
	(299, '-Lf4-57AMN1bqJ8z3581', 477, 57, 52, 'text', 'hi', '2019-05-17 17:53:31', '2019-08-28 16:30:24', '2019-08-28 16:30:24', NULL),
	(300, '-LfsT6IAEXqjdr6qBTOD', 477, 74, 37, 'text', 'hello', '2019-05-27 17:46:42', '2019-08-28 16:30:24', '2019-08-28 16:30:24', NULL),
	(301, '-LfsHQABsGwkAg15HfVe', 478, 54, 52, 'text', 'xin chào', '2019-05-27 16:55:38', '2019-08-28 16:30:24', '2019-08-28 16:30:24', NULL),
	(302, '-LfxKdiOKDBZU6gtpbfO', 479, 73, 74, 'text', 'hello requester', '2019-05-28 16:27:51', '2019-08-28 16:30:24', '2019-08-28 16:30:24', NULL),
	(303, '-LfxMP22YXTuU4NsZ4QJ', 479, 74, 73, 'text', 'Yes, hello', '2019-05-28 16:35:32', '2019-08-28 16:30:24', '2019-08-28 16:30:24', NULL),
	(304, '-LfxMegGv2hLsjuqoR8D', 479, 73, 74, 'text', 'Đồng ý mua hàng chứ?', '2019-05-28 16:36:39', '2019-08-28 16:30:24', '2019-08-28 16:30:24', NULL),
	(305, '-LfxOnx92SAdkcm-SExR', 479, 74, 73, 'text', 'ok bạn', '2019-05-28 16:44:55', '2019-08-28 16:30:24', '2019-08-28 16:30:24', NULL),
	(306, '-LfxOtIrDLb0uv-hPB_p', 479, 74, 73, 'approval', 'confirmed', '2019-05-28 16:45:17', '2019-08-28 16:30:24', '2019-08-28 16:30:24', NULL),
	(307, '-Lg6VvrQoUdwKF3QjMNe', 479, 6, 7, 'text', 'う', '2019-05-30 15:53:22', '2019-08-28 16:30:24', '2019-08-28 16:30:24', NULL),
	(308, '-Lgfk7flRVGMl22S_Jtw', 479, 73, 74, 'text', 'Hello', '2019-06-06 16:44:58', '2019-08-28 16:30:24', '2019-08-28 16:30:24', NULL),
	(309, '-Lh8WX6I4XC-NMkxjfCZ', 479, 73, 74, 'text', 'mình đã tới', '2019-06-12 11:30:55', '2019-08-28 16:30:24', '2019-08-28 16:30:24', NULL),
	(310, '-Lg6aIpfedLV43aATZ3A', 480, 6, 7, 'text', 'はい', '2019-05-30 16:16:51', '2019-08-28 16:30:24', '2019-08-28 16:30:24', NULL),
	(311, '-Lg6afbxuNGY74s3aFZx', 480, 7, 6, 'text', 'bdbdd', '2019-05-30 16:18:29', '2019-08-28 16:30:24', '2019-08-28 16:30:24', NULL),
	(312, '-Lg6agcy6n2EVMQbkKXx', 480, 7, 6, 'text', 'おーい', '2019-05-30 16:18:33', '2019-08-28 16:30:24', '2019-08-28 16:30:24', NULL),
	(313, '-Lg6airz9_HQEXn8c-vB', 480, 7, 6, 'text', 'お茶', '2019-05-30 16:18:42', '2019-08-28 16:30:24', '2019-08-28 16:30:24', NULL),
	(314, '-Lg6akDNKZEXYOZyZCmV', 480, 6, 7, 'approval', 'confirmed', '2019-05-30 16:18:48', '2019-08-28 16:30:24', '2019-08-28 16:30:24', NULL),
	(315, '-Lg_jM5d_4pkvCPngWtY', 481, 81, 80, 'text', 'hi', '2019-06-05 12:44:58', '2019-08-28 16:30:24', '2019-08-28 16:30:24', NULL),
	(316, '-Lg_jRgvPg1QuwpFFa1s', 481, 80, 81, 'approval', 'confirmed', '2019-06-05 12:45:23', '2019-08-28 16:30:24', '2019-08-28 16:30:24', NULL),
	(317, '-Lg_zWsvfD9hQ9XZRR5u', 481, 81, 80, 'text', 'đã mua', '2019-06-05 13:55:36', '2019-08-28 16:30:24', '2019-08-28 16:30:24', NULL),
	(318, '-LgadxL-jAedNokOb0sJ', 481, 80, 81, 'text', 'hk', '2019-06-05 17:01:01', '2019-08-28 16:30:24', '2019-08-28 16:30:24', NULL),
	(319, '-LjUHg4QiCbflJdVOi7_', 481, 78, 77, 'text', 'cái gì zậy', '2019-07-11 13:29:06', '2019-08-28 16:30:24', '2019-08-28 16:30:24', NULL),
	(320, '-LjUI3Ymgj1nRTV0BBrv', 481, 77, 78, 'text', 'iùch', '2019-07-11 13:30:46', '2019-08-28 16:30:24', '2019-08-28 16:30:24', NULL),
	(321, '-LjUJ6-DW3s7N77x2I8Z', 481, 78, 78, 'text', 'kkk', '2019-07-11 13:35:20', '2019-08-28 16:30:24', '2019-08-28 16:30:24', NULL),
	(322, '-LjUL6sWAmNxBCUyfvPQ', 481, 78, 77, 'text', 'kkkk', '2019-07-11 13:44:07', '2019-08-28 16:30:24', '2019-08-28 16:30:24', NULL),
	(323, '-LmsiavkEksjdvo3MmXE', 481, 80, 79, 'text', 'hi', '2019-08-22 18:48:41', '2019-08-28 16:30:24', '2019-08-28 16:30:24', NULL),
	(324, '-Lmsid21U7tiywBs7_zC', 481, 79, 80, 'text', 'hi', '2019-08-22 18:48:49', '2019-08-28 16:30:24', '2019-08-28 16:30:24', NULL),
	(325, '-LgffKvfcn8wtStFKMWT', 482, 83, 81, 'text', 'alo', '2019-06-06 16:25:12', '2019-08-28 16:30:24', '2019-08-28 16:30:24', NULL),
	(326, '-LgfhCLBpZlqPYh37Rzj', 482, 81, 83, 'text', 'alo', '2019-06-06 16:33:16', '2019-08-28 16:30:24', '2019-08-28 16:30:24', NULL),
	(327, '-Lgfi7H0vGIsasPfl4jn', 482, 83, 81, 'text', 'heo', '2019-06-06 16:37:17', '2019-08-28 16:30:24', '2019-08-28 16:30:24', NULL),
	(328, '-Lgfk1Xo_8yj6eJKWR1d', 482, 81, 83, 'approval', 'confirmed', '2019-06-06 16:45:38', '2019-08-28 16:30:24', '2019-08-28 16:30:24', NULL),
	(329, '-LgfmdWreAKDXhz1GJYE', 482, 83, 81, 'text', 'đã mua', '2019-06-06 16:57:02', '2019-08-28 16:30:24', '2019-08-28 16:30:24', NULL),
	(330, '-LgfqiiOEBM2HD81qBBX', 482, 81, 83, 'text', 'mua rồi bạn ơi', '2019-06-06 17:14:52', '2019-08-28 16:30:24', '2019-08-28 16:30:24', NULL),
	(331, '-LjULqxaFavnZiVpvUp_', 482, 78, 77, 'text', 'đang nói cái gì zậy', '2019-07-11 13:47:20', '2019-08-28 16:30:24', '2019-08-28 16:30:24', NULL),
	(332, '-Lgfso_lqaFyrwuKpgEs', 483, 83, 81, 'text', 'alo', '2019-06-06 17:24:00', '2019-08-28 16:30:24', '2019-08-28 16:30:24', NULL),
	(333, '-Lgft2DxU2-bCBIb6fNO', 483, 81, 81, 'approval', 'confirmed', '2019-06-06 17:25:00', '2019-08-28 16:30:24', '2019-08-28 16:30:24', NULL),
	(334, '-LjUOTnwt9s9iW5820ap', 483, 77, 78, 'text', 'hello', '2019-07-11 13:58:46', '2019-08-28 16:30:24', '2019-08-28 16:30:24', NULL),
	(335, '-LjUnCcNAWk1T7X1mEhA', 483, 77, 78, 'text', 'hj', '2019-07-11 15:51:13', '2019-08-28 16:30:24', '2019-08-28 16:30:24', NULL),
	(336, '-LjUnIzDKhaJMIuFRffc', 483, 78, 77, 'text', 'hi', '2019-07-11 15:51:38', '2019-08-28 16:30:24', '2019-08-28 16:30:24', NULL),
	(337, '-Lgfxzq7qslbwkVTT58X', 484, 81, 83, 'approval', 'confirmed', '2019-06-06 17:46:37', '2019-08-28 16:30:24', '2019-08-28 16:30:24', NULL),
	(338, '-Lgfz7H9-SNpSvaMFKak', 484, 83, 81, 'photo', 'https://firebasestorage.googleapis.com/v0/b/hakobiya-a4dc3.appspot.com/o/messagePics%2F2019-06-06_035129_gallery?alt=media&token=46f9a8bb-31ae-40dc-8a89-002d096c1c7e', '2019-06-06 17:51:34', '2019-08-28 16:30:24', '2019-08-28 16:30:24', NULL),
	(339, '-LgjlSKL2bFhr_wKBgbr', 484, 81, 83, 'text', 'hoàn thành', '2019-06-07 11:30:19', '2019-08-28 16:30:24', '2019-08-28 16:30:24', NULL),
	(340, '-Lgjz7PJrcuvZCETkJj2', 484, 81, 83, 'photo', 'https://firebasestorage.googleapis.com/v0/b/hakobiya-a4dc3.appspot.com/o/messagePics%2F2019-06-07_102953_gallery?alt=media&token=24920534-9d2f-42ed-820c-05b2ad36f31c', '2019-06-07 12:30:03', '2019-08-28 16:30:24', '2019-08-28 16:30:24', NULL),
	(341, '-LgjzEvTWJgcq7gOa2WX', 484, 81, 83, 'photo', 'https://firebasestorage.googleapis.com/v0/b/hakobiya-a4dc3.appspot.com/o/messagePics%2F2019-06-07_103013camera.jpg_camera?alt=media&token=514e79c1-0d72-4cee-b501-079398cac364', '2019-06-07 12:30:34', '2019-08-28 16:30:24', '2019-08-28 16:30:24', NULL),
	(342, '-LggCiiHXmDCQaK1avye', 485, 83, 81, 'approval', 'confirmed', '2019-06-06 18:55:22', '2019-08-28 16:30:24', '2019-08-28 16:30:24', NULL),
	(343, '-LhA9ncDJOtFSsMrOv07', 486, 73, 74, 'text', 'hello', '2019-06-12 19:10:51', '2019-08-28 16:30:24', '2019-08-28 16:30:24', NULL),
	(344, '-LhACo0zioW-NWyP64MX', 486, 74, 73, 'approval', 'confirmed', '2019-06-12 19:23:59', '2019-08-28 16:30:24', '2019-08-28 16:30:24', NULL),
	(345, '-LhF2ImVs_Iwjx9aFD1j', 487, 73, 74, 'text', 'hello bạn', '2019-06-13 17:56:11', '2019-08-28 16:30:24', '2019-08-28 16:30:24', NULL),
	(346, '-LhF2NbwYaTAtOz4byHL', 487, 74, 73, 'text', 'Hello deal nha', '2019-06-13 17:56:32', '2019-08-28 16:30:24', '2019-08-28 16:30:24', NULL),
	(347, '-LhF2PaGKHZ04Qxw4ku1', 487, 73, 74, 'text', 'ok', '2019-06-13 17:56:39', '2019-08-28 16:30:24', '2019-08-28 16:30:24', NULL),
	(348, '-LhF2RRJh3NvfnuehXvq', 487, 74, 73, 'approval', 'confirmed', '2019-06-13 17:56:48', '2019-08-28 16:30:24', '2019-08-28 16:30:24', NULL),
	(349, '-LhF64Cv_fT9cjBxVcHT', 488, 73, 74, 'text', 'hello', '2019-06-13 18:12:40', '2019-08-28 16:30:24', '2019-08-28 16:30:24', NULL),
	(350, '-LhF6BPZf7GdDUQbBisN', 488, 74, 73, 'approval', 'confirmed', '2019-06-13 18:13:11', '2019-08-28 16:30:24', '2019-08-28 16:30:24', NULL),
	(351, '-LhFInyl24PlIq3XzJrP', 489, 74, 73, 'approval', 'confirmed', '2019-06-13 19:08:18', '2019-08-28 16:30:24', '2019-08-28 16:30:24', NULL),
	(352, '-LhIvph518wXXfC9irwa', 490, 74, 73, 'approval', 'confirmed', '2019-06-14 12:02:03', '2019-08-28 16:30:24', '2019-08-28 16:30:24', NULL),
	(353, '-LhJF8qXe-uBKMbXs0tn', 491, 74, 73, 'approval', 'confirmed', '2019-06-14 13:30:46', '2019-08-28 16:30:24', '2019-08-28 16:30:24', NULL),
	(354, '-LhJch7F5gPQvCO9BhNS', 492, 73, 74, 'text', 'hello', '2019-06-14 15:18:02', '2019-08-28 16:30:24', '2019-08-28 16:30:24', NULL),
	(355, '-LhJcoEVUbZn1Yx943-4', 492, 74, 73, 'approval', 'confirmed', '2019-06-14 15:18:34', '2019-08-28 16:30:24', '2019-08-28 16:30:24', NULL),
	(356, '-LhJepVD9utUvf8hM5SM', 493, 74, 73, 'approval', 'confirmed', '2019-06-14 15:27:23', '2019-08-28 16:30:24', '2019-08-28 16:30:24', NULL),
	(357, '-LhJhLU0QjJAnGVUWHHq', 494, 74, 73, 'approval', 'confirmed', '2019-06-14 15:38:22', '2019-08-28 16:30:24', '2019-08-28 16:30:24', NULL),
	(358, '-LhJn1oYW71wkLlaLqY_', 495, 73, 74, 'text', 'ggggg', '2019-06-14 16:03:13', '2019-08-28 16:30:24', '2019-08-28 16:30:24', NULL),
	(359, '-LhJnCFFQYc5VDm0-dc5', 495, 74, 73, 'approval', 'confirmed', '2019-06-14 16:03:57', '2019-08-28 16:30:24', '2019-08-28 16:30:24', NULL),
	(360, '-LhJpwRRySzd-JUgmUuA', 496, 73, 74, 'text', 'aaa', '2019-06-14 16:15:53', '2019-08-28 16:30:24', '2019-08-28 16:30:24', NULL),
	(361, '-LhJpxlW5j0AJiQhDS_A', 496, 74, 73, 'text', 'bbb', '2019-06-14 16:16:00', '2019-08-28 16:30:24', '2019-08-28 16:30:24', NULL),
	(362, '-LhJpyT1-01zcQ_lKkc5', 496, 74, 73, 'confirm', 'confirmed', '2019-06-14 16:16:03', '2019-08-28 16:30:24', '2019-08-28 16:30:24', NULL),
	(363, '-LhJuFPww5GhRIHCKDtB', 497, 74, 73, 'approval', 'confirmed', '2019-06-14 16:34:45', '2019-08-28 16:30:24', '2019-08-28 16:30:24', NULL),
	(364, '-LhJuG6tenUSs_F037Pn', 497, 73, 74, 'text', 'aaaa', '2019-06-14 16:34:46', '2019-08-28 16:30:24', '2019-08-28 16:30:24', NULL),
	(365, '-LhJw6CKo9c7M0Wl5pBL', 498, 74, 73, 'approval', 'confirmed', '2019-06-14 16:42:52', '2019-08-28 16:30:24', '2019-08-28 16:30:24', NULL),
	(366, '-LhK0fSRTfWSLlwoRfjs', 499, 74, 73, 'approval', 'confirmed', '2019-06-14 17:07:11', '2019-08-28 16:30:24', '2019-08-28 16:30:24', NULL),
	(367, '-LhK4XL_0kZQYb3bgKol', 500, 74, 73, 'approval', 'confirmed', '2019-06-14 17:24:02', '2019-08-28 16:30:24', '2019-08-28 16:30:24', NULL),
	(368, '-LhKC0LUNLjeRTB0j_x5', 501, 74, 73, 'approval', 'confirmed', '2019-06-14 17:56:44', '2019-08-28 16:30:24', '2019-08-28 16:30:24', NULL),
	(369, '-LhKF08p5gSH2TKc-D4X', 502, 74, 73, 'approval', 'confirmed', '2019-06-14 18:08:48', '2019-08-28 16:30:24', '2019-08-28 16:30:24', NULL),
	(370, '-LhKIityirDEDcBd03bs', 503, 74, 73, 'approval', 'confirmed', '2019-06-14 18:25:02', '2019-08-28 16:30:24', '2019-08-28 16:30:24', NULL),
	(371, '-LhKKw7bDQxyXkf1hS-C', 504, 74, 73, 'approval', 'confirmed', '2019-06-14 18:34:40', '2019-08-28 16:30:24', '2019-08-28 16:30:24', NULL),
	(372, '-LhKM0VavfL18ME92UPZ', 505, 74, 73, 'approval', 'confirmed', '2019-06-14 18:39:24', '2019-08-28 16:30:24', '2019-08-28 16:30:24', NULL),
	(373, '-LhKRmiEM2a0yskEk9Th', 506, 74, 73, 'approval', 'confirmed', '2019-06-14 19:04:37', '2019-08-28 16:30:24', '2019-08-28 16:30:24', NULL),
	(374, '-LhKTlk3kbIdMayLdQUl', 507, 74, 73, 'approval', 'confirmed', '2019-06-14 19:13:17', '2019-08-28 16:30:24', '2019-08-28 16:30:24', NULL),
	(375, '-LhO-5N--77sErBJadsD', 508, 74, 73, 'approval', 'confirmed', '2019-06-15 11:35:59', '2019-08-28 16:30:24', '2019-08-28 16:30:24', NULL),
	(376, '-LhO9zQDuGRuWLyvT5Su', 509, 74, 73, 'approval', 'confirmed', '2019-06-15 12:23:34', '2019-08-28 16:30:24', '2019-08-28 16:30:24', NULL),
	(377, '-LhOBzr2pJR1LKMdii_A', 510, 74, 73, 'approval', 'confirmed', '2019-06-15 12:32:20', '2019-08-28 16:30:24', '2019-08-28 16:30:24', NULL),
	(378, '-LhOJKPNmMCpGv3yPfRj', 511, 74, 73, 'approval', 'confirmed', '2019-06-15 13:04:24', '2019-08-28 16:30:24', '2019-08-28 16:30:24', NULL),
	(379, '-LhOS6ch4u1NVqTiNvxv', 512, 74, 73, 'approval', 'confirmed', '2019-06-15 13:42:47', '2019-08-28 16:30:24', '2019-08-28 16:30:24', NULL),
	(380, '-LhOvQElAUX0K6Y3ELvo', 513, 74, 73, 'approval', 'confirmed', '2019-06-15 15:57:58', '2019-08-28 16:30:24', '2019-08-28 16:30:24', NULL),
	(381, '-LhOxqVrju5fqSeopobO', 514, 74, 73, 'approval', 'confirmed', '2019-06-15 16:08:34', '2019-08-28 16:30:24', '2019-08-28 16:30:24', NULL),
	(382, '-LhP2ARNSnoNbTAq2OPH', 515, 74, 73, 'approval', 'confirmed', '2019-06-15 16:31:50', '2019-08-28 16:30:24', '2019-08-28 16:30:24', NULL),
	(383, '-LhPAVJx9uQx3vwkg4I2', 516, 74, 73, 'approval', 'confirmed', '2019-06-15 17:08:13', '2019-08-28 16:30:24', '2019-08-28 16:30:24', NULL),
	(384, '-LhPFPmtq04KW6N9BmYO', 517, 74, 73, 'approval', 'confirmed', '2019-06-15 17:29:41', '2019-08-28 16:30:24', '2019-08-28 16:30:24', NULL),
	(385, '-LhPJMXoBeErAt3Ajh56', 518, 74, 73, 'approval', 'confirmed', '2019-06-15 17:46:54', '2019-08-28 16:30:24', '2019-08-28 16:30:24', NULL),
	(386, '-LhPPxs0NVc1GDWUUpZQ', 519, 74, 73, 'approval', 'confirmed', '2019-06-15 18:15:46', '2019-08-28 16:30:24', '2019-08-28 16:30:24', NULL),
	(387, '-LhYtyejFeaWaHTvfeT-', 520, 6, 7, 'text', 'fggghhhhhhh', '2019-06-17 14:27:51', '2019-08-28 16:30:24', '2019-08-28 16:30:24', NULL),
	(388, '-LhYu5HbDCI9TP78jm1z', 520, 6, 7, 'text', 'aaaaaaaaaa', '2019-06-17 14:28:23', '2019-08-28 16:30:24', '2019-08-28 16:30:24', NULL),
	(389, '-LhYuD1TN8EWWx0RMuTt', 520, 6, 7, 'text', 'aaaaa', '2019-06-17 14:28:54', '2019-08-28 16:30:24', '2019-08-28 16:30:24', NULL),
	(390, '-LhYuHI9CGbzyX5Z4ZOU', 520, 7, 6, 'text', 'ibwiznwnze', '2019-06-17 14:29:10', '2019-08-28 16:30:24', '2019-08-28 16:30:24', NULL),
	(391, '-LhYuHWZRQwRI0UPTHJP', 520, 7, 6, 'text', 'iwbzubwz', '2019-06-17 14:29:11', '2019-08-28 16:30:24', '2019-08-28 16:30:24', NULL),
	(392, '-LhYuIVi1tGsnnNTzVMD', 520, 7, 6, 'text', 'you mother', '2019-06-17 14:29:15', '2019-08-28 16:30:24', '2019-08-28 16:30:24', NULL),
	(393, '-LhYuJ6h9zPbDe5vB45D', 520, 7, 6, 'text', 'Tucker', '2019-06-17 14:29:18', '2019-08-28 16:30:24', '2019-08-28 16:30:24', NULL),
	(394, '-LhYuLG9J2RQH-D94IpK', 520, 7, 6, 'text', 'thanks bto', '2019-06-17 14:29:27', '2019-08-28 16:30:24', '2019-08-28 16:30:24', NULL),
	(395, '-LhYuM6Nw4q5Jh52nyuj', 520, 7, 6, 'text', 'bro', '2019-06-17 14:29:30', '2019-08-28 16:30:24', '2019-08-28 16:30:24', NULL),
	(396, '-LhYuMRRfnwjotivKFjg', 520, 7, 6, 'text', 'bro', '2019-06-17 14:29:32', '2019-08-28 16:30:24', '2019-08-28 16:30:24', NULL),
	(397, '-LhYvVHh2nTuo9-o9J6_', 520, 6, 7, 'text', 'aaaa', '2019-06-17 14:34:31', '2019-08-28 16:30:24', '2019-08-28 16:30:24', NULL),
	(398, '-LhYwieUq3-EXu-dEckR', 521, 6, 7, 'text', 'qqq', '2019-06-17 14:39:53', '2019-08-28 16:30:24', '2019-08-28 16:30:24', NULL),
	(399, '-LhYwj9r6dziRlJ13Ekr', 521, 7, 6, 'text', 'nznz', '2019-06-17 14:39:54', '2019-08-28 16:30:24', '2019-08-28 16:30:24', NULL),
	(400, '-LhYwjNYp4D0ySa97guu', 521, 7, 6, 'text', 'isis', '2019-06-17 14:39:55', '2019-08-28 16:30:24', '2019-08-28 16:30:24', NULL),
	(401, '-LhYwj_xDbhxY21QKlfU', 521, 7, 6, 'text', 'uis', '2019-06-17 14:39:55', '2019-08-28 16:30:24', '2019-08-28 16:30:24', NULL),
	(402, '-LhYwjlm0ofnLGYjMVNB', 521, 7, 6, 'text', 'jsus', '2019-06-17 14:39:56', '2019-08-28 16:30:24', '2019-08-28 16:30:24', NULL),
	(403, '-LhYwjvXEkSTA8KJWmYa', 521, 6, 7, 'text', 'jji', '2019-06-17 14:39:58', '2019-08-28 16:30:24', '2019-08-28 16:30:24', NULL),
	(404, '-LhYwjxSkBWq_YU3H4En', 521, 7, 6, 'text', 'hsjs', '2019-06-17 14:39:57', '2019-08-28 16:30:24', '2019-08-28 16:30:24', NULL),
	(405, '-LhYwk6vlxLaQCgTKDdg', 521, 7, 6, 'text', 'hsjs', '2019-06-17 14:39:58', '2019-08-28 16:30:24', '2019-08-28 16:30:24', NULL),
	(406, '-LhYwkHfgfJjGyVn2XL0', 521, 7, 6, 'text', 'hsjs', '2019-06-17 14:39:58', '2019-08-28 16:30:24', '2019-08-28 16:30:24', NULL),
	(407, '-LhYwkVKLwCjB0tfx2lm', 521, 6, 7, 'text', 'hjk', '2019-06-17 14:40:01', '2019-08-28 16:30:24', '2019-08-28 16:30:24', NULL),
	(408, '-LhYwkVxRAxEmpLNzWoG', 521, 7, 6, 'text', 'jsjs', '2019-06-17 14:39:59', '2019-08-28 16:30:24', '2019-08-28 16:30:24', NULL),
	(409, '-LhYwkh3bRglJymVqbLC', 521, 7, 6, 'text', 'hshd', '2019-06-17 14:40:00', '2019-08-28 16:30:24', '2019-08-28 16:30:24', NULL),
	(410, '-LhYwkrq7KSNyayYnmPX', 521, 7, 6, 'text', 'hshs', '2019-06-17 14:40:01', '2019-08-28 16:30:24', '2019-08-28 16:30:24', NULL),
	(411, '-LhYwlN0mQK6obyW5t9q', 521, 6, 7, 'text', 'bus soon', '2019-06-17 14:40:04', '2019-08-28 16:30:24', '2019-08-28 16:30:24', NULL),
	(412, '-LhYwm8zpfk4rGoWmMax', 521, 7, 6, 'approval', 'confirmed', '2019-06-17 14:40:06', '2019-08-28 16:30:24', '2019-08-28 16:30:24', NULL),
	(413, '-LhYwmX2wKmyD29xZNWb', 521, 6, 7, 'text', 'bro', '2019-06-17 14:40:09', '2019-08-28 16:30:24', '2019-08-28 16:30:24', NULL),
	(414, '-LhYx6x6q2DIQ5Rvp9cv', 521, 7, 6, 'photo', 'https://firebasestorage.googleapis.com/v0/b/hakobiya-a4dc3.appspot.com/o/messagePics%2F2019-06-17_024123camera.jpg_camera?alt=media&token=3d5d672e-c575-46d9-ae0e-968356a2f021', '2019-06-17 14:41:35', '2019-08-28 16:30:24', '2019-08-28 16:30:24', NULL),
	(415, '-LhYxCsFEBHlokeOC1vc', 522, 6, 7, 'text', 'rty', '2019-06-17 14:42:01', '2019-08-28 16:30:24', '2019-08-28 16:30:24', NULL),
	(416, '-LhYxDHKDnpOsta_Olp7', 522, 7, 6, 'text', 'ndndd', '2019-06-17 14:42:01', '2019-08-28 16:30:24', '2019-08-28 16:30:24', NULL),
	(417, '-LhYxDSFSVtqPTR9B1bh', 522, 7, 6, 'text', 'djd', '2019-06-17 14:42:02', '2019-08-28 16:30:24', '2019-08-28 16:30:24', NULL),
	(418, '-LhYxD_rA0zkc751f4IJ', 522, 7, 6, 'text', 'djd', '2019-06-17 14:42:02', '2019-08-28 16:30:24', '2019-08-28 16:30:24', NULL),
	(419, '-LhYxDi83BgDo0KrYSmT', 522, 7, 6, 'text', 'jd', '2019-06-17 14:42:03', '2019-08-28 16:30:24', '2019-08-28 16:30:24', NULL),
	(420, '-LhYxDpzrWTGfy0huNOL', 522, 7, 6, 'text', 'jd', '2019-06-17 14:42:03', '2019-08-28 16:30:24', '2019-08-28 16:30:24', NULL),
	(421, '-LhYxDs9iMf-VfdGZ1H4', 522, 7, 6, 'text', 'jdd', '2019-06-17 14:42:04', '2019-08-28 16:30:24', '2019-08-28 16:30:24', NULL),
	(422, '-LhYxDtW3ffJYQf5UEs3', 522, 7, 6, 'text', 'jddd', '2019-06-17 14:42:04', '2019-08-28 16:30:24', '2019-08-28 16:30:24', NULL),
	(423, '-LhYxDySTx0W82S-l8Wu', 522, 7, 6, 'text', 'jddddd', '2019-06-17 14:42:04', '2019-08-28 16:30:24', '2019-08-28 16:30:24', NULL),
	(424, '-LhYxE0rQFml6tlQ7xOH', 522, 7, 6, 'text', 'jdddddd', '2019-06-17 14:42:04', '2019-08-28 16:30:24', '2019-08-28 16:30:24', NULL),
	(425, '-LhYxE2Lqe5d3OsPVAZA', 522, 7, 6, 'text', 'd', '2019-06-17 14:42:04', '2019-08-28 16:30:24', '2019-08-28 16:30:24', NULL),
	(426, '-LhYxE4GQlxh3bQaNlcj', 522, 7, 6, 'text', 'dd', '2019-06-17 14:42:04', '2019-08-28 16:30:24', '2019-08-28 16:30:24', NULL),
	(427, '-LhYxE7RTOns7v7_nXzR', 522, 7, 6, 'text', 'd', '2019-06-17 14:42:05', '2019-08-28 16:30:24', '2019-08-28 16:30:24', NULL),
	(428, '-LhYxE9H-3OONZ9zL_9G', 522, 7, 6, 'text', 'dd', '2019-06-17 14:42:05', '2019-08-28 16:30:24', '2019-08-28 16:30:24', NULL),
	(429, '-LhYxEB0TplePSMQtPLX', 522, 7, 6, 'text', 'd', '2019-06-17 14:42:05', '2019-08-28 16:30:24', '2019-08-28 16:30:24', NULL),
	(430, '-LhYxECrdEl-u9PLt83g', 522, 7, 6, 'text', 'd', '2019-06-17 14:42:05', '2019-08-28 16:30:24', '2019-08-28 16:30:24', NULL),
	(431, '-LhYxEEygvqiEWfe8o7T', 522, 7, 6, 'text', 'd', '2019-06-17 14:42:05', '2019-08-28 16:30:24', '2019-08-28 16:30:24', NULL),
	(432, '-LhYxEHv4lDoGjigcK3P', 522, 7, 6, 'text', 'd', '2019-06-17 14:42:05', '2019-08-28 16:30:24', '2019-08-28 16:30:24', NULL),
	(433, '-LhYxEKy-OPRt1ucAoRr', 522, 7, 6, 'text', 'd', '2019-06-17 14:42:05', '2019-08-28 16:30:24', '2019-08-28 16:30:24', NULL),
	(434, '-LhYxEMp_sAO-zXssGE4', 522, 7, 6, 'text', 'd', '2019-06-17 14:42:06', '2019-08-28 16:30:24', '2019-08-28 16:30:24', NULL),
	(435, '-LhYxEP0Tl6DhOYMLQaQ', 522, 7, 6, 'text', 'd', '2019-06-17 14:42:06', '2019-08-28 16:30:24', '2019-08-28 16:30:24', NULL),
	(436, '-LhYxERvPhDZDa_Q5ZNC', 522, 7, 6, 'text', 'dd', '2019-06-17 14:42:06', '2019-08-28 16:30:24', '2019-08-28 16:30:24', NULL),
	(437, '-LhYxEULtZSGIaNXDgGW', 522, 7, 6, 'text', 'e', '2019-06-17 14:42:06', '2019-08-28 16:30:24', '2019-08-28 16:30:24', NULL),
	(438, '-LhYxEWnvls0kVolaqD8', 522, 7, 6, 'text', 'e', '2019-06-17 14:42:06', '2019-08-28 16:30:24', '2019-08-28 16:30:24', NULL),
	(439, '-LhYxEYnKUzlZ3yibIKD', 522, 7, 6, 'text', 'es', '2019-06-17 14:42:06', '2019-08-28 16:30:24', '2019-08-28 16:30:24', NULL),
	(440, '-LhYxE_ysMoY9taqv5Lb', 522, 7, 6, 'text', 's', '2019-06-17 14:42:07', '2019-08-28 16:30:24', '2019-08-28 16:30:24', NULL),
	(441, '-LhYxEcEhhjN1PQzTqnJ', 522, 6, 7, 'approval', 'confirmed', '2019-06-17 14:42:08', '2019-08-28 16:30:24', '2019-08-28 16:30:24', NULL),
	(442, '-LhYxEd1rRVe6Pu_skdB', 522, 7, 6, 'text', 'se', '2019-06-17 14:42:07', '2019-08-28 16:30:24', '2019-08-28 16:30:24', NULL),
	(443, '-LhYxEei9_rLXHqMvvUA', 522, 7, 6, 'text', 'e', '2019-06-17 14:42:07', '2019-08-28 16:30:24', '2019-08-28 16:30:24', NULL),
	(444, '-LhYxEikUfKea-x99BEM', 522, 7, 6, 'text', 'ee', '2019-06-17 14:42:07', '2019-08-28 16:30:24', '2019-08-28 16:30:24', NULL),
	(445, '-LhYxEk4sAawmr8QpgDN', 522, 7, 6, 'text', 'eee', '2019-06-17 14:42:07', '2019-08-28 16:30:24', '2019-08-28 16:30:24', NULL),
	(446, '-LhYxElUG0q-CUnWoEJ-', 522, 7, 6, 'text', 'eeee', '2019-06-17 14:42:07', '2019-08-28 16:30:24', '2019-08-28 16:30:24', NULL),
	(447, '-LhYxEq58TdbFBrfuqla', 522, 7, 6, 'text', 'eeeeee', '2019-06-17 14:42:08', '2019-08-28 16:30:24', '2019-08-28 16:30:24', NULL),
	(448, '-LhYxEv1chrkxFw-cZuw', 522, 7, 6, 'text', 'eeeeeee', '2019-06-17 14:42:08', '2019-08-28 16:30:24', '2019-08-28 16:30:24', NULL),
	(449, '-LhYxExBEiftZ8h0bi3R', 522, 7, 6, 'text', 'eeeeeeee', '2019-06-17 14:42:08', '2019-08-28 16:30:24', '2019-08-28 16:30:24', NULL),
	(450, '-LhYxEzJvosm65XRUtOH', 522, 7, 6, 'text', 'eeeeeeeee', '2019-06-17 14:42:08', '2019-08-28 16:30:24', '2019-08-28 16:30:24', NULL),
	(451, '-LhYxF0A0itpryZtgqbo', 522, 7, 6, 'text', 'eeeeeeeeee', '2019-06-17 14:42:08', '2019-08-28 16:30:24', '2019-08-28 16:30:24', NULL),
	(452, '-LhYxF2cXgFWlrVaSUQy', 522, 7, 6, 'text', 'eeeeeeeeeee', '2019-06-17 14:42:08', '2019-08-28 16:30:24', '2019-08-28 16:30:24', NULL),
	(453, '-LhcCbdqQZnipCJALrGN', 522, 6, 7, 'text', 'bro', '2019-06-18 10:32:10', '2019-08-28 16:30:24', '2019-08-28 16:30:24', NULL),
	(454, '-LhcCyUTeJk5VlyRHENs', 522, 7, 6, 'text', 'uh77', '2019-06-18 10:33:41', '2019-08-28 16:30:24', '2019-08-28 16:30:24', NULL),
	(455, '-LhcD0PHyGIllsagp5Au', 522, 6, 7, 'text', 'bro', '2019-06-18 10:33:55', '2019-08-28 16:30:24', '2019-08-28 16:30:24', NULL),
	(456, '-LhZ1T4WyFohKVrG7_sL', 523, 6, 7, 'text', 'bro', '2019-06-17 15:04:58', '2019-08-28 16:30:24', '2019-08-28 16:30:24', NULL),
	(457, '-LhZ1ToUv5HslJTGaJJm', 523, 6, 7, 'text', 'bro', '2019-06-17 15:05:01', '2019-08-28 16:30:24', '2019-08-28 16:30:24', NULL),
	(458, '-LhZ1UYZ54F_laV1muzI', 523, 6, 7, 'text', 'bto', '2019-06-17 15:05:04', '2019-08-28 16:30:24', '2019-08-28 16:30:24', NULL),
	(459, '-LhZ2Rzd8SlTFMJ0T1AL', 523, 6, 7, 'text', 'dd', '2019-06-17 15:09:16', '2019-08-28 16:30:24', '2019-08-28 16:30:24', NULL),
	(460, '-LhmyAdOKcNx8iyx3SFo', 525, 76, 134, 'text', 'j', '2019-06-20 12:40:31', '2019-08-28 16:30:24', '2019-08-28 16:30:24', NULL),
	(461, '-Lh_VtOLpje4pYbFJRT8', 526, 112, 7, 'text', 'hi', '2019-06-17 21:57:31', '2019-08-28 16:30:24', '2019-08-28 16:30:24', NULL),
	(462, '-Lh_VzC1PfeuEIsiyawA', 526, 112, 7, 'text', 'hello', '2019-06-17 21:57:54', '2019-08-28 16:30:24', '2019-08-28 16:30:24', NULL),
	(463, '-Lh_W2hv9yD-kantEQoU', 526, 7, 112, 'text', 'hello', '2019-06-17 21:58:10', '2019-08-28 16:30:24', '2019-08-28 16:30:24', NULL),
	(464, '-Lh_WI9luXhkGlddG11X', 526, 7, 112, 'text', 'do you have any question on my request?', '2019-06-17 21:59:14', '2019-08-28 16:30:24', '2019-08-28 16:30:24', NULL),
	(465, '-Lh_WINh7eizJTQEUxA7', 526, 112, 7, 'text', 'no, i know this mouse', '2019-06-17 21:59:17', '2019-08-28 16:30:24', '2019-08-28 16:30:24', NULL),
	(466, '-Lh_WJiYcTW3M-PPc8Xp', 526, 112, 7, 'text', 'and will buy for you', '2019-06-17 21:59:23', '2019-08-28 16:30:24', '2019-08-28 16:30:24', NULL),
	(467, '-Lh_WJxsSzbhQoHG-h55', 526, 7, 112, 'text', 'great', '2019-06-17 21:59:21', '2019-08-28 16:30:24', '2019-08-28 16:30:24', NULL),
	(468, '-Lh_WLdA8XZyMn6wcZ1e', 526, 7, 112, 'text', 'thank you', '2019-06-17 21:59:28', '2019-08-28 16:30:24', '2019-08-28 16:30:24', NULL),
	(469, '-Lh_WQbAcF818WqbmD9E', 526, 7, 112, 'text', 'so I prefer we gather at Sheraton hotel at district 1 on 19th 11:30', '2019-06-17 21:59:48', '2019-08-28 16:30:24', '2019-08-28 16:30:24', NULL),
	(470, '-Lh_WRc8k2yFpD06_d_k', 526, 7, 112, 'text', 'is it ok for you?', '2019-06-17 21:59:52', '2019-08-28 16:30:24', '2019-08-28 16:30:24', NULL),
	(471, '-Lh_WRukDmOW_FW5KsMs', 526, 112, 7, 'text', 'sure', '2019-06-17 21:59:56', '2019-08-28 16:30:24', '2019-08-28 16:30:24', NULL),
	(472, '-Lh_WTnKDbP5R9n0ukz7', 526, 7, 112, 'text', 'ok Greta', '2019-06-17 22:00:01', '2019-08-28 16:30:24', '2019-08-28 16:30:24', NULL),
	(473, '-Lh_WTwlsznlxaPctIO1', 526, 112, 7, 'text', 'i am ok', '2019-06-17 22:00:04', '2019-08-28 16:30:24', '2019-08-28 16:30:24', NULL),
	(474, '-Lh_WWHpuBejIhAeOPCm', 526, 7, 112, 'text', 'so ill send confirm request', '2019-06-17 22:00:11', '2019-08-28 16:30:24', '2019-08-28 16:30:24', NULL),
	(475, '-Lh_WXFRd8zDmI56CQ2Q', 526, 7, 112, 'text', 'so please confirm', '2019-06-17 22:00:15', '2019-08-28 16:30:24', '2019-08-28 16:30:24', NULL),
	(476, '-Lh_Wb27sa7FDVrQMVL9', 526, 7, 112, 'approval', 'confirmed', '2019-06-17 22:00:35', '2019-08-28 16:30:24', '2019-08-28 16:30:24', NULL),
	(477, '-Lh_Y8Di0V0Vkroz50_6', 526, 7, 112, 'photo', 'https://firebasestorage.googleapis.com/v0/b/hakobiya-a4dc3.appspot.com/o/messagePics%2F2019-06-17_100658camera.jpg_camera?alt=media&token=ecd2ec5a-0f74-403a-81dd-1a5bd51828b3', '2019-06-17 22:07:17', '2019-08-28 16:30:24', '2019-08-28 16:30:24', NULL),
	(478, '-Lh_YpnmcbNzQb3U1Ms1', 526, 7, 112, 'text', 'sure', '2019-06-17 22:10:20', '2019-08-28 16:30:24', '2019-08-28 16:30:24', NULL),
	(479, '-Lh_YqphjRACk9SvTzjb', 526, 7, 112, 'text', 'now ill go there', '2019-06-17 22:10:24', '2019-08-28 16:30:24', '2019-08-28 16:30:24', NULL),
	(480, '-Lh_Yrs1DXXzfCCQyPNI', 526, 7, 112, 'text', 'see you soon', '2019-06-17 22:10:28', '2019-08-28 16:30:24', '2019-08-28 16:30:24', NULL),
	(481, '-Lh_YsAxFp8Q5NcgmODL', 526, 112, 7, 'text', 'ok', '2019-06-17 22:10:32', '2019-08-28 16:30:24', '2019-08-28 16:30:24', NULL),
	(482, '-Lh_YtmiKu7omgqO9AGi', 526, 7, 112, 'text', 'I arrived', '2019-06-17 22:10:36', '2019-08-28 16:30:24', '2019-08-28 16:30:24', NULL),
	(483, '-Lh_YusjRFi_615jhfrz', 526, 7, 112, 'text', 'I\'m at reception', '2019-06-17 22:10:41', '2019-08-28 16:30:24', '2019-08-28 16:30:24', NULL),
	(484, '-Lh_YvXz9oxtxUjedTC3', 526, 112, 7, 'text', 'i am here', '2019-06-17 22:10:46', '2019-08-28 16:30:24', '2019-08-28 16:30:24', NULL),
	(485, '-Lh_YwRQ_pTZ35FPHwrr', 526, 7, 112, 'text', 'I\'m wearing red cloth', '2019-06-17 22:10:47', '2019-08-28 16:30:24', '2019-08-28 16:30:24', NULL),
	(486, '-Lh_YxRurY_DBa9ALdcA', 526, 7, 112, 'text', 'oh I see you', '2019-06-17 22:10:51', '2019-08-28 16:30:24', '2019-08-28 16:30:24', NULL),
	(487, '-Lh_Zc947GBOYYGsvUGO', 527, 7, 112, 'text', 'obih', '2019-06-17 22:13:46', '2019-08-28 16:30:24', '2019-08-28 16:30:24', NULL),
	(488, '-Lh_Zg57kD7Np6X0iTNI', 527, 112, 7, 'text', 'hi', '2019-06-17 22:14:05', '2019-08-28 16:30:24', '2019-08-28 16:30:24', NULL),
	(489, '-Lh_ZlNtji0Yx7TyKuzn', 527, 112, 7, 'approval', 'confirmed', '2019-06-17 22:14:26', '2019-08-28 16:30:24', '2019-08-28 16:30:24', NULL),
	(490, '-LhcE8i9pVdPmByZSIwx', 528, 7, 6, 'text', 'bro', '2019-06-18 10:38:49', '2019-08-28 16:30:24', '2019-08-28 16:30:24', NULL),
	(491, '-LhcE9wxXy1ztU25L2EJ', 528, 6, 7, 'text', 'bro', '2019-06-18 10:38:56', '2019-08-28 16:30:24', '2019-08-28 16:30:24', NULL),
	(492, '-LhcEAcKwY1Ib_4847PL', 528, 6, 7, 'approval', 'confirmed', '2019-06-18 10:38:59', '2019-08-28 16:30:24', '2019-08-28 16:30:24', NULL),
	(493, '-LhcEWSTIgGe3K-_A27e', 528, 6, 7, 'text', 'hraimashita', '2019-06-18 10:40:29', '2019-08-28 16:30:24', '2019-08-28 16:30:24', NULL),
	(494, '-Lhp9GKON8Q9dl1QnEWC', 530, 7, 143, 'text', 'へっ\n、ｓ', '2019-06-20 22:52:34', '2019-08-28 16:30:24', '2019-08-28 16:30:24', NULL),
	(495, '-Lhp9H6DlHPLZdFh3mPu', 530, 7, 143, 'text', 'では', '2019-06-20 22:52:37', '2019-08-28 16:30:24', '2019-08-28 16:30:24', NULL),
	(496, '-Lhp9HgRWcNgAKgIKwPO', 530, 7, 143, 'approval', 'confirmed', '2019-06-20 22:52:39', '2019-08-28 16:30:24', '2019-08-28 16:30:24', NULL),
	(497, '-Lhp9LsSKvjkEBQyIftl', 530, 143, 7, 'text', 'hello Ken', '2019-06-20 22:52:55', '2019-08-28 16:30:24', '2019-08-28 16:30:24', NULL),
	(498, '-LhtJyswd403sHzDdu2P', 531, 7, 6, 'text', 'nxnsjkskdd', '2019-06-21 18:17:51', '2019-08-28 16:30:24', '2019-08-28 16:30:24', NULL),
	(499, '-LhtK1_ziK4EDOQsMoM_', 531, 7, 6, 'text', 'jjsjs', '2019-06-21 18:18:07', '2019-08-28 16:30:24', '2019-08-28 16:30:24', NULL),
	(500, '-LhtK5G4EvKvQmW2bl1t', 531, 7, 6, 'text', 'jJHzjx', '2019-06-21 18:18:22', '2019-08-28 16:30:24', '2019-08-28 16:30:24', NULL),
	(501, '-LhtK5h0jGLzVBLvOAEp', 531, 7, 6, 'text', 'zjzj', '2019-06-21 18:18:23', '2019-08-28 16:30:24', '2019-08-28 16:30:24', NULL),
	(502, '-LhtK6FWXz_kLS5yDm7X', 531, 7, 6, 'text', 'zxxx', '2019-06-21 18:18:26', '2019-08-28 16:30:24', '2019-08-28 16:30:24', NULL),
	(503, '-LhtK78ns_jz5yQHrPVQ', 531, 7, 6, 'text', 'xxxg', '2019-06-21 18:18:29', '2019-08-28 16:30:24', '2019-08-28 16:30:24', NULL),
	(504, '-LhtKAL_6_mMlPULhQcx', 531, 7, 6, 'text', 'ggggennssnnznzmzmzmsmsmsmzmzzmsmzmss hg', '2019-06-21 18:18:42', '2019-08-28 16:30:24', '2019-08-28 16:30:24', NULL),
	(505, '-LhtKCGdi8h54SI8ZUoZ', 531, 7, 6, 'text', 'fcp', '2019-06-21 18:18:50', '2019-08-28 16:30:24', '2019-08-28 16:30:24', NULL),
	(506, '-LhtKFUaDhdT9PUkb35X', 531, 6, 7, 'text', 'a', '2019-06-21 18:19:03', '2019-08-28 16:30:24', '2019-08-28 16:30:24', NULL),
	(507, '-LhtKFXVwhQhVL-HEesB', 531, 6, 7, 'text', 'a', '2019-06-21 18:19:03', '2019-08-28 16:30:24', '2019-08-28 16:30:24', NULL),
	(508, '-LhtKF_iyL_uVPkgIoIu', 531, 6, 7, 'text', 'a', '2019-06-21 18:19:04', '2019-08-28 16:30:24', '2019-08-28 16:30:24', NULL),
	(509, '-LhtKFd0FlE3wXXvtgNx', 531, 6, 7, 'text', 'a', '2019-06-21 18:19:04', '2019-08-28 16:30:24', '2019-08-28 16:30:24', NULL),
	(510, '-LhtKFgOwoCH9g6O0Eew', 531, 6, 7, 'text', 'a', '2019-06-21 18:19:04', '2019-08-28 16:30:24', '2019-08-28 16:30:24', NULL),
	(511, '-LhtKFjE940sBmzTZWPD', 531, 6, 7, 'text', 'a', '2019-06-21 18:19:04', '2019-08-28 16:30:24', '2019-08-28 16:30:24', NULL),
	(512, '-LhtKFmVwtSxEtTeFOD9', 531, 6, 7, 'text', 'a', '2019-06-21 18:19:04', '2019-08-28 16:30:24', '2019-08-28 16:30:24', NULL),
	(513, '-LhtKFpcodPjtVcOF_u1', 531, 6, 7, 'text', 'a', '2019-06-21 18:19:05', '2019-08-28 16:30:24', '2019-08-28 16:30:24', NULL),
	(514, '-LhtKFssRO89uOZxsL5G', 531, 6, 7, 'text', 'a', '2019-06-21 18:19:05', '2019-08-28 16:30:24', '2019-08-28 16:30:24', NULL),
	(515, '-LhtKFvrxiAD9bCKwZBP', 531, 6, 7, 'text', 'a', '2019-06-21 18:19:05', '2019-08-28 16:30:24', '2019-08-28 16:30:24', NULL),
	(516, '-LhtKFzEUS2XGBMGw8qJ', 531, 6, 7, 'text', 'a', '2019-06-21 18:19:05', '2019-08-28 16:30:24', '2019-08-28 16:30:24', NULL),
	(517, '-LhtKG1MYxN4N6L5qmXS', 531, 6, 7, 'text', 'a', '2019-06-21 18:19:05', '2019-08-28 16:30:24', '2019-08-28 16:30:24', NULL),
	(518, '-LhtKG4kSKfQ6wMQDmMZ', 531, 6, 7, 'text', 'a', '2019-06-21 18:19:06', '2019-08-28 16:30:24', '2019-08-28 16:30:24', NULL),
	(519, '-LhtKG7s-HBRycQ4BPlD', 531, 6, 7, 'text', 'a', '2019-06-21 18:19:06', '2019-08-28 16:30:24', '2019-08-28 16:30:24', NULL),
	(520, '-LhtKGB7xIE-ApsJbiUx', 531, 6, 7, 'text', 'a', '2019-06-21 18:19:06', '2019-08-28 16:30:24', '2019-08-28 16:30:24', NULL),
	(521, '-LhtKGEVoyWee9h90y-q', 531, 6, 7, 'text', 'a', '2019-06-21 18:19:06', '2019-08-28 16:30:24', '2019-08-28 16:30:24', NULL),
	(522, '-LhtKGHkMZrnMwSm34Mv', 531, 6, 7, 'text', 'a', '2019-06-21 18:19:07', '2019-08-28 16:30:24', '2019-08-28 16:30:24', NULL),
	(523, '-LhtKGKlnrtNj0i8CdmM', 531, 6, 7, 'text', 'a', '2019-06-21 18:19:07', '2019-08-28 16:30:24', '2019-08-28 16:30:24', NULL),
	(524, '-LhtKGNsxXssZJ_HQBEv', 531, 6, 7, 'text', 'a', '2019-06-21 18:19:07', '2019-08-28 16:30:24', '2019-08-28 16:30:24', NULL),
	(525, '-LhtKGRI_45gn_RTGtbw', 531, 6, 7, 'text', 'a', '2019-06-21 18:19:07', '2019-08-28 16:30:24', '2019-08-28 16:30:24', NULL),
	(526, '-LhtKGUWZxtPrxQqCMiu', 531, 6, 7, 'text', 'a', '2019-06-21 18:19:07', '2019-08-28 16:30:24', '2019-08-28 16:30:24', NULL),
	(527, '-LhtKGXdvBRcA2sroWdV', 531, 6, 7, 'text', 'a', '2019-06-21 18:19:08', '2019-08-28 16:30:24', '2019-08-28 16:30:24', NULL),
	(528, '-LhtKGdXF7joMkcn2n6B', 531, 6, 7, 'text', 'aa', '2019-06-21 18:19:08', '2019-08-28 16:30:24', '2019-08-28 16:30:24', NULL),
	(529, '-LhtKGge3v7SeUgaGe3Y', 531, 6, 7, 'text', 'a', '2019-06-21 18:19:08', '2019-08-28 16:30:24', '2019-08-28 16:30:24', NULL),
	(530, '-LhtKHLmGBkBstZ7WMhW', 531, 6, 7, 'text', 'aaaaaaq', '2019-06-21 18:19:11', '2019-08-28 16:30:24', '2019-08-28 16:30:24', NULL),
	(531, '-LhtKHPkUUFUo6jKHpBr', 531, 6, 7, 'text', 'q', '2019-06-21 18:19:11', '2019-08-28 16:30:24', '2019-08-28 16:30:24', NULL),
	(532, '-LhtKHTjqxlOn9zxDtLz', 531, 6, 7, 'text', 'q', '2019-06-21 18:19:11', '2019-08-28 16:30:24', '2019-08-28 16:30:24', NULL),
	(533, '-LhtKHXYv25xETV5d01Y', 531, 6, 7, 'text', 'q', '2019-06-21 18:19:12', '2019-08-28 16:30:24', '2019-08-28 16:30:24', NULL),
	(534, '-LhtKHahBGqn4A4XUV_X', 531, 6, 7, 'text', 'q', '2019-06-21 18:19:12', '2019-08-28 16:30:24', '2019-08-28 16:30:24', NULL),
	(535, '-LhtKHeK_2mUOgsSyPLe', 531, 6, 7, 'text', 'q', '2019-06-21 18:19:12', '2019-08-28 16:30:24', '2019-08-28 16:30:24', NULL),
	(536, '-LhtKHhpsRk_GBzxFR30', 531, 6, 7, 'text', 'q', '2019-06-21 18:19:12', '2019-08-28 16:30:24', '2019-08-28 16:30:24', NULL),
	(537, '-LhtKHlj8w5VS2x9Uztj', 531, 6, 7, 'text', 'q', '2019-06-21 18:19:13', '2019-08-28 16:30:24', '2019-08-28 16:30:24', NULL),
	(538, '-LhtKHpN9x0ebgaKXP0e', 531, 6, 7, 'text', 'a', '2019-06-21 18:19:13', '2019-08-28 16:30:24', '2019-08-28 16:30:24', NULL),
	(539, '-LhtKHt-R9PdOUXSwRTZ', 531, 6, 7, 'text', 'q', '2019-06-21 18:19:13', '2019-08-28 16:30:24', '2019-08-28 16:30:24', NULL),
	(540, '-LhtKHwXMc_7znF_wjxZ', 531, 6, 7, 'text', 'q', '2019-06-21 18:19:13', '2019-08-28 16:30:24', '2019-08-28 16:30:24', NULL),
	(541, '-LhtKI-1bdGMVzhzCFDJ', 531, 6, 7, 'text', 'q', '2019-06-21 18:19:14', '2019-08-28 16:30:24', '2019-08-28 16:30:24', NULL),
	(542, '-LhtKI2amKxuJfPNOb4J', 531, 6, 7, 'text', 'q', '2019-06-21 18:19:14', '2019-08-28 16:30:24', '2019-08-28 16:30:24', NULL),
	(543, '-LhtKI6Tv-p7MDuBnME_', 531, 6, 7, 'text', 'q', '2019-06-21 18:19:14', '2019-08-28 16:30:24', '2019-08-28 16:30:24', NULL),
	(544, '-LhtKIA6IkcwCw09RCsz', 531, 6, 7, 'text', 'q', '2019-06-21 18:19:14', '2019-08-28 16:30:24', '2019-08-28 16:30:24', NULL),
	(545, '-LhtKIDVl4dJXEGe9uwq', 531, 6, 7, 'text', 'q', '2019-06-21 18:19:14', '2019-08-28 16:30:24', '2019-08-28 16:30:24', NULL),
	(546, '-LhtKIGsIRw4hTg9Veua', 531, 6, 7, 'text', 'q', '2019-06-21 18:19:15', '2019-08-28 16:30:24', '2019-08-28 16:30:24', NULL),
	(547, '-LhtKIKFGVe-IL8Iiqu4', 531, 6, 7, 'text', 'q', '2019-06-21 18:19:15', '2019-08-28 16:30:24', '2019-08-28 16:30:24', NULL),
	(548, '-LhtKINdBNtSKRVK3ZQm', 531, 6, 7, 'text', 'q', '2019-06-21 18:19:15', '2019-08-28 16:30:24', '2019-08-28 16:30:24', NULL),
	(549, '-LhtKIR1gqOs1_g8VnML', 531, 6, 7, 'text', 'q', '2019-06-21 18:19:15', '2019-08-28 16:30:24', '2019-08-28 16:30:24', NULL),
	(550, '-LhtKIUWkaNvQhw5GfKk', 531, 6, 7, 'text', 'q', '2019-06-21 18:19:16', '2019-08-28 16:30:24', '2019-08-28 16:30:24', NULL),
	(551, '-LhtKIXtHM2CPRbseMZx', 531, 6, 7, 'text', 'q', '2019-06-21 18:19:16', '2019-08-28 16:30:24', '2019-08-28 16:30:24', NULL),
	(552, '-LhtKIaTFs1XEWfi8QuN', 531, 6, 7, 'text', 'q', '2019-06-21 18:19:16', '2019-08-28 16:30:24', '2019-08-28 16:30:24', NULL),
	(553, '-LhtKIdepAQfOvvjlQdf', 531, 6, 7, 'text', 'q', '2019-06-21 18:19:16', '2019-08-28 16:30:24', '2019-08-28 16:30:24', NULL),
	(554, '-LhtKIhBjmsmI4wPV4kb', 531, 6, 7, 'text', 'q', '2019-06-21 18:19:16', '2019-08-28 16:30:24', '2019-08-28 16:30:24', NULL),
	(555, '-LhtKIkpVjc4twP59MRr', 531, 6, 7, 'text', 'q', '2019-06-21 18:19:17', '2019-08-28 16:30:24', '2019-08-28 16:30:24', NULL),
	(556, '-LhtKIoUssICjjaDCWBA', 531, 6, 7, 'text', 'q', '2019-06-21 18:19:17', '2019-08-28 16:30:24', '2019-08-28 16:30:24', NULL),
	(557, '-LhtKIsY0PkxSSPLMwvR', 531, 6, 7, 'text', 'q', '2019-06-21 18:19:17', '2019-08-28 16:30:24', '2019-08-28 16:30:24', NULL),
	(558, '-LhtKIwIZIEMN7nHe7EH', 531, 6, 7, 'text', 'q', '2019-06-21 18:19:17', '2019-08-28 16:30:24', '2019-08-28 16:30:24', NULL),
	(559, '-LhtKJ-NuB6ynt7GEqeK', 531, 6, 7, 'text', 'q', '2019-06-21 18:19:18', '2019-08-28 16:30:24', '2019-08-28 16:30:24', NULL),
	(560, '-LhtKJnBup4elFOWLuOX', 531, 6, 7, 'text', 'qqqqqwqwqqqqqq', '2019-06-21 18:19:21', '2019-08-28 16:30:24', '2019-08-28 16:30:24', NULL),
	(561, '-LhtKJqyQwzTyW_vw2e7', 531, 6, 7, 'text', 'q', '2019-06-21 18:19:21', '2019-08-28 16:30:24', '2019-08-28 16:30:24', NULL),
	(562, '-LhtKJusV_9bUZdKQK_J', 531, 6, 7, 'text', 'q', '2019-06-21 18:19:21', '2019-08-28 16:30:24', '2019-08-28 16:30:24', NULL),
	(563, '-LhtKJyuKBEgfI81JyyA', 531, 6, 7, 'text', 'q', '2019-06-21 18:19:22', '2019-08-28 16:30:24', '2019-08-28 16:30:24', NULL),
	(564, '-LhtKK1_7gfrxYL7RfXn', 531, 6, 7, 'text', 'q', '2019-06-21 18:19:22', '2019-08-28 16:30:24', '2019-08-28 16:30:24', NULL),
	(565, '-LhtKK52mbz3LDGPSehw', 531, 6, 7, 'text', 'q', '2019-06-21 18:19:22', '2019-08-28 16:30:24', '2019-08-28 16:30:24', NULL),
	(566, '-LhtKK8gKjLUztUHu6oE', 531, 6, 7, 'text', 'a', '2019-06-21 18:19:22', '2019-08-28 16:30:24', '2019-08-28 16:30:24', NULL),
	(567, '-LhtKKCUXmzwwhJgy4y5', 531, 6, 7, 'text', 'q', '2019-06-21 18:19:23', '2019-08-28 16:30:24', '2019-08-28 16:30:24', NULL),
	(568, '-LhtKKGDgiFxWNc4SIKW', 531, 6, 7, 'text', 'a', '2019-06-21 18:19:23', '2019-08-28 16:30:24', '2019-08-28 16:30:24', NULL),
	(569, '-LhtKKJs31Pl47Fj2W5v', 531, 6, 7, 'text', 'a', '2019-06-21 18:19:23', '2019-08-28 16:30:24', '2019-08-28 16:30:24', NULL),
	(570, '-LhtKKNWoQ7U7eujR4L0', 531, 6, 7, 'text', 'w', '2019-06-21 18:19:23', '2019-08-28 16:30:24', '2019-08-28 16:30:24', NULL),
	(571, '-LhtKKRITaDzAxbsI6Pz', 531, 6, 7, 'text', 'q', '2019-06-21 18:19:24', '2019-08-28 16:30:24', '2019-08-28 16:30:24', NULL),
	(572, '-LhtKKVDZdHNgGi-Ig1R', 531, 6, 7, 'text', 'q', '2019-06-21 18:19:24', '2019-08-28 16:30:24', '2019-08-28 16:30:24', NULL),
	(573, '-LhtKKYr4JpBiNJwLMm6', 531, 6, 7, 'text', 'a', '2019-06-21 18:19:24', '2019-08-28 16:30:24', '2019-08-28 16:30:24', NULL),
	(574, '-LhtKKbk8v1A-JlDjonn', 531, 6, 7, 'text', 'w', '2019-06-21 18:19:24', '2019-08-28 16:30:24', '2019-08-28 16:30:24', NULL),
	(575, '-LhtKKffcNCCR33IxNHw', 531, 6, 7, 'text', 'w', '2019-06-21 18:19:25', '2019-08-28 16:30:24', '2019-08-28 16:30:24', NULL),
	(576, '-LhtKKj_Iit9Col-d9rq', 531, 6, 7, 'text', 'a', '2019-06-21 18:19:25', '2019-08-28 16:30:24', '2019-08-28 16:30:24', NULL),
	(577, '-LhtKKnT45W_KHpFrGYf', 531, 6, 7, 'text', 'q', '2019-06-21 18:19:25', '2019-08-28 16:30:24', '2019-08-28 16:30:24', NULL),
	(578, '-LhtKKrN0awNle5t3B87', 531, 6, 7, 'text', 'a', '2019-06-21 18:19:25', '2019-08-28 16:30:24', '2019-08-28 16:30:24', NULL),
	(579, '-LhtKKve1Ea8j1Cr8Dh0', 531, 6, 7, 'text', 'a', '2019-06-21 18:19:26', '2019-08-28 16:30:24', '2019-08-28 16:30:24', NULL),
	(580, '-LhtKKzRTRqzHow5rJLY', 531, 6, 7, 'text', 'a', '2019-06-21 18:19:26', '2019-08-28 16:30:24', '2019-08-28 16:30:24', NULL),
	(581, '-LhtKL2BB-9mk3XiB7-h', 531, 6, 7, 'text', 'q', '2019-06-21 18:19:26', '2019-08-28 16:30:24', '2019-08-28 16:30:24', NULL),
	(582, '-LhtKL6Ek9Ob9TwmLKmT', 531, 6, 7, 'text', 'q', '2019-06-21 18:19:26', '2019-08-28 16:30:24', '2019-08-28 16:30:24', NULL),
	(583, '-LhtKL9zWnsKukadDqzQ', 531, 6, 7, 'text', 'q', '2019-06-21 18:19:27', '2019-08-28 16:30:24', '2019-08-28 16:30:24', NULL),
	(584, '-LhtKLDucxJsYu0iyRoS', 531, 6, 7, 'text', 'q', '2019-06-21 18:19:27', '2019-08-28 16:30:24', '2019-08-28 16:30:24', NULL),
	(585, '-LhtKLHgBg5x3XrujQJh', 531, 6, 7, 'text', 'q', '2019-06-21 18:19:27', '2019-08-28 16:30:24', '2019-08-28 16:30:24', NULL),
	(586, '-LhtKLLKTKgn4MY4d5gg', 531, 6, 7, 'text', 'q', '2019-06-21 18:19:27', '2019-08-28 16:30:24', '2019-08-28 16:30:24', NULL),
	(587, '-LhtKLP6JlU5fGYadYOU', 531, 6, 7, 'text', 'q', '2019-06-21 18:19:27', '2019-08-28 16:30:24', '2019-08-28 16:30:24', NULL),
	(588, '-LhtKLSkzZHbPAUUHogN', 531, 6, 7, 'text', 'w', '2019-06-21 18:19:28', '2019-08-28 16:30:24', '2019-08-28 16:30:24', NULL),
	(589, '-LhtKLWX2NnmDXLdi2E5', 531, 6, 7, 'text', 'w', '2019-06-21 18:19:28', '2019-08-28 16:30:24', '2019-08-28 16:30:24', NULL),
	(590, '-LhtKL_9GuWYhSQHPSZi', 531, 6, 7, 'text', 'a', '2019-06-21 18:19:28', '2019-08-28 16:30:24', '2019-08-28 16:30:24', NULL),
	(591, '-LhtKLdB4OmtlRkkU1Op', 531, 6, 7, 'text', 'q', '2019-06-21 18:19:28', '2019-08-28 16:30:24', '2019-08-28 16:30:24', NULL),
	(592, '-LhtKLgqeZYR4rpbv-Wo', 531, 6, 7, 'text', 'q', '2019-06-21 18:19:29', '2019-08-28 16:30:24', '2019-08-28 16:30:24', NULL),
	(593, '-LhtKLkjAKjhdhohtPGM', 531, 6, 7, 'text', 'w', '2019-06-21 18:19:29', '2019-08-28 16:30:24', '2019-08-28 16:30:24', NULL),
	(594, '-LhtKLoO8HEViG8zJ2qo', 531, 6, 7, 'text', 'a', '2019-06-21 18:19:29', '2019-08-28 16:30:24', '2019-08-28 16:30:24', NULL),
	(595, '-LhtKLrjqCxz9LZP_ZLC', 531, 6, 7, 'text', 'a', '2019-06-21 18:19:29', '2019-08-28 16:30:24', '2019-08-28 16:30:24', NULL),
	(596, '-LhtKLvYNTcGJQBPgC_g', 531, 6, 7, 'text', 'a', '2019-06-21 18:19:30', '2019-08-28 16:30:24', '2019-08-28 16:30:24', NULL),
	(597, '-LhtKLz1Mlj3AvD79DFX', 531, 6, 7, 'text', 'w', '2019-06-21 18:19:30', '2019-08-28 16:30:24', '2019-08-28 16:30:24', NULL),
	(598, '-LhtKM1_vmKNaehTd9z-', 531, 6, 7, 'text', 'a', '2019-06-21 18:19:30', '2019-08-28 16:30:24', '2019-08-28 16:30:24', NULL),
	(599, '-LhtKM5NYkGZm5DWB47G', 531, 6, 7, 'text', 'q', '2019-06-21 18:19:30', '2019-08-28 16:30:24', '2019-08-28 16:30:24', NULL),
	(600, '-LhtKM8zE_plDA2coHpF', 531, 6, 7, 'text', 'q', '2019-06-21 18:19:31', '2019-08-28 16:30:24', '2019-08-28 16:30:24', NULL),
	(601, '-LhtKMCloEgUr8cT60sA', 531, 6, 7, 'text', 'q', '2019-06-21 18:19:31', '2019-08-28 16:30:24', '2019-08-28 16:30:24', NULL),
	(602, '-LhtKMGXGgHvb0AjRWHO', 531, 6, 7, 'text', 'q', '2019-06-21 18:19:31', '2019-08-28 16:30:24', '2019-08-28 16:30:24', NULL),
	(603, '-LhtKMKADLHbbA6TndxG', 531, 6, 7, 'text', 'q', '2019-06-21 18:19:31', '2019-08-28 16:30:24', '2019-08-28 16:30:24', NULL),
	(604, '-LhtKMOiZ0Z06Z11T_Mj', 531, 6, 7, 'text', 'q', '2019-06-21 18:19:32', '2019-08-28 16:30:24', '2019-08-28 16:30:24', NULL),
	(605, '-LhtKMT8n8-sJrM99jR2', 531, 6, 7, 'text', 'q', '2019-06-21 18:19:32', '2019-08-28 16:30:24', '2019-08-28 16:30:24', NULL),
	(606, '-LhtKOXawcIiRuURDv3z', 531, 6, 7, 'text', 'q', '2019-06-21 18:19:40', '2019-08-28 16:30:24', '2019-08-28 16:30:24', NULL),
	(607, '-LhtKP60mtDxYyzd7n_0', 531, 6, 7, 'text', 'q', '2019-06-21 18:19:43', '2019-08-28 16:30:24', '2019-08-28 16:30:24', NULL),
	(608, '-LhtKPUb21RN3hi-Q9_M', 531, 6, 7, 'text', 'q', '2019-06-21 18:19:44', '2019-08-28 16:30:24', '2019-08-28 16:30:24', NULL),
	(609, '-LhtKPofmLIXhMjkZK7H', 531, 6, 7, 'text', 'q', '2019-06-21 18:19:46', '2019-08-28 16:30:24', '2019-08-28 16:30:24', NULL),
	(610, '-LhtKQ4UYYDhVz0mXRIZ', 531, 6, 7, 'text', 'a', '2019-06-21 18:19:47', '2019-08-28 16:30:24', '2019-08-28 16:30:24', NULL),
	(611, '-LhtKQ9ZDQ8Zo_b_oVS5', 531, 6, 7, 'text', 'q', '2019-06-21 18:19:47', '2019-08-28 16:30:24', '2019-08-28 16:30:24', NULL),
	(612, '-LhtKQDis6x3_eB8izyt', 531, 6, 7, 'text', 'q', '2019-06-21 18:19:47', '2019-08-28 16:30:24', '2019-08-28 16:30:24', NULL),
	(613, '-LhtKQHd-s4maCYoqEvO', 531, 6, 7, 'text', 'q', '2019-06-21 18:19:47', '2019-08-28 16:30:24', '2019-08-28 16:30:24', NULL),
	(614, '-LhtKQLX_kmo3gEVoheE', 531, 6, 7, 'text', 'q', '2019-06-21 18:19:48', '2019-08-28 16:30:24', '2019-08-28 16:30:24', NULL),
	(615, '-LhtKQPaY2wpdmSsEBSx', 531, 6, 7, 'text', 'q', '2019-06-21 18:19:48', '2019-08-28 16:30:24', '2019-08-28 16:30:24', NULL),
	(616, '-LhtKQTLJwWJbmiadvzk', 531, 6, 7, 'text', 'q', '2019-06-21 18:19:48', '2019-08-28 16:30:24', '2019-08-28 16:30:24', NULL),
	(617, '-LhtKQXN0zac9uLhBrJp', 531, 6, 7, 'text', 'q', '2019-06-21 18:19:48', '2019-08-28 16:30:24', '2019-08-28 16:30:24', NULL),
	(618, '-LhtKQaYWYCx96CN_gnX', 531, 6, 7, 'text', 'q', '2019-06-21 18:19:49', '2019-08-28 16:30:24', '2019-08-28 16:30:24', NULL),
	(619, '-LhtKQeJi8GSSq7gFfkD', 531, 6, 7, 'text', 'q', '2019-06-21 18:19:49', '2019-08-28 16:30:24', '2019-08-28 16:30:24', NULL),
	(620, '-LhtKQiL5mHIzphyHfRR', 531, 6, 7, 'text', 'q', '2019-06-21 18:19:49', '2019-08-28 16:30:24', '2019-08-28 16:30:24', NULL),
	(621, '-LhtKQm6aGxcZf9Ssgnf', 531, 6, 7, 'text', 'q', '2019-06-21 18:19:49', '2019-08-28 16:30:24', '2019-08-28 16:30:24', NULL),
	(622, '-LhtKQq09RITcC53SpF1', 531, 6, 7, 'text', 'q', '2019-06-21 18:19:50', '2019-08-28 16:30:24', '2019-08-28 16:30:24', NULL),
	(623, '-LhtKQtvT5tEu_vq71La', 531, 6, 7, 'text', 'q', '2019-06-21 18:19:50', '2019-08-28 16:30:24', '2019-08-28 16:30:24', NULL),
	(624, '-LhtKQxxcMBDdwrQJJal', 531, 6, 7, 'text', 'q', '2019-06-21 18:19:50', '2019-08-28 16:30:24', '2019-08-28 16:30:24', NULL),
	(625, '-LhtKR0sviHtS_HXwdph', 531, 6, 7, 'text', 'a', '2019-06-21 18:19:50', '2019-08-28 16:30:24', '2019-08-28 16:30:24', NULL),
	(626, '-LhtKR4uZ63elx6w-OFB', 531, 6, 7, 'text', 'q', '2019-06-21 18:19:51', '2019-08-28 16:30:24', '2019-08-28 16:30:24', NULL),
	(627, '-LhtKR8nr3zkShXrhuTA', 531, 6, 7, 'text', 'a', '2019-06-21 18:19:51', '2019-08-28 16:30:24', '2019-08-28 16:30:24', NULL),
	(628, '-LhtKRCqZMtxWWKBvhe4', 531, 6, 7, 'text', 'a', '2019-06-21 18:19:51', '2019-08-28 16:30:24', '2019-08-28 16:30:24', NULL),
	(629, '-LhtKRGj0gWvvgFGPca2', 531, 6, 7, 'text', 'a', '2019-06-21 18:19:52', '2019-08-28 16:30:24', '2019-08-28 16:30:24', NULL),
	(630, '-LhtKU_xJNHtdU-RzXRb', 531, 6, 7, 'text', 'a', '2019-06-21 18:20:05', '2019-08-28 16:30:24', '2019-08-28 16:30:24', NULL),
	(631, '-LhtKUf-oVRwGem6diLr', 531, 6, 7, 'text', 'a', '2019-06-21 18:20:05', '2019-08-28 16:30:24', '2019-08-28 16:30:24', NULL),
	(632, '-LhtKUikeRaRvgxg0xK_', 531, 6, 7, 'text', 'a', '2019-06-21 18:20:06', '2019-08-28 16:30:24', '2019-08-28 16:30:24', NULL),
	(633, '-LhtKUmOy2xhImx0rZu2', 531, 6, 7, 'text', 'a', '2019-06-21 18:20:06', '2019-08-28 16:30:24', '2019-08-28 16:30:24', NULL),
	(634, '-LhtKUq2r2MksrG2qP2-', 531, 6, 7, 'text', 'a', '2019-06-21 18:20:06', '2019-08-28 16:30:24', '2019-08-28 16:30:24', NULL),
	(635, '-LhtKUty0JHlg85KRcKI', 531, 6, 7, 'text', 'a', '2019-06-21 18:20:06', '2019-08-28 16:30:24', '2019-08-28 16:30:24', NULL),
	(636, '-LhtKUy-h15kekA-2yvV', 531, 6, 7, 'text', 'a', '2019-06-21 18:20:07', '2019-08-28 16:30:24', '2019-08-28 16:30:24', NULL),
	(637, '-LhtKV0vISrElzmbMPq3', 531, 6, 7, 'text', 'a', '2019-06-21 18:20:07', '2019-08-28 16:30:24', '2019-08-28 16:30:24', NULL),
	(638, '-LhtKV5C9PurNM6nNKQZ', 531, 6, 7, 'text', 'a', '2019-06-21 18:20:07', '2019-08-28 16:30:24', '2019-08-28 16:30:24', NULL),
	(639, '-LhtKV8zzrcmeDtsCJsa', 531, 6, 7, 'text', 'a', '2019-06-21 18:20:07', '2019-08-28 16:30:24', '2019-08-28 16:30:24', NULL),
	(640, '-LhtKVCjxYJAFwF1AXqJ', 531, 6, 7, 'text', 'a', '2019-06-21 18:20:08', '2019-08-28 16:30:24', '2019-08-28 16:30:24', NULL),
	(641, '-LhtKVGWK6kSYG-WrbEI', 531, 6, 7, 'text', 'a', '2019-06-21 18:20:08', '2019-08-28 16:30:24', '2019-08-28 16:30:24', NULL),
	(642, '-LhtKVKH2QGScT8Dkeag', 531, 6, 7, 'text', 'a', '2019-06-21 18:20:08', '2019-08-28 16:30:24', '2019-08-28 16:30:24', NULL),
	(643, '-LhtKVOT6Wn9Yh8ii6md', 531, 6, 7, 'text', 'a', '2019-06-21 18:20:08', '2019-08-28 16:30:24', '2019-08-28 16:30:24', NULL),
	(644, '-LhtKVSMYZK88TRGZcfn', 531, 6, 7, 'text', 'a', '2019-06-21 18:20:09', '2019-08-28 16:30:24', '2019-08-28 16:30:24', NULL),
	(645, '-LhtKVWFlVq87W1dQJy3', 531, 6, 7, 'text', 'a', '2019-06-21 18:20:09', '2019-08-28 16:30:24', '2019-08-28 16:30:24', NULL),
	(646, '-LhtKV_9oLNzAZkoe5Ko', 531, 6, 7, 'text', 'a', '2019-06-21 18:20:09', '2019-08-28 16:30:24', '2019-08-28 16:30:24', NULL),
	(647, '-LhtKVcxz4dLa6roEmNs', 531, 6, 7, 'text', 'a', '2019-06-21 18:20:09', '2019-08-28 16:30:24', '2019-08-28 16:30:24', NULL),
	(648, '-LhtKVguYJbbeOtI-a2P', 531, 6, 7, 'text', 'a', '2019-06-21 18:20:10', '2019-08-28 16:30:24', '2019-08-28 16:30:24', NULL),
	(649, '-LhtKhStr_jdVmvTc3s9', 531, 7, 6, 'text', 'xxxxx', '2019-06-21 18:21:02', '2019-08-28 16:30:24', '2019-08-28 16:30:24', NULL),
	(650, '-LhtKiVzXVA9mP2cOsjV', 531, 7, 6, 'text', 'zxxx', '2019-06-21 18:21:06', '2019-08-28 16:30:24', '2019-08-28 16:30:24', NULL),
	(651, '-LhtKijE7lD63aaHoqNF', 531, 7, 6, 'text', 'xx', '2019-06-21 18:21:07', '2019-08-28 16:30:24', '2019-08-28 16:30:24', NULL),
	(652, '-LhtKiozYcmrU8Xihvva', 531, 7, 6, 'text', 'x', '2019-06-21 18:21:08', '2019-08-28 16:30:24', '2019-08-28 16:30:24', NULL),
	(653, '-LhtKj4MCjZmM3FQdLrn', 531, 7, 6, 'text', 'zxxxx', '2019-06-21 18:21:09', '2019-08-28 16:30:24', '2019-08-28 16:30:24', NULL),
	(654, '-LhtKjBHHjyZbhWJirfO', 531, 7, 6, 'text', 'x', '2019-06-21 18:21:09', '2019-08-28 16:30:24', '2019-08-28 16:30:24', NULL),
	(655, '-LhtKjEYV6Llz6VAc00m', 531, 7, 6, 'text', 'x', '2019-06-21 18:21:09', '2019-08-28 16:30:24', '2019-08-28 16:30:24', NULL),
	(656, '-LhtKjHpey0FX8SlZOwl', 531, 7, 6, 'text', 'xx', '2019-06-21 18:21:10', '2019-08-28 16:30:24', '2019-08-28 16:30:24', NULL),
	(657, '-LhtKjKhwN4TMJ8I4Lzr', 531, 7, 6, 'text', 'x', '2019-06-21 18:21:10', '2019-08-28 16:30:24', '2019-08-28 16:30:24', NULL),
	(658, '-LhtKjo9h02lxtSSxMqa', 531, 7, 6, 'text', 'xxxxxxx', '2019-06-21 18:21:12', '2019-08-28 16:30:24', '2019-08-28 16:30:24', NULL),
	(659, '-LhtKjxQ63l8VH28HvD6', 531, 7, 6, 'text', 'x', '2019-06-21 18:21:12', '2019-08-28 16:30:24', '2019-08-28 16:30:24', NULL),
	(660, '-LhtKk-Kz9AUq6BNaHv6', 531, 7, 6, 'text', 'x', '2019-06-21 18:21:13', '2019-08-28 16:30:24', '2019-08-28 16:30:24', NULL),
	(661, '-LhtKk4xwV7KEMuDfX1t', 531, 7, 6, 'text', 'xx', '2019-06-21 18:21:13', '2019-08-28 16:30:24', '2019-08-28 16:30:24', NULL),
	(662, '-LhtKkNu2wpSXGiGL2Jx', 531, 7, 6, 'text', 'xxxxxxxx', '2019-06-21 18:21:14', '2019-08-28 16:30:24', '2019-08-28 16:30:24', NULL),
	(663, '-LhtKkWXDJ0bPspAl_Yh', 531, 7, 6, 'text', 'x', '2019-06-21 18:21:15', '2019-08-28 16:30:24', '2019-08-28 16:30:24', NULL),
	(664, '-LhtKkl4MWGZKDRNQqZl', 531, 7, 6, 'text', 'xxxx', '2019-06-21 18:21:16', '2019-08-28 16:30:24', '2019-08-28 16:30:24', NULL),
	(665, '-LhtKl2vovzKLUkvZtYL', 531, 7, 6, 'text', 'xdd', '2019-06-21 18:21:17', '2019-08-28 16:30:24', '2019-08-28 16:30:24', NULL),
	(666, '-LhtKlG0GSPvSgRhV4EF', 531, 7, 6, 'text', 'xd', '2019-06-21 18:21:18', '2019-08-28 16:30:24', '2019-08-28 16:30:24', NULL),
	(667, '-LhtKlPYO_PbJo8mIJ0F', 531, 7, 6, 'text', 'xzd', '2019-06-21 18:21:18', '2019-08-28 16:30:24', '2019-08-28 16:30:24', NULL),
	(668, '-LhtKlSINqAG8Aq_m9Mr', 531, 7, 6, 'text', 'd', '2019-06-21 18:21:19', '2019-08-28 16:30:24', '2019-08-28 16:30:24', NULL),
	(669, '-LhtKp2p72r9QO3uFcEv', 531, 7, 6, 'text', 'xxxxxxxxddxxx', '2019-06-21 18:21:33', '2019-08-28 16:30:24', '2019-08-28 16:30:24', NULL),
	(670, '-LhtKqeMqiCJKtr_ZeMg', 531, 7, 6, 'text', 'fff pass as', '2019-06-21 18:21:40', '2019-08-28 16:30:24', '2019-08-28 16:30:24', NULL),
	(671, '-LhtKr6HkfWi2Aw52a9a', 531, 7, 6, 'text', 'mmmm .n', '2019-06-21 18:21:42', '2019-08-28 16:30:24', '2019-08-28 16:30:24', NULL),
	(672, '-LhtKrIguhVIhWfTtXQM', 531, 7, 6, 'text', 'nm', '2019-06-21 18:21:42', '2019-08-28 16:30:24', '2019-08-28 16:30:24', NULL),
	(673, '-LhtKrb5Ld52Tak-72Os', 531, 7, 6, 'text', 'n nn', '2019-06-21 18:21:44', '2019-08-28 16:30:24', '2019-08-28 16:30:24', NULL),
	(674, '-LhtKrexHar2ec4tmuYb', 531, 7, 6, 'text', 'nn', '2019-06-21 18:21:44', '2019-08-28 16:30:24', '2019-08-28 16:30:24', NULL),
	(675, '-LhtKuTVeQqo0myLCWnz', 531, 7, 6, 'text', 'nn mm mmmm mmm.gg', '2019-06-21 18:21:55', '2019-08-28 16:30:24', '2019-08-28 16:30:24', NULL),
	(676, '-LhtKv2vbbeLyUkaPJjl', 531, 7, 6, 'text', 'fff', '2019-06-21 18:21:58', '2019-08-28 16:30:24', '2019-08-28 16:30:24', NULL),
	(677, '-LhtKvy5Gbh97l9wb41b', 531, 7, 6, 'text', 'dxd', '2019-06-21 18:22:02', '2019-08-28 16:30:24', '2019-08-28 16:30:24', NULL),
	(678, '-LhtL3r1v8ArLFYESsQU', 531, 7, 6, 'text', 'fff', '2019-06-21 18:22:38', '2019-08-28 16:30:24', '2019-08-28 16:30:24', NULL),
	(679, '-LhtL4WxtAstGusrmbcE', 531, 7, 6, 'text', 'xx', '2019-06-21 18:22:41', '2019-08-28 16:30:24', '2019-08-28 16:30:24', NULL),
	(680, '-LhtL5Gn968B6hwLUfRd', 531, 7, 6, 'text', 'cffds', '2019-06-21 18:22:44', '2019-08-28 16:30:24', '2019-08-28 16:30:24', NULL),
	(681, '-LhtL5RVG3stLmLumA2W', 531, 7, 6, 'text', 's', '2019-06-21 18:22:44', '2019-08-28 16:30:24', '2019-08-28 16:30:24', NULL),
	(682, '-LhtL5cBmgc08wtNHSz-', 531, 7, 6, 'text', 's', '2019-06-21 18:22:45', '2019-08-28 16:30:24', '2019-08-28 16:30:24', NULL),
	(683, '-LhtL6dRDbe1D1D4slmb', 531, 7, 6, 'text', 'ss', '2019-06-21 18:22:49', '2019-08-28 16:30:24', '2019-08-28 16:30:24', NULL),
	(684, '-LhtL6mymqPBGQkWfuuD', 531, 7, 6, 'text', 's', '2019-06-21 18:22:50', '2019-08-28 16:30:24', '2019-08-28 16:30:24', NULL),
	(685, '-LhtL70rgJ8jkXs649A6', 531, 7, 6, 'text', 's', '2019-06-21 18:22:51', '2019-08-28 16:30:24', '2019-08-28 16:30:24', NULL),
	(686, '-LhtL77sQHNvFnifceo0', 531, 7, 6, 'text', 's', '2019-06-21 18:22:51', '2019-08-28 16:30:24', '2019-08-28 16:30:24', NULL),
	(687, '-LhtL7E3VGTFJlcTGL_k', 531, 7, 6, 'text', 's', '2019-06-21 18:22:52', '2019-08-28 16:30:24', '2019-08-28 16:30:24', NULL),
	(688, '-LhtL92aZTgi5PgCdxSS', 531, 7, 6, 'text', 'ssssssssssh', '2019-06-21 18:22:59', '2019-08-28 16:30:24', '2019-08-28 16:30:24', NULL),
	(689, '-LhtL9N-3YbejZTY2tiS', 531, 7, 6, 'text', 'g', '2019-06-21 18:23:01', '2019-08-28 16:30:24', '2019-08-28 16:30:24', NULL),
	(690, '-LhtL9X3tv2BQT6XxeAM', 531, 7, 6, 'text', 'g', '2019-06-21 18:23:01', '2019-08-28 16:30:24', '2019-08-28 16:30:24', NULL),
	(691, '-LhtLA3CX7I7zOWvagJq', 531, 7, 6, 'text', 'hggg', '2019-06-21 18:23:03', '2019-08-28 16:30:24', '2019-08-28 16:30:24', NULL),
	(692, '-LhtLAAmVe-PAQWruewA', 531, 7, 6, 'text', 'h', '2019-06-21 18:23:04', '2019-08-28 16:30:24', '2019-08-28 16:30:24', NULL),
	(693, '-LhtLAeO39LA2IxoiQan', 531, 7, 6, 'text', 'hhhh', '2019-06-21 18:23:06', '2019-08-28 16:30:24', '2019-08-28 16:30:24', NULL),
	(694, '-LhtLBZycSlZNr6ElNx-', 531, 7, 6, 'text', 'hujuuuyr', '2019-06-21 18:23:10', '2019-08-28 16:30:24', '2019-08-28 16:30:24', NULL),
	(695, '-LhtLBya7uBsuR0HNjjq', 531, 7, 6, 'text', 'eeeeeewwf', '2019-06-21 18:23:11', '2019-08-28 16:30:24', '2019-08-28 16:30:24', NULL),
	(696, '-LhtLC6LEkwKWpbI9ehc', 531, 7, 6, 'text', 'yyy', '2019-06-21 18:23:12', '2019-08-28 16:30:24', '2019-08-28 16:30:24', NULL),
	(697, '-LhtLCByNEnNhIQYtvds', 531, 7, 6, 'text', 'yt', '2019-06-21 18:23:12', '2019-08-28 16:30:24', '2019-08-28 16:30:24', NULL),
	(698, '-LhtLC__WOw_INZ6gWS4', 531, 7, 6, 'text', 'ttttttttt', '2019-06-21 18:23:14', '2019-08-28 16:30:24', '2019-08-28 16:30:24', NULL),
	(699, '-LhtLCg6T1hr8NDApTdb', 531, 7, 6, 'text', 'tt', '2019-06-21 18:23:14', '2019-08-28 16:30:24', '2019-08-28 16:30:24', NULL),
	(700, '-LhtLE4p5jvHw9rLmwWF', 531, 7, 6, 'text', 'ttttttttttttttttr', '2019-06-21 18:23:20', '2019-08-28 16:30:24', '2019-08-28 16:30:24', NULL),
	(701, '-LhtLEDZxc6mPulsCsg6', 531, 7, 6, 'text', 'rr', '2019-06-21 18:23:20', '2019-08-28 16:30:24', '2019-08-28 16:30:24', NULL),
	(702, '-LhtLEGJbn7o_drLRRaY', 531, 7, 6, 'text', 'r', '2019-06-21 18:23:21', '2019-08-28 16:30:24', '2019-08-28 16:30:24', NULL),
	(703, '-LhtLEOgKV-qiTgywEd2', 531, 7, 6, 'text', 'rrr', '2019-06-21 18:23:21', '2019-08-28 16:30:24', '2019-08-28 16:30:24', NULL),
	(704, '-LhtLERZhXN5aE03fgZG', 531, 7, 6, 'text', 'r', '2019-06-21 18:23:21', '2019-08-28 16:30:24', '2019-08-28 16:30:24', NULL),
	(705, '-LhtLEXVDPEcc6ix1Bap', 531, 7, 6, 'text', 'rr', '2019-06-21 18:23:22', '2019-08-28 16:30:24', '2019-08-28 16:30:24', NULL),
	(706, '-LhtLEf3F6b1SVbJ-Lbn', 531, 7, 6, 'text', 'rr', '2019-06-21 18:23:22', '2019-08-28 16:30:24', '2019-08-28 16:30:24', NULL),
	(707, '-LhtLEnh10EY-3xoZG3j', 531, 7, 6, 'text', 'rr', '2019-06-21 18:23:23', '2019-08-28 16:30:24', '2019-08-28 16:30:24', NULL),
	(708, '-LhtLIO_LzbPRQQ5NZUz', 531, 7, 6, 'text', 'rttrrrrtreededee', '2019-06-21 18:23:38', '2019-08-28 16:30:24', '2019-08-28 16:30:24', NULL),
	(709, '-LhtLIkMCsb57U4CZ0HH', 531, 7, 6, 'text', 'ddd', '2019-06-21 18:23:39', '2019-08-28 16:30:24', '2019-08-28 16:30:24', NULL),
	(710, '-LhtLIs_baqWt-CB3HfG', 531, 7, 6, 'text', 's', '2019-06-21 18:23:40', '2019-08-28 16:30:24', '2019-08-28 16:30:24', NULL),
	(711, '-LhtLIvX22UEc8YyI2Zf', 531, 7, 6, 'text', 'x', '2019-06-21 18:23:40', '2019-08-28 16:30:24', '2019-08-28 16:30:24', NULL),
	(712, '-LhtLJ0KztQKA4IKOv9W', 531, 7, 6, 'text', 'z', '2019-06-21 18:23:40', '2019-08-28 16:30:24', '2019-08-28 16:30:24', NULL),
	(713, '-LhtLJ6FlDc_mhzMWjfh', 531, 7, 6, 'text', 'z', '2019-06-21 18:23:40', '2019-08-28 16:30:24', '2019-08-28 16:30:24', NULL),
	(714, '-LhtLJ9dmblWnLnvaPun', 531, 7, 6, 'text', 'z', '2019-06-21 18:23:41', '2019-08-28 16:30:24', '2019-08-28 16:30:24', NULL),
	(715, '-LhtLJE_hvDPtoQsS8u0', 531, 7, 6, 'text', 'zz', '2019-06-21 18:23:41', '2019-08-28 16:30:24', '2019-08-28 16:30:24', NULL),
	(716, '-LhtLJLBHl09kBMuzSlE', 531, 7, 6, 'text', 'z', '2019-06-21 18:23:41', '2019-08-28 16:30:24', '2019-08-28 16:30:24', NULL),
	(717, '-LhtLJOHNh7nfsH3FIiK', 531, 7, 6, 'text', 'z', '2019-06-21 18:23:42', '2019-08-28 16:30:24', '2019-08-28 16:30:24', NULL),
	(718, '-LhtLJQtz0VfnJLGHImd', 531, 7, 6, 'text', 'z', '2019-06-21 18:23:42', '2019-08-28 16:30:24', '2019-08-28 16:30:24', NULL),
	(719, '-LhtLJTGSswmvxJiWkxw', 531, 7, 6, 'text', 'z', '2019-06-21 18:23:42', '2019-08-28 16:30:24', '2019-08-28 16:30:24', NULL),
	(720, '-LhtLJVTQeVhyxASjB7W', 531, 7, 6, 'text', 'z', '2019-06-21 18:23:42', '2019-08-28 16:30:24', '2019-08-28 16:30:24', NULL),
	(721, '-LhtLJWtyou_xaCZYkDZ', 531, 7, 6, 'text', 'z', '2019-06-21 18:23:42', '2019-08-28 16:30:24', '2019-08-28 16:30:24', NULL),
	(722, '-LhtLJcsZX9XpcR6y6h4', 531, 7, 6, 'text', 'zz', '2019-06-21 18:23:43', '2019-08-28 16:30:24', '2019-08-28 16:30:24', NULL),
	(723, '-LhtLJkIJmoG6MzNXAqB', 531, 7, 6, 'text', 'zzzz', '2019-06-21 18:23:43', '2019-08-28 16:30:24', '2019-08-28 16:30:24', NULL),
	(724, '-LhtLJs-NqxJGVaxxzVM', 531, 7, 6, 'text', 'z', '2019-06-21 18:23:44', '2019-08-28 16:30:24', '2019-08-28 16:30:24', NULL),
	(725, '-LhtLJuv0oTew_53zkup', 531, 7, 6, 'text', 'zz', '2019-06-21 18:23:44', '2019-08-28 16:30:24', '2019-08-28 16:30:24', NULL),
	(726, '-LhtLJxVsXhvJtFNPFL0', 531, 7, 6, 'text', 'z', '2019-06-21 18:23:44', '2019-08-28 16:30:24', '2019-08-28 16:30:24', NULL),
	(727, '-LhtLK39-sGRR4Z8rkze', 531, 7, 6, 'text', 'zzz', '2019-06-21 18:23:44', '2019-08-28 16:30:24', '2019-08-28 16:30:24', NULL),
	(728, '-LhtLKIPkC5GzDFbQmJu', 531, 7, 6, 'text', 'zzzzzz', '2019-06-21 18:23:45', '2019-08-28 16:30:24', '2019-08-28 16:30:24', NULL),
	(729, '-LhtLKKHhe2VVKvWqS98', 531, 7, 6, 'text', 'z', '2019-06-21 18:23:45', '2019-08-28 16:30:24', '2019-08-28 16:30:24', NULL),
	(730, '-LhtLKR82q2TrUuO0PGC', 531, 7, 6, 'text', 'z', '2019-06-21 18:23:46', '2019-08-28 16:30:24', '2019-08-28 16:30:24', NULL),
	(731, '-LhtLKvsVr_wlbYLj86K', 531, 7, 6, 'text', 'zzzzzzz', '2019-06-21 18:23:48', '2019-08-28 16:30:24', '2019-08-28 16:30:24', NULL),
	(732, '-LhtLL0lowuOqUudMOX-', 531, 7, 6, 'text', 'z', '2019-06-21 18:23:48', '2019-08-28 16:30:24', '2019-08-28 16:30:24', NULL),
	(733, '-LhtLL3Nz4MHa5czyyHs', 531, 7, 6, 'text', 'z', '2019-06-21 18:23:48', '2019-08-28 16:30:24', '2019-08-28 16:30:24', NULL),
	(734, '-LhtLL5COdkd_WnLMWSr', 531, 7, 6, 'text', 'z', '2019-06-21 18:23:49', '2019-08-28 16:30:24', '2019-08-28 16:30:24', NULL),
	(735, '-LhtLL9OzCXXNPp3s-lB', 531, 7, 6, 'text', 'z', '2019-06-21 18:23:49', '2019-08-28 16:30:24', '2019-08-28 16:30:24', NULL),
	(736, '-LhtLLAJsTkwrR7wIaaP', 531, 7, 6, 'text', 'zz', '2019-06-21 18:23:49', '2019-08-28 16:30:24', '2019-08-28 16:30:24', NULL),
	(737, '-LhtLLCWmWZZU2kwzCBm', 531, 7, 6, 'text', 'z', '2019-06-21 18:23:49', '2019-08-28 16:30:24', '2019-08-28 16:30:24', NULL),
	(738, '-LhtLLNnz2KFPL1DfoCr', 531, 7, 6, 'text', 'zzzz', '2019-06-21 18:23:50', '2019-08-28 16:30:24', '2019-08-28 16:30:24', NULL),
	(739, '-LhtLLlbhBAyykFPyHx5', 531, 7, 6, 'text', 'zzzzzz', '2019-06-21 18:23:51', '2019-08-28 16:30:24', '2019-08-28 16:30:24', NULL),
	(740, '-LhtLM9jI6n8dIYsRb4K', 531, 7, 6, 'text', 'zzzzz', '2019-06-21 18:23:53', '2019-08-28 16:30:24', '2019-08-28 16:30:24', NULL),
	(741, '-LhtLMC4a1ZuD_j1q4mu', 531, 7, 6, 'text', 'z', '2019-06-21 18:23:53', '2019-08-28 16:30:24', '2019-08-28 16:30:24', NULL),
	(742, '-LhtLMEfXWZ1LgjNXsHg', 531, 7, 6, 'text', 'z', '2019-06-21 18:23:53', '2019-08-28 16:30:24', '2019-08-28 16:30:24', NULL),
	(743, '-LhtLMGm2SOrIgBxknZr', 531, 7, 6, 'text', 'z', '2019-06-21 18:23:53', '2019-08-28 16:30:24', '2019-08-28 16:30:24', NULL),
	(744, '-LhtLMLdzcryNQqtfaez', 531, 7, 6, 'text', 'zz', '2019-06-21 18:23:54', '2019-08-28 16:30:24', '2019-08-28 16:30:24', NULL),
	(745, '-LhtLMOFUST1B1wCSBfz', 531, 7, 6, 'text', 'z', '2019-06-21 18:23:54', '2019-08-28 16:30:24', '2019-08-28 16:30:24', NULL),
	(746, '-LhtLMUuYvhs8C0jTiAy', 531, 7, 6, 'text', 'zzz', '2019-06-21 18:23:54', '2019-08-28 16:30:24', '2019-08-28 16:30:24', NULL),
	(747, '-LhtLM_Hpxw3uBOY4o4R', 531, 7, 6, 'text', 'zz', '2019-06-21 18:23:55', '2019-08-28 16:30:24', '2019-08-28 16:30:24', NULL),
	(748, '-LhtLMzYld0tu0uO9Hrx', 531, 7, 6, 'text', 'zzzzzz', '2019-06-21 18:23:56', '2019-08-28 16:30:24', '2019-08-28 16:30:24', NULL),
	(749, '-LhtLP00tL-nmD8C4Jqj', 531, 7, 6, 'text', 'ssss', '2019-06-21 18:24:05', '2019-08-28 16:30:24', '2019-08-28 16:30:24', NULL),
	(750, '-LhtLP_GdoNsysx5I3IA', 531, 7, 6, 'text', 'szzz', '2019-06-21 18:24:07', '2019-08-28 16:30:24', '2019-08-28 16:30:24', NULL),
	(751, '-LhtLPcEWNzQe5xPFkek', 531, 7, 6, 'text', 'z', '2019-06-21 18:24:07', '2019-08-28 16:30:24', '2019-08-28 16:30:24', NULL),
	(752, '-LhtLPhUMxTs-A4NTDt5', 531, 7, 6, 'text', 'z', '2019-06-21 18:24:07', '2019-08-28 16:30:24', '2019-08-28 16:30:24', NULL),
	(753, '-LhtLPjSzZ1JmgFsbdKo', 531, 7, 6, 'text', 'z', '2019-06-21 18:24:08', '2019-08-28 16:30:24', '2019-08-28 16:30:24', NULL),
	(754, '-LhtLPtNKQLBCqX7FI1n', 531, 7, 6, 'text', 'zzzz', '2019-06-21 18:24:08', '2019-08-28 16:30:24', '2019-08-28 16:30:24', NULL),
	(755, '-LhtLPvaGcWqGpBIGLM4', 531, 7, 6, 'text', 'z', '2019-06-21 18:24:08', '2019-08-28 16:30:24', '2019-08-28 16:30:24', NULL),
	(756, '-LhtLQ-2djZrObSbLEHS', 531, 7, 6, 'text', 'z', '2019-06-21 18:24:09', '2019-08-28 16:30:24', '2019-08-28 16:30:24', NULL),
	(757, '-LhtLQ1kYZYwk_Rs0REQ', 531, 7, 6, 'text', 'zzz', '2019-06-21 18:24:09', '2019-08-28 16:30:24', '2019-08-28 16:30:24', NULL),
	(758, '-LhtLQhAZMmJGPl6Ox16', 531, 7, 6, 'text', 'zzzzzzzzz', '2019-06-21 18:24:12', '2019-08-28 16:30:24', '2019-08-28 16:30:24', NULL),
	(759, '-LhtLQnSXzs2Y-q6-hMx', 531, 7, 6, 'text', 's', '2019-06-21 18:24:12', '2019-08-28 16:30:24', '2019-08-28 16:30:24', NULL),
	(760, '-LhtLQpwSOyHWSQEnsEV', 531, 7, 6, 'text', 's', '2019-06-21 18:24:12', '2019-08-28 16:30:24', '2019-08-28 16:30:24', NULL),
	(761, '-LhtLQsQDduwRLkRLVQ-', 531, 7, 6, 'text', 's', '2019-06-21 18:24:12', '2019-08-28 16:30:24', '2019-08-28 16:30:24', NULL),
	(762, '-LhtLQv19-XX6IKEg_QR', 531, 7, 6, 'text', 's', '2019-06-21 18:24:12', '2019-08-28 16:30:24', '2019-08-28 16:30:24', NULL),
	(763, '-LhtLQxlnrQMe4nBQ8NV', 531, 7, 6, 'text', 's', '2019-06-21 18:24:13', '2019-08-28 16:30:24', '2019-08-28 16:30:24', NULL),
	(764, '-LhtLR4c9jSTkpwT047M', 531, 7, 6, 'text', 'sss', '2019-06-21 18:24:13', '2019-08-28 16:30:24', '2019-08-28 16:30:24', NULL),
	(765, '-LhtLR9_4ksCVr4ZNh-J', 531, 7, 6, 'text', 'ss', '2019-06-21 18:24:13', '2019-08-28 16:30:24', '2019-08-28 16:30:24', NULL),
	(766, '-LhtLRCzO6TFrXKPtQZM', 531, 7, 6, 'text', 's', '2019-06-21 18:24:14', '2019-08-28 16:30:24', '2019-08-28 16:30:24', NULL),
	(767, '-LhtLRFbuKKc29FRHyU1', 531, 7, 6, 'text', 's', '2019-06-21 18:24:14', '2019-08-28 16:30:24', '2019-08-28 16:30:24', NULL),
	(768, '-LhtLRIDkGhEe8XKLO9D', 531, 7, 6, 'text', 's', '2019-06-21 18:24:14', '2019-08-28 16:30:24', '2019-08-28 16:30:24', NULL),
	(769, '-LhtLRKjff5xNe2mgT0x', 531, 7, 6, 'text', 's', '2019-06-21 18:24:14', '2019-08-28 16:30:24', '2019-08-28 16:30:24', NULL),
	(770, '-LhtLRPYy4zmpK2b0CiJ', 531, 7, 6, 'text', 'ss', '2019-06-21 18:24:14', '2019-08-28 16:30:24', '2019-08-28 16:30:24', NULL),
	(771, '-LhtLRbdgw_qG85byIJn', 531, 7, 6, 'text', 'sssss', '2019-06-21 18:24:15', '2019-08-28 16:30:24', '2019-08-28 16:30:24', NULL),
	(772, '-LhtLReM7F4Ze6kpHJNq', 531, 7, 6, 'text', 's', '2019-06-21 18:24:15', '2019-08-28 16:30:24', '2019-08-28 16:30:24', NULL),
	(773, '-LhtLRkEjZslYEE3YtKy', 531, 7, 6, 'text', 's', '2019-06-21 18:24:16', '2019-08-28 16:30:24', '2019-08-28 16:30:24', NULL),
	(774, '-LhtLRmrqvJmV00B6uZg', 531, 7, 6, 'text', 's', '2019-06-21 18:24:16', '2019-08-28 16:30:24', '2019-08-28 16:30:24', NULL),
	(775, '-LhtLRqm1SmJd3xbEY35', 531, 7, 6, 'text', 'ss', '2019-06-21 18:24:16', '2019-08-28 16:30:24', '2019-08-28 16:30:24', NULL),
	(776, '-LhtLRtHqbNXxHR3CiWy', 531, 7, 6, 'text', 's', '2019-06-21 18:24:16', '2019-08-28 16:30:24', '2019-08-28 16:30:24', NULL),
	(777, '-LhtLRxjgIH8VmTt9sYI', 531, 7, 6, 'text', 'ss', '2019-06-21 18:24:17', '2019-08-28 16:30:24', '2019-08-28 16:30:24', NULL),
	(778, '-LhtLS0-Ny48f0VwZST6', 531, 7, 6, 'text', 's', '2019-06-21 18:24:17', '2019-08-28 16:30:24', '2019-08-28 16:30:24', NULL),
	(779, '-LhtLS2kgIkFTFqqWdpu', 531, 7, 6, 'text', 's', '2019-06-21 18:24:17', '2019-08-28 16:30:24', '2019-08-28 16:30:24', NULL),
	(780, '-LhtLS6-dhwdpSUuPUOt', 531, 7, 6, 'text', 's', '2019-06-21 18:24:17', '2019-08-28 16:30:24', '2019-08-28 16:30:24', NULL),
	(781, '-LhtLSBdP0FBtkYR5fMC', 531, 7, 6, 'text', 'z', '2019-06-21 18:24:18', '2019-08-28 16:30:24', '2019-08-28 16:30:24', NULL),
	(782, '-LhtLSOaHdGIfuDX5fCj', 531, 7, 6, 'text', 'z', '2019-06-21 18:24:19', '2019-08-28 16:30:24', '2019-08-28 16:30:24', NULL),
	(783, '-LhtLSTRGFVHNjxVUVY7', 531, 7, 6, 'text', 'zz', '2019-06-21 18:24:19', '2019-08-28 16:30:24', '2019-08-28 16:30:24', NULL),
	(784, '-LhtLSaXFo_RPzYaWRem', 531, 7, 6, 'text', 'Z', '2019-06-21 18:24:19', '2019-08-28 16:30:24', '2019-08-28 16:30:24', NULL),
	(785, '-LhtLSfdetwk10UCuV_X', 531, 7, 6, 'text', 'zs', '2019-06-21 18:24:20', '2019-08-28 16:30:24', '2019-08-28 16:30:24', NULL),
	(786, '-LhtLSrtA-gGD_CwSo9d', 531, 7, 6, 'text', 'ss', '2019-06-21 18:24:20', '2019-08-28 16:30:24', '2019-08-28 16:30:24', NULL),
	(787, '-LhtLSx8LPC8pyUhAi1k', 531, 7, 6, 'text', 's', '2019-06-21 18:24:21', '2019-08-28 16:30:24', '2019-08-28 16:30:24', NULL),
	(788, '-LhtLSzNTkNyiIw8VrLD', 531, 7, 6, 'text', 'sa', '2019-06-21 18:24:21', '2019-08-28 16:30:24', '2019-08-28 16:30:24', NULL),
	(789, '-LhtLT0rWpcVIdriC5z5', 531, 7, 6, 'text', 'a', '2019-06-21 18:24:21', '2019-08-28 16:30:24', '2019-08-28 16:30:24', NULL),
	(790, '-LhtLT3rOwRaPsnY2cSe', 531, 7, 6, 'text', 'a', '2019-06-21 18:24:21', '2019-08-28 16:30:24', '2019-08-28 16:30:24', NULL),
	(791, '-LhtLTPdWPVW3fnqCPBo', 531, 7, 6, 'text', 'asaaa', '2019-06-21 18:24:23', '2019-08-28 16:30:24', '2019-08-28 16:30:24', NULL),
	(792, '-LhtLUCqYo2NWrwLaWM9', 531, 7, 6, 'text', 'a', '2019-06-21 18:24:26', '2019-08-28 16:30:24', '2019-08-28 16:30:24', NULL),
	(793, '-LhtLUEWbrt2bUHClVk1', 531, 7, 6, 'text', 'a', '2019-06-21 18:24:26', '2019-08-28 16:30:24', '2019-08-28 16:30:24', NULL),
	(794, '-LhtLUd8k0zI38KVFkOE', 531, 7, 6, 'text', 'aaaaasssa', '2019-06-21 18:24:28', '2019-08-28 16:30:24', '2019-08-28 16:30:24', NULL),
	(795, '-LhtLUlW4hx7s_LDXQVl', 531, 7, 6, 'text', 'aaaaasssaaa', '2019-06-21 18:24:28', '2019-08-28 16:30:24', '2019-08-28 16:30:24', NULL),
	(796, '-LhtLUu8GDfjERv8IH-S', 531, 7, 6, 'text', 'a', '2019-06-21 18:24:29', '2019-08-28 16:30:24', '2019-08-28 16:30:24', NULL),
	(797, '-LhtLUxgnPq6c7kFRUh5', 531, 7, 6, 'text', 'a', '2019-06-21 18:24:29', '2019-08-28 16:30:24', '2019-08-28 16:30:24', NULL),
	(798, '-LhtLUz7MU1XGf0HGxI6', 531, 7, 6, 'text', 'a', '2019-06-21 18:24:29', '2019-08-28 16:30:24', '2019-08-28 16:30:24', NULL),
	(799, '-LhtLV2BH7g05HxIlz-c', 531, 7, 6, 'text', 'a', '2019-06-21 18:24:29', '2019-08-28 16:30:24', '2019-08-28 16:30:24', NULL),
	(800, '-LhtLV5SDYv53SGDox-I', 531, 7, 6, 'text', 'aa', '2019-06-21 18:24:30', '2019-08-28 16:30:24', '2019-08-28 16:30:24', NULL),
	(801, '-LhtLVEkrQeFR-_i1G1G', 531, 7, 6, 'text', 'aaa', '2019-06-21 18:24:30', '2019-08-28 16:30:24', '2019-08-28 16:30:24', NULL),
	(802, '-LhtLVOQP1u9glxQYG_1', 531, 7, 6, 'text', 'aaaaa', '2019-06-21 18:24:31', '2019-08-28 16:30:24', '2019-08-28 16:30:24', NULL),
	(803, '-LhtLVQ6d2MtSVarJfdG', 531, 7, 6, 'text', 'a', '2019-06-21 18:24:31', '2019-08-28 16:30:24', '2019-08-28 16:30:24', NULL),
	(804, '-LhtLVXJNuy60llChRgN', 531, 7, 6, 'text', 'a', '2019-06-21 18:24:31', '2019-08-28 16:30:24', '2019-08-28 16:30:24', NULL),
	(805, '-LhtLV_t2Pkj3P6kBOE0', 531, 7, 6, 'text', 'aa', '2019-06-21 18:24:32', '2019-08-28 16:30:24', '2019-08-28 16:30:24', NULL),
	(806, '-LhtLVextybuQGOC8LRi', 531, 7, 6, 'text', 'aa', '2019-06-21 18:24:32', '2019-08-28 16:30:24', '2019-08-28 16:30:24', NULL),
	(807, '-LhtLVhIm69AXMgoXnkR', 531, 7, 6, 'text', 'a', '2019-06-21 18:24:32', '2019-08-28 16:30:24', '2019-08-28 16:30:24', NULL),
	(808, '-LhtLVkJizqlK859whVs', 531, 7, 6, 'text', 'a', '2019-06-21 18:24:32', '2019-08-28 16:30:24', '2019-08-28 16:30:24', NULL),
	(809, '-LhtLVokzb9Pr6OO3B7L', 531, 7, 6, 'text', 'aa', '2019-06-21 18:24:33', '2019-08-28 16:30:24', '2019-08-28 16:30:24', NULL),
	(810, '-LhtLVtRPRTf0ViMeUsi', 531, 7, 6, 'text', 'aa', '2019-06-21 18:24:33', '2019-08-28 16:30:24', '2019-08-28 16:30:24', NULL),
	(811, '-LhtLW8bN5OgjgTtphkO', 531, 7, 6, 'text', 'aaaaa', '2019-06-21 18:24:34', '2019-08-28 16:30:24', '2019-08-28 16:30:24', NULL),
	(812, '-LhtLWBKepmDoGeiCBbB', 531, 7, 6, 'text', 'a', '2019-06-21 18:24:34', '2019-08-28 16:30:24', '2019-08-28 16:30:24', NULL),
	(813, '-LhtLWXtp0ByaTUCXxOA', 531, 7, 6, 'text', 'aaaaaaaa', '2019-06-21 18:24:35', '2019-08-28 16:30:24', '2019-08-28 16:30:24', NULL),
	(814, '-LhtL_abdJ2o9zdRbyjz', 531, 7, 6, 'text', 'aaaaaaaaa', '2019-06-21 18:24:52', '2019-08-28 16:30:24', '2019-08-28 16:30:24', NULL),
	(815, '-LhtL_iiiLsXaB1pP3bR', 531, 7, 6, 'text', 'z', '2019-06-21 18:24:53', '2019-08-28 16:30:24', '2019-08-28 16:30:24', NULL),
	(816, '-LhtL_kwPU4_v2gTKLb4', 531, 7, 6, 'text', 'x', '2019-06-21 18:24:53', '2019-08-28 16:30:24', '2019-08-28 16:30:24', NULL),
	(817, '-LhtL_p7qpFb1RCwoe3l', 531, 7, 6, 'text', 'xx', '2019-06-21 18:24:53', '2019-08-28 16:30:24', '2019-08-28 16:30:24', NULL),
	(818, '-LhtLaD58Do4BXgGH-lI', 531, 7, 6, 'text', 'xxxxxxxxddxxx x', '2019-06-21 18:24:55', '2019-08-28 16:30:24', '2019-08-28 16:30:24', NULL),
	(819, '-LhtLaMIgB9IlEGLyaYe', 531, 7, 6, 'text', 'x', '2019-06-21 18:24:55', '2019-08-28 16:30:24', '2019-08-28 16:30:24', NULL),
	(820, '-LhtLaRLjPDFPeVEB_Pt', 531, 7, 6, 'text', 'xxxx', '2019-06-21 18:24:56', '2019-08-28 16:30:24', '2019-08-28 16:30:24', NULL),
	(821, '-LhtLaVozcV98sRC-IfR', 531, 7, 6, 'text', 'x', '2019-06-21 18:24:56', '2019-08-28 16:30:24', '2019-08-28 16:30:24', NULL),
	(822, '-LhtLaYITln3GNmS_-Gn', 531, 7, 6, 'text', 'x', '2019-06-21 18:24:56', '2019-08-28 16:30:24', '2019-08-28 16:30:24', NULL),
	(823, '-LhtLaZz1uLhWZHmd_xX', 531, 7, 6, 'text', 'x', '2019-06-21 18:24:56', '2019-08-28 16:30:24', '2019-08-28 16:30:24', NULL),
	(824, '-LhtLaeM_ePDBOENW3wu', 531, 7, 6, 'text', 'xx', '2019-06-21 18:24:56', '2019-08-28 16:30:24', '2019-08-28 16:30:24', NULL),
	(825, '-LhtLagqtTeB4v6WyeCX', 531, 7, 6, 'text', 'x', '2019-06-21 18:24:57', '2019-08-28 16:30:24', '2019-08-28 16:30:24', NULL),
	(826, '-LhtLal9uk5M1boA6OhF', 531, 7, 6, 'text', 'xx', '2019-06-21 18:24:57', '2019-08-28 16:30:24', '2019-08-28 16:30:24', NULL),
	(827, '-LhtLbKxXF4cmsh02G_D', 531, 7, 6, 'text', 'xxxxxxxxxxxxxx', '2019-06-21 18:24:59', '2019-08-28 16:30:24', '2019-08-28 16:30:24', NULL),
	(828, '-LhtLbT-L0nFaOgPGi8n', 531, 7, 6, 'text', 'x', '2019-06-21 18:25:00', '2019-08-28 16:30:24', '2019-08-28 16:30:24', NULL),
	(829, '-LhtLbY6PPAg1PnKRQ-S', 531, 7, 6, 'text', 'xx', '2019-06-21 18:25:00', '2019-08-28 16:30:24', '2019-08-28 16:30:24', NULL),
	(830, '-LhtLbfj7HzDx4Iaxx72', 531, 7, 6, 'text', 'xxzx', '2019-06-21 18:25:01', '2019-08-28 16:30:24', '2019-08-28 16:30:24', NULL),
	(831, '-LhtLbngFmlcoYRV8qaz', 531, 7, 6, 'text', 'xx', '2019-06-21 18:25:01', '2019-08-28 16:30:24', '2019-08-28 16:30:24', NULL),
	(832, '-LhtLcSwMZ2vBugKfYLu', 531, 7, 6, 'text', 'zzzzzsbsshhzzjjz', '2019-06-21 18:25:04', '2019-08-28 16:30:24', '2019-08-28 16:30:24', NULL),
	(833, '-LhtLclpdKfC9_HtAnBN', 531, 7, 6, 'text', 'zzzx', '2019-06-21 18:25:05', '2019-08-28 16:30:24', '2019-08-28 16:30:24', NULL),
	(834, '-LhtLcoSnc6pjJRUYN_c', 531, 7, 6, 'text', 'x', '2019-06-21 18:25:05', '2019-08-28 16:30:24', '2019-08-28 16:30:24', NULL),
	(835, '-LhtLcrF1CMi2ey2Aepj', 531, 7, 6, 'text', 'x', '2019-06-21 18:25:05', '2019-08-28 16:30:24', '2019-08-28 16:30:24', NULL),
	(836, '-LhtLcu_8Y-9kLUc9LGz', 531, 7, 6, 'text', 'zz', '2019-06-21 18:25:06', '2019-08-28 16:30:24', '2019-08-28 16:30:24', NULL),
	(837, '-LhtLcxCHC5_Fjmvp4Kf', 531, 7, 6, 'text', 'z', '2019-06-21 18:25:06', '2019-08-28 16:30:24', '2019-08-28 16:30:24', NULL),
	(838, '-LhtLczhkgnoaOP6_bhA', 531, 7, 6, 'text', 'z', '2019-06-21 18:25:06', '2019-08-28 16:30:24', '2019-08-28 16:30:24', NULL),
	(839, '-LhtLd0utj72s4Kx82Kg', 531, 7, 6, 'text', 'd', '2019-06-21 18:25:06', '2019-08-28 16:30:24', '2019-08-28 16:30:24', NULL),
	(840, '-LhtLd5EtQPLBfthQ0wE', 531, 7, 6, 'text', 'x', '2019-06-21 18:25:06', '2019-08-28 16:30:24', '2019-08-28 16:30:24', NULL),
	(841, '-LhtLd9wLvIr98OhjwOU', 531, 7, 6, 'text', 'xx', '2019-06-21 18:25:07', '2019-08-28 16:30:24', '2019-08-28 16:30:24', NULL),
	(842, '-LhtLdr8H1ld7hURGDDh', 531, 7, 6, 'text', 'x', '2019-06-21 18:25:10', '2019-08-28 16:30:24', '2019-08-28 16:30:24', NULL),
	(843, '-LhtLe2h-B9RNV6bSWKq', 531, 7, 6, 'text', 'ddddd', '2019-06-21 18:25:10', '2019-08-28 16:30:24', '2019-08-28 16:30:24', NULL),
	(844, '-LhtLeGhRMPWSeDTpOI3', 531, 7, 6, 'text', 'dsss', '2019-06-21 18:25:11', '2019-08-28 16:30:24', '2019-08-28 16:30:24', NULL),
	(845, '-LhtLefooMqfnt3nV6Ge', 531, 7, 6, 'text', 'sssss', '2019-06-21 18:25:13', '2019-08-28 16:30:24', '2019-08-28 16:30:24', NULL),
	(846, '-LhtMDN9O2FqXvbltZp1', 531, 7, 6, 'text', 'differencess', '2019-06-21 18:27:38', '2019-08-28 16:30:24', '2019-08-28 16:30:24', NULL),
	(847, '-LhtMEwjbKMgfDFW9NVh', 531, 7, 6, 'text', 'd', '2019-06-21 18:27:45', '2019-08-28 16:30:24', '2019-08-28 16:30:24', NULL),
	(848, '-LhtMF0-6pJ5cjhc0P1o', 531, 7, 6, 'text', 'dd', '2019-06-21 18:27:45', '2019-08-28 16:30:24', '2019-08-28 16:30:24', NULL),
	(849, '-LhtMF43-oFgkqujiCGp', 531, 7, 6, 'text', 'd', '2019-06-21 18:27:45', '2019-08-28 16:30:24', '2019-08-28 16:30:24', NULL),
	(850, '-LhtMFFxYOIsHlMAPaVf', 531, 7, 6, 'text', 'ddddd', '2019-06-21 18:27:46', '2019-08-28 16:30:24', '2019-08-28 16:30:24', NULL),
	(851, '-LhtMFJ_wuSYEzFhh_7h', 531, 7, 6, 'text', 'd', '2019-06-21 18:27:46', '2019-08-28 16:30:24', '2019-08-28 16:30:24', NULL),
	(852, '-LhtMFNvSXomjnhmeHe6', 531, 7, 6, 'text', 'dd', '2019-06-21 18:27:47', '2019-08-28 16:30:24', '2019-08-28 16:30:24', NULL),
	(853, '-LhtMFR7p8pwcP2F0nEh', 531, 7, 6, 'text', 'ddd', '2019-06-21 18:27:47', '2019-08-28 16:30:24', '2019-08-28 16:30:24', NULL),
	(854, '-LhtMFTzHB7AGCqkLxrN', 531, 7, 6, 'text', 'dddd', '2019-06-21 18:27:47', '2019-08-28 16:30:24', '2019-08-28 16:30:24', NULL),
	(855, '-LhtMFZO0xrAuGVG3tpJ', 531, 7, 6, 'text', 'ddddd', '2019-06-21 18:27:47', '2019-08-28 16:30:24', '2019-08-28 16:30:24', NULL),
	(856, '-LhtMFbFqPiJDuNhilis', 531, 7, 6, 'text', 'ddddddd', '2019-06-21 18:27:48', '2019-08-28 16:30:24', '2019-08-28 16:30:24', NULL),
	(857, '-LhtMFd9Bsb_Tmm7UdqK', 531, 7, 6, 'text', 'ddddddddd', '2019-06-21 18:27:48', '2019-08-28 16:30:24', '2019-08-28 16:30:24', NULL),
	(858, '-LhtMFhAeX4lbQBd7orl', 531, 7, 6, 'text', 'dddddddddd', '2019-06-21 18:27:48', '2019-08-28 16:30:24', '2019-08-28 16:30:24', NULL),
	(859, '-LhtMFkbsLxuv-A7h-Em', 531, 7, 6, 'text', 'dddddddddddd', '2019-06-21 18:27:48', '2019-08-28 16:30:24', '2019-08-28 16:30:24', NULL),
	(860, '-LhtMFodkuNgCs2-cOhx', 531, 7, 6, 'text', 'dddddddddddddd', '2019-06-21 18:27:49', '2019-08-28 16:30:24', '2019-08-28 16:30:24', NULL),
	(861, '-LhtMFswtLnSyG0aADjP', 531, 7, 6, 'text', 'dddddddddddddddd', '2019-06-21 18:27:49', '2019-08-28 16:30:24', '2019-08-28 16:30:24', NULL),
	(862, '-LhtMFxVC64VYLBBcUnJ', 531, 7, 6, 'text', 'dddddddddddddddddd', '2019-06-21 18:27:49', '2019-08-28 16:30:24', '2019-08-28 16:30:24', NULL),
	(863, '-LhtMG3wQn6mriIrwlCN', 531, 7, 6, 'text', 'dddddddddddddddddddddd', '2019-06-21 18:27:50', '2019-08-28 16:30:24', '2019-08-28 16:30:24', NULL),
	(864, '-LhtMG6Feibi5br2D4hs', 531, 7, 6, 'text', 'ddddddddddddddddddddddd', '2019-06-21 18:27:50', '2019-08-28 16:30:24', '2019-08-28 16:30:24', NULL),
	(865, '-LhtMGBcKuEMWjLHjb2f', 531, 7, 6, 'text', 'dddddddddddddddddddddddd', '2019-06-21 18:27:50', '2019-08-28 16:30:24', '2019-08-28 16:30:24', NULL),
	(866, '-LhtMGE25RkksfuGNAOm', 531, 7, 6, 'text', 'd', '2019-06-21 18:27:50', '2019-08-28 16:30:24', '2019-08-28 16:30:24', NULL),
	(867, '-LhtMGGqWa1huiNXnj8_', 531, 7, 6, 'text', 'dd', '2019-06-21 18:27:50', '2019-08-28 16:30:24', '2019-08-28 16:30:24', NULL),
	(868, '-LhtMGKjRo182l6M7A1n', 531, 7, 6, 'text', 'dddd', '2019-06-21 18:27:51', '2019-08-28 16:30:24', '2019-08-28 16:30:24', NULL),
	(869, '-LhtMGO2kX1GDtsHUdbY', 531, 7, 6, 'text', 'ddddd', '2019-06-21 18:27:51', '2019-08-28 16:30:24', '2019-08-28 16:30:24', NULL),
	(870, '-LhtMGRct8YdoXo0jT_m', 531, 7, 6, 'text', 'ddddddd', '2019-06-21 18:27:51', '2019-08-28 16:30:24', '2019-08-28 16:30:24', NULL),
	(871, '-LhtMGVPYojXbizY6ti-', 531, 7, 6, 'text', 'dddddddd', '2019-06-21 18:27:51', '2019-08-28 16:30:24', '2019-08-28 16:30:24', NULL),
	(872, '-LhtMGdpzdPUd58hJMJn', 531, 7, 6, 'text', 'ddddddddddd', '2019-06-21 18:27:52', '2019-08-28 16:30:24', '2019-08-28 16:30:24', NULL),
	(873, '-LhtMGj1DMdAsvDQLbG1', 531, 7, 6, 'text', 'ddddddddddddd', '2019-06-21 18:27:52', '2019-08-28 16:30:24', '2019-08-28 16:30:24', NULL),
	(874, '-LhtMGlknvqcoGrhmELj', 531, 7, 6, 'text', 'dd', '2019-06-21 18:27:52', '2019-08-28 16:30:24', '2019-08-28 16:30:24', NULL),
	(875, '-LhtMGpQhDnr6VO-AqGb', 531, 7, 6, 'text', 'ddd', '2019-06-21 18:27:53', '2019-08-28 16:30:24', '2019-08-28 16:30:24', NULL),
	(876, '-LhtMH-aFFvMLClznHf5', 531, 7, 6, 'text', 'ddddd', '2019-06-21 18:27:53', '2019-08-28 16:30:24', '2019-08-28 16:30:24', NULL),
	(877, '-LhtMH1ma-gQ_2ygE5GB', 531, 7, 6, 'text', 'ddddddd', '2019-06-21 18:27:54', '2019-08-28 16:30:24', '2019-08-28 16:30:24', NULL),
	(878, '-LhtMHB8t-ZXfiV7FENe', 531, 7, 6, 'text', 'ddddddddd', '2019-06-21 18:27:54', '2019-08-28 16:30:24', '2019-08-28 16:30:24', NULL),
	(879, '-LhtMHIcb2biiwC34PXH', 531, 7, 6, 'text', 'ddddddddddd', '2019-06-21 18:27:55', '2019-08-28 16:30:24', '2019-08-28 16:30:24', NULL),
	(880, '-LhtMHOIR6GgN9ZIwRlP', 531, 7, 6, 'text', 'dddddddddddd', '2019-06-21 18:27:55', '2019-08-28 16:30:24', '2019-08-28 16:30:24', NULL),
	(881, '-LhtMHTeRqkq9dXY1q3m', 531, 7, 6, 'text', 'ddddddddddddd', '2019-06-21 18:27:55', '2019-08-28 16:30:24', '2019-08-28 16:30:24', NULL),
	(882, '-LhtMHVRJOo5HqXnhxaC', 531, 7, 6, 'text', 'dddddddddddddd', '2019-06-21 18:27:55', '2019-08-28 16:30:24', '2019-08-28 16:30:24', NULL),
	(883, '-LhtMHZtyfET8LMpxPQ3', 531, 7, 6, 'text', 'ddddddddddddddd', '2019-06-21 18:27:56', '2019-08-28 16:30:24', '2019-08-28 16:30:24', NULL),
	(884, '-LhtMHcqOuivYooeZgsf', 531, 7, 6, 'text', 'dddddddddddddddd', '2019-06-21 18:27:56', '2019-08-28 16:30:24', '2019-08-28 16:30:24', NULL),
	(885, '-LhtMHhsaCW4tzEWWiVx', 531, 7, 6, 'text', 'ddddddddddddddddd', '2019-06-21 18:27:56', '2019-08-28 16:30:24', '2019-08-28 16:30:24', NULL),
	(886, '-LhtMHkMsiFwrh1y_LUK', 531, 7, 6, 'text', 'ddddddddddddddddddd', '2019-06-21 18:27:56', '2019-08-28 16:30:24', '2019-08-28 16:30:24', NULL),
	(887, '-LhtMHnlUbOaiB6_T9lJ', 531, 7, 6, 'text', 'ddddddddddddddddddddd', '2019-06-21 18:27:57', '2019-08-28 16:30:24', '2019-08-28 16:30:24', NULL),
	(888, '-LhtMHrHcriFaCsWnUBh', 531, 7, 6, 'text', 'dddddddddddddddddddddddd', '2019-06-21 18:27:57', '2019-08-28 16:30:24', '2019-08-28 16:30:24', NULL),
	(889, '-LhtMHtSYAGwzcu8cRU8', 531, 7, 6, 'text', 'ddddddddddddddddddddddddd', '2019-06-21 18:27:57', '2019-08-28 16:30:24', '2019-08-28 16:30:24', NULL),
	(890, '-LhtMHv_LvXJMu5389BD', 531, 7, 6, 'text', 'dddddddddddddddddddddddddd', '2019-06-21 18:27:57', '2019-08-28 16:30:24', '2019-08-28 16:30:24', NULL),
	(891, '-LhtMI-H8Je1iZpG5sYu', 531, 7, 6, 'text', 'ddddddddddddddddddddddddddd', '2019-06-21 18:27:57', '2019-08-28 16:30:24', '2019-08-28 16:30:24', NULL),
	(892, '-LhtMI3Ag0cKP3JqhYBQ', 531, 7, 6, 'text', 'ddddddddddddddddddddddddddddd', '2019-06-21 18:27:58', '2019-08-28 16:30:24', '2019-08-28 16:30:24', NULL),
	(893, '-LhtMICdSo_ho7OGA7pN', 531, 7, 6, 'text', 'd', '2019-06-21 18:27:58', '2019-08-28 16:30:24', '2019-08-28 16:30:24', NULL),
	(894, '-LhtMIFFHzx8RJmDDbUL', 531, 7, 6, 'text', 'dddd', '2019-06-21 18:27:58', '2019-08-28 16:30:24', '2019-08-28 16:30:24', NULL),
	(895, '-LhtMIIrfzhVEjaqeDoq', 531, 7, 6, 'text', 'dddddd', '2019-06-21 18:27:59', '2019-08-28 16:30:24', '2019-08-28 16:30:24', NULL),
	(896, '-LhtMIM3PqkFGVyJieb1', 531, 7, 6, 'text', 'dddddddd', '2019-06-21 18:27:59', '2019-08-28 16:30:24', '2019-08-28 16:30:24', NULL),
	(897, '-LhtMIRRpeZXwUdVfNMk', 531, 7, 6, 'text', 'ddddddddd', '2019-06-21 18:27:59', '2019-08-28 16:30:24', '2019-08-28 16:30:24', NULL),
	(898, '-LhtMIZ8RJ3CNSoxKE74', 531, 7, 6, 'text', 'ddddddddddd', '2019-06-21 18:28:00', '2019-08-28 16:30:24', '2019-08-28 16:30:24', NULL),
	(899, '-LhtMIczd8UjT1EWSJQG', 531, 7, 6, 'text', 'dddddddddddd', '2019-06-21 18:28:00', '2019-08-28 16:30:24', '2019-08-28 16:30:24', NULL),
	(900, '-LhtMIfljqaWfJlBdnQ5', 531, 7, 6, 'text', 'ddddddddddddd', '2019-06-21 18:28:00', '2019-08-28 16:30:24', '2019-08-28 16:30:24', NULL),
	(901, '-LhtMIjdXvCgOaetx8pr', 531, 7, 6, 'text', 'ddddddddddddddd', '2019-06-21 18:28:00', '2019-08-28 16:30:24', '2019-08-28 16:30:24', NULL),
	(902, '-LhtMImGtYmH_vj6c2Ol', 531, 7, 6, 'text', 'dddddddddddddddd', '2019-06-21 18:28:01', '2019-08-28 16:30:24', '2019-08-28 16:30:24', NULL),
	(903, '-LhtMIrSghNeJfwHMGL_', 531, 7, 6, 'text', 'ddddddddddddddddd', '2019-06-21 18:28:01', '2019-08-28 16:30:24', '2019-08-28 16:30:24', NULL),
	(904, '-LhtMIuto66G_RAofwpE', 531, 7, 6, 'text', 'ddddddddddddddddddf', '2019-06-21 18:28:01', '2019-08-28 16:30:24', '2019-08-28 16:30:24', NULL),
	(905, '-LhtMIyO_eW-ecwOuTIH', 531, 7, 6, 'text', 'ff', '2019-06-21 18:28:01', '2019-08-28 16:30:24', '2019-08-28 16:30:24', NULL),
	(906, '-LhtMJ2ENzZ2Wqcbeiad', 531, 7, 6, 'text', 'ffff', '2019-06-21 18:28:02', '2019-08-28 16:30:24', '2019-08-28 16:30:24', NULL),
	(907, '-LhtMJ6llvu6bEhDi4tA', 531, 7, 6, 'text', 'dd', '2019-06-21 18:28:02', '2019-08-28 16:30:24', '2019-08-28 16:30:24', NULL),
	(908, '-LhtMJASb9SEBaI_opB9', 531, 7, 6, 'text', 'ddd', '2019-06-21 18:28:02', '2019-08-28 16:30:24', '2019-08-28 16:30:24', NULL),
	(909, '-LhtMJCMs2dpTyYhDMhY', 531, 7, 6, 'text', 'dddd', '2019-06-21 18:28:02', '2019-08-28 16:30:24', '2019-08-28 16:30:24', NULL),
	(910, '-LhtMJEMppZ_g1ao3Gyh', 531, 7, 6, 'text', 'ddddd', '2019-06-21 18:28:03', '2019-08-28 16:30:24', '2019-08-28 16:30:24', NULL),
	(911, '-LhtMJHyHFSCN3SIe3_z', 531, 7, 6, 'text', 'dddddd', '2019-06-21 18:28:03', '2019-08-28 16:30:24', '2019-08-28 16:30:24', NULL),
	(912, '-LhtMJMmNFB-S1J2W1QH', 531, 7, 6, 'text', 'd', '2019-06-21 18:28:03', '2019-08-28 16:30:24', '2019-08-28 16:30:24', NULL),
	(913, '-LhtMJSWrMxYKH1M8qw-', 531, 7, 6, 'text', 'df', '2019-06-21 18:28:03', '2019-08-28 16:30:24', '2019-08-28 16:30:24', NULL),
	(914, '-LhtMJUvgvWyKTZJQ6JV', 531, 7, 6, 'text', 'dfd', '2019-06-21 18:28:04', '2019-08-28 16:30:24', '2019-08-28 16:30:24', NULL),
	(915, '-LhtMJWxjC1s2jKxTa3i', 531, 7, 6, 'text', 'dfdd', '2019-06-21 18:28:04', '2019-08-28 16:30:24', '2019-08-28 16:30:24', NULL),
	(916, '-LhtMJ_KbAPXuCXZLqGm', 531, 7, 6, 'text', 'dfddddd', '2019-06-21 18:28:04', '2019-08-28 16:30:24', '2019-08-28 16:30:24', NULL),
	(917, '-LhtMJaziG4AHrJRl9sl', 531, 7, 6, 'text', 'dfdddddff', '2019-06-21 18:28:04', '2019-08-28 16:30:24', '2019-08-28 16:30:24', NULL),
	(918, '-LhtMJhuaeIPLJIY64-Y', 531, 7, 6, 'text', 'dfdddddffff', '2019-06-21 18:28:04', '2019-08-28 16:30:24', '2019-08-28 16:30:24', NULL),
	(919, '-LhtMJjT0YF0OCZPzgRu', 531, 7, 6, 'text', 'dfdddddfffff', '2019-06-21 18:28:05', '2019-08-28 16:30:24', '2019-08-28 16:30:24', NULL),
	(920, '-LhtMJzDHEr3nIISHeRA', 531, 7, 6, 'text', 'dfdddddffffff', '2019-06-21 18:28:06', '2019-08-28 16:30:24', '2019-08-28 16:30:24', NULL),
	(921, '-LhtMK3jcf5nO4q3xkiS', 531, 7, 6, 'text', 'dfdddddfffffff', '2019-06-21 18:28:06', '2019-08-28 16:30:24', '2019-08-28 16:30:24', NULL),
	(922, '-LhtMK6SrLzhjVMZpNYd', 531, 7, 6, 'text', 'dfdddddfffffffff', '2019-06-21 18:28:06', '2019-08-28 16:30:24', '2019-08-28 16:30:24', NULL),
	(923, '-LhtMK8kgdm9X_wU3V8c', 531, 7, 6, 'text', 'dfdddddfffffffffff', '2019-06-21 18:28:06', '2019-08-28 16:30:24', '2019-08-28 16:30:24', NULL),
	(924, '-LhtMKB6bgCyAHeYiPYj', 531, 7, 6, 'text', 'dfdddddfffffffffffff', '2019-06-21 18:28:06', '2019-08-28 16:30:24', '2019-08-28 16:30:24', NULL),
	(925, '-LhtMKCw46PmzrMSINxR', 531, 7, 6, 'text', 'dfdddddfffffffffffffff', '2019-06-21 18:28:07', '2019-08-28 16:30:24', '2019-08-28 16:30:24', NULL),
	(926, '-LhtMKF5JB6AG_gm5VmS', 531, 7, 6, 'text', 'dfdddddfffffffffffffffff', '2019-06-21 18:28:07', '2019-08-28 16:30:24', '2019-08-28 16:30:24', NULL),
	(927, '-LhtMKHFgV6mhSqkk4og', 531, 7, 6, 'text', 'dfdddddfffffffffffffffffff', '2019-06-21 18:28:07', '2019-08-28 16:30:24', '2019-08-28 16:30:24', NULL),
	(928, '-LhtMKJzf8-zoyQxKeN9', 531, 7, 6, 'text', 'dfdddddffffffffffffffffffff', '2019-06-21 18:28:07', '2019-08-28 16:30:24', '2019-08-28 16:30:24', NULL),
	(929, '-LhtMKM_YWO3dU6_gelw', 531, 7, 6, 'text', 'dfdddddfffffffffffffffffffff', '2019-06-21 18:28:07', '2019-08-28 16:30:24', '2019-08-28 16:30:24', NULL),
	(930, '-LhtMKRllUI8AUwmqx53', 531, 7, 6, 'text', 'f', '2019-06-21 18:28:07', '2019-08-28 16:30:24', '2019-08-28 16:30:24', NULL),
	(931, '-LhtMSLbR9Kg48Jpgm91', 531, 7, 6, 'text', 'fff', '2019-06-21 18:28:40', '2019-08-28 16:30:24', '2019-08-28 16:30:24', NULL),
	(932, '-LhtMSbGNaq1v324KeqW', 531, 7, 6, 'text', 'a', '2019-06-21 18:28:41', '2019-08-28 16:30:24', '2019-08-28 16:30:24', NULL),
	(933, '-LhtMSfjijBpN0II-WU-', 531, 7, 6, 'text', 'a', '2019-06-21 18:28:41', '2019-08-28 16:30:24', '2019-08-28 16:30:24', NULL),
	(934, '-LhtMSk-6vWsHHd29tZQ', 531, 7, 6, 'text', 'aa', '2019-06-21 18:28:41', '2019-08-28 16:30:24', '2019-08-28 16:30:24', NULL),
	(935, '-LhtMSngC9Gp5SWNlAey', 531, 7, 6, 'text', 'a', '2019-06-21 18:28:42', '2019-08-28 16:30:24', '2019-08-28 16:30:24', NULL),
	(936, '-LhtMSs9ux7Nx6I7zamB', 531, 7, 6, 'text', 'as', '2019-06-21 18:28:42', '2019-08-28 16:30:24', '2019-08-28 16:30:24', NULL),
	(937, '-LhtMSvg9DedX3AgWmaI', 531, 7, 6, 'text', 's', '2019-06-21 18:28:42', '2019-08-28 16:30:24', '2019-08-28 16:30:24', NULL),
	(938, '-LhtMSzri2hFw62bLLrl', 531, 7, 6, 'text', 'ss', '2019-06-21 18:28:42', '2019-08-28 16:30:24', '2019-08-28 16:30:24', NULL),
	(939, '-LhtMT3-GTIfLmn6BQLy', 531, 7, 6, 'text', 'sss', '2019-06-21 18:28:43', '2019-08-28 16:30:24', '2019-08-28 16:30:24', NULL),
	(940, '-LhtMTC2TUx9F6465aDQ', 531, 7, 6, 'text', 'ssss', '2019-06-21 18:28:43', '2019-08-28 16:30:24', '2019-08-28 16:30:24', NULL),
	(941, '-LhtMTGgDjTZTx88gfIK', 531, 7, 6, 'text', 'sssss', '2019-06-21 18:28:44', '2019-08-28 16:30:24', '2019-08-28 16:30:24', NULL),
	(942, '-LhtMTLJn3MmFw7sMVCa', 531, 7, 6, 'text', 'ss', '2019-06-21 18:28:44', '2019-08-28 16:30:24', '2019-08-28 16:30:24', NULL),
	(943, '-LhtMTPjDzO8OhxpKNR2', 531, 7, 6, 'text', 'sss', '2019-06-21 18:28:44', '2019-08-28 16:30:24', '2019-08-28 16:30:24', NULL),
	(944, '-LhtMTTt0HUGx0Qh2H5s', 531, 7, 6, 'text', 'ssss', '2019-06-21 18:28:44', '2019-08-28 16:30:24', '2019-08-28 16:30:24', NULL),
	(945, '-LhtMTXaY7QtsSUvbwmM', 531, 7, 6, 'text', 'sssss', '2019-06-21 18:28:45', '2019-08-28 16:30:24', '2019-08-28 16:30:24', NULL),
	(946, '-LhtMTigirUmohnwz6ei', 531, 7, 6, 'text', 'ssssssss', '2019-06-21 18:28:45', '2019-08-28 16:30:24', '2019-08-28 16:30:24', NULL),
	(947, '-LhtMTmaKUVQY2XKAzMp', 531, 7, 6, 'text', 'sssssssss', '2019-06-21 18:28:46', '2019-08-28 16:30:24', '2019-08-28 16:30:24', NULL),
	(948, '-LhtMTqfGqY4oNcPg8Er', 531, 7, 6, 'text', 'ssssssssss', '2019-06-21 18:28:46', '2019-08-28 16:30:24', '2019-08-28 16:30:24', NULL),
	(949, '-LhtMV6FOCpkMQzq7tWB', 531, 7, 6, 'text', 'sssssssssss', '2019-06-21 18:28:51', '2019-08-28 16:30:24', '2019-08-28 16:30:24', NULL),
	(950, '-LhtMVLSYjvYx4xOJClK', 531, 7, 6, 'text', 'sssssssssssa', '2019-06-21 18:28:52', '2019-08-28 16:30:24', '2019-08-28 16:30:24', NULL),
	(951, '-LhtMVaU7jGHN_Tb9eD0', 531, 7, 6, 'text', 'aaaa', '2019-06-21 18:28:53', '2019-08-28 16:30:24', '2019-08-28 16:30:24', NULL),
	(952, '-LhtMVnq5MMhTyLEkeEa', 531, 7, 6, 'text', 'aaaaa', '2019-06-21 18:28:54', '2019-08-28 16:30:24', '2019-08-28 16:30:24', NULL),
	(953, '-LhtMVrlWVTKj9IpQcMh', 531, 7, 6, 'text', 'aaaaaaa', '2019-06-21 18:28:54', '2019-08-28 16:30:24', '2019-08-28 16:30:24', NULL),
	(954, '-LhtMVyhM9-F0vLLVZKL', 531, 7, 6, 'text', 'aaaaaaaa', '2019-06-21 18:28:55', '2019-08-28 16:30:24', '2019-08-28 16:30:24', NULL),
	(955, '-LhtMftLCzTlDbuoigD_', 531, 7, 6, 'text', 'a', '2019-06-21 18:29:39', '2019-08-28 16:30:24', '2019-08-28 16:30:24', NULL),
	(956, '-LhtMg-IOChjb0cb5HdQ', 531, 7, 6, 'text', 'aaa', '2019-06-21 18:29:40', '2019-08-28 16:30:24', '2019-08-28 16:30:24', NULL),
	(957, '-LhtMg70oYFrvPolsHBd', 531, 7, 6, 'text', 'aaaa', '2019-06-21 18:29:40', '2019-08-28 16:30:24', '2019-08-28 16:30:24', NULL),
	(958, '-LhtMgD1vhsVA4S2sdPK', 531, 7, 6, 'text', 'aaaaa', '2019-06-21 18:29:41', '2019-08-28 16:30:24', '2019-08-28 16:30:24', NULL),
	(959, '-LhtMgJr5L2OKqMrrx7H', 531, 7, 6, 'text', 'aaaaaA', '2019-06-21 18:29:41', '2019-08-28 16:30:24', '2019-08-28 16:30:24', NULL),
	(960, '-LhtMgMHjotVuPdAc_Kx', 531, 7, 6, 'text', 'aaaaaAa', '2019-06-21 18:29:41', '2019-08-28 16:30:24', '2019-08-28 16:30:24', NULL),
	(961, '-LhtMgPOKetLkBUr3jO8', 531, 7, 6, 'text', 'aaaaaAaa', '2019-06-21 18:29:42', '2019-08-28 16:30:24', '2019-08-28 16:30:24', NULL),
	(962, '-LhtMhrgwwFv8DNWiqHm', 531, 7, 6, 'text', 'AAA', '2019-06-21 18:29:47', '2019-08-28 16:30:24', '2019-08-28 16:30:24', NULL),
	(963, '-LhtMi9V-FLAIpfaUP50', 531, 7, 6, 'text', 'A', '2019-06-21 18:29:49', '2019-08-28 16:30:24', '2019-08-28 16:30:24', NULL),
	(964, '-LhtMkqbNsOSfALljw7P', 531, 7, 6, 'text', 'AA', '2019-06-21 18:30:00', '2019-08-28 16:30:24', '2019-08-28 16:30:24', NULL),
	(965, '-LhtMkx3nV7khtsAPba-', 531, 7, 6, 'text', 'AAA', '2019-06-21 18:30:00', '2019-08-28 16:30:24', '2019-08-28 16:30:24', NULL),
	(966, '-LhtMkzBvtCQMcdwPUzY', 531, 7, 6, 'text', 'AAAA', '2019-06-21 18:30:00', '2019-08-28 16:30:24', '2019-08-28 16:30:24', NULL),
	(967, '-LhtMl3dBap3iN3xSCS5', 531, 7, 6, 'text', 'AAAAAA', '2019-06-21 18:30:01', '2019-08-28 16:30:24', '2019-08-28 16:30:24', NULL),
	(968, '-LhtMl6Dcev8mpIxp3Bd', 531, 7, 6, 'text', 'AAAAAAA', '2019-06-21 18:30:01', '2019-08-28 16:30:24', '2019-08-28 16:30:24', NULL),
	(969, '-LhtMlNxj759cLOWrC4X', 531, 7, 6, 'text', 'AAAAAAAAA', '2019-06-21 18:30:02', '2019-08-28 16:30:24', '2019-08-28 16:30:24', NULL),
	(970, '-LhtMlTHGDIlgVyrqhFk', 531, 7, 6, 'text', 'AAAAAAAAAAAA', '2019-06-21 18:30:02', '2019-08-28 16:30:24', '2019-08-28 16:30:24', NULL),
	(971, '-LhtMl_YfupeO1NWTFmj', 531, 7, 6, 'text', 'AAAAAAAAAAAAA', '2019-06-21 18:30:03', '2019-08-28 16:30:24', '2019-08-28 16:30:24', NULL),
	(972, '-LhtMm7YfeKp-WhSqsN-', 531, 7, 6, 'text', 'A', '2019-06-21 18:30:05', '2019-08-28 16:30:24', '2019-08-28 16:30:24', NULL),
	(973, '-LhtMmQbNqC8nsCReb7m', 531, 7, 6, 'text', 'A', '2019-06-21 18:30:06', '2019-08-28 16:30:24', '2019-08-28 16:30:24', NULL),
	(974, '-LhtMmTZMV7VlwQG3AFK', 531, 7, 6, 'text', 'AAA', '2019-06-21 18:30:06', '2019-08-28 16:30:24', '2019-08-28 16:30:24', NULL),
	(975, '-LhtMm_qZedQbUYOIlCC', 531, 7, 6, 'text', 'AAAA', '2019-06-21 18:30:07', '2019-08-28 16:30:24', '2019-08-28 16:30:24', NULL),
	(976, '-LhtMnG25AbxB8xfMSxT', 531, 7, 6, 'text', 'A', '2019-06-21 18:30:10', '2019-08-28 16:30:24', '2019-08-28 16:30:24', NULL),
	(977, '-LhtMnMMhPOG3Qk9xS7C', 531, 7, 6, 'text', 'AA', '2019-06-21 18:30:10', '2019-08-28 16:30:24', '2019-08-28 16:30:24', NULL),
	(978, '-LhtMndzX9GdSY3BhZTG', 531, 7, 6, 'text', 'A', '2019-06-21 18:30:11', '2019-08-28 16:30:24', '2019-08-28 16:30:24', NULL),
	(979, '-LhtMnnJtiIUBIRJ---A', 531, 7, 6, 'text', 'A', '2019-06-21 18:30:12', '2019-08-28 16:30:24', '2019-08-28 16:30:24', NULL),
	(980, '-LhtMnrjsB1fVjRBMRAy', 531, 7, 6, 'text', 'AA', '2019-06-21 18:30:12', '2019-08-28 16:30:24', '2019-08-28 16:30:24', NULL),
	(981, '-LhtMnw8fOgWoHZmoi07', 531, 7, 6, 'text', 'A', '2019-06-21 18:30:12', '2019-08-28 16:30:24', '2019-08-28 16:30:24', NULL),
	(982, '-LhtMo0SFmye7fRTdja3', 531, 7, 6, 'text', 'A', '2019-06-21 18:30:13', '2019-08-28 16:30:24', '2019-08-28 16:30:24', NULL),
	(983, '-LhtMo53-PjzDY0Q1JHe', 531, 7, 6, 'text', 'AA', '2019-06-21 18:30:13', '2019-08-28 16:30:24', '2019-08-28 16:30:24', NULL),
	(984, '-LhtMoIdf-uOzqacjsWr', 531, 7, 6, 'text', 'A', '2019-06-21 18:30:14', '2019-08-28 16:30:24', '2019-08-28 16:30:24', NULL),
	(985, '-LhtMoVmYWY6q6l-0ngl', 531, 7, 6, 'text', 'A', '2019-06-21 18:30:15', '2019-08-28 16:30:24', '2019-08-28 16:30:24', NULL),
	(986, '-LhtMo_wz3AQWWJd2T9p', 531, 7, 6, 'text', 'AA', '2019-06-21 18:30:15', '2019-08-28 16:30:24', '2019-08-28 16:30:24', NULL),
	(987, '-LhtMofFxj4Tz9MBW4NH', 531, 7, 6, 'text', 'A', '2019-06-21 18:30:15', '2019-08-28 16:30:24', '2019-08-28 16:30:24', NULL),
	(988, '-LhtMokxSEks8h8cFJxy', 531, 7, 6, 'text', 'AA', '2019-06-21 18:30:16', '2019-08-28 16:30:24', '2019-08-28 16:30:24', NULL),
	(989, '-LhtMoqOOc8tn7f0bcJH', 531, 7, 6, 'text', 'A', '2019-06-21 18:30:16', '2019-08-28 16:30:24', '2019-08-28 16:30:24', NULL),
	(990, '-LhtMowhZRqDgcgOU5KG', 531, 7, 6, 'text', 'AA', '2019-06-21 18:30:16', '2019-08-28 16:30:24', '2019-08-28 16:30:24', NULL),
	(991, '-LhtMp6qAlXjA7d7-Dyn', 531, 7, 6, 'text', 'AAAA', '2019-06-21 18:30:17', '2019-08-28 16:30:24', '2019-08-28 16:30:24', NULL),
	(992, '-LhtMpD9w5jc-U6UZm5_', 531, 7, 6, 'text', 'AAAAA', '2019-06-21 18:30:18', '2019-08-28 16:30:24', '2019-08-28 16:30:24', NULL),
	(993, '-LhtMpJ1X8uNKmAn8WVb', 531, 7, 6, 'text', 'AAAAAA', '2019-06-21 18:30:18', '2019-08-28 16:30:24', '2019-08-28 16:30:24', NULL),
	(994, '-LhtMpUBmPLE7Pd_vCHV', 531, 7, 6, 'text', 'SA', '2019-06-21 18:30:19', '2019-08-28 16:30:24', '2019-08-28 16:30:24', NULL),
	(995, '-LhtMpYrVCqF_gleWTNJ', 531, 7, 6, 'text', 'SAA', '2019-06-21 18:30:19', '2019-08-28 16:30:24', '2019-08-28 16:30:24', NULL),
	(996, '-LhtMpdJSWiE9kAzI-MI', 531, 7, 6, 'text', 'SAAA', '2019-06-21 18:30:19', '2019-08-28 16:30:24', '2019-08-28 16:30:24', NULL),
	(997, '-LhtMpibldhzOLtVtB1Y', 531, 7, 6, 'text', 'A', '2019-06-21 18:30:20', '2019-08-28 16:30:24', '2019-08-28 16:30:24', NULL),
	(998, '-LhtMpo7voeqy2vEuUiA', 531, 7, 6, 'text', 'A', '2019-06-21 18:30:20', '2019-08-28 16:30:24', '2019-08-28 16:30:24', NULL),
	(999, '-LhtMptGRbYytNe8hREF', 531, 7, 6, 'text', 'AA', '2019-06-21 18:30:20', '2019-08-28 16:30:24', '2019-08-28 16:30:24', NULL),
	(1000, '-LhtMpyf1pF8o3HNYlWk', 531, 7, 6, 'text', 'mi test 4', '2019-06-21 18:30:21', '2019-08-28 16:30:24', '2019-08-28 16:30:24', NULL),
	(1001, '-LhtMq8LufYKBtRkmxag', 531, 7, 6, 'text', 'AAWEF', '2019-06-21 18:30:21', '2019-08-28 16:30:24', '2019-08-28 16:30:24', NULL),
	(1002, '-LhtMqCrJfdm9W7l4EnX', 531, 7, 6, 'text', 'AAWEFD', '2019-06-21 18:30:22', '2019-08-28 16:30:24', '2019-08-28 16:30:24', NULL),
	(1003, '-LhtMqNK6s774SclLAlM', 531, 7, 6, 'text', 'S', '2019-06-21 18:30:22', '2019-08-28 16:30:24', '2019-08-28 16:30:24', NULL),
	(1004, '-LhtMqSjtfH3QQcH7T6R', 531, 7, 6, 'text', 'SS', '2019-06-21 18:30:23', '2019-08-28 16:30:24', '2019-08-28 16:30:24', NULL),
	(1005, '-LhtMqY1QnvCo4zJc9RA', 531, 7, 6, 'text', 'S', '2019-06-21 18:30:23', '2019-08-28 16:30:24', '2019-08-28 16:30:24', NULL),
	(1006, '-LhtMqcxmXYnhqtQkHJZ', 531, 7, 6, 'text', 'SS', '2019-06-21 18:30:23', '2019-08-28 16:30:24', '2019-08-28 16:30:24', NULL),
	(1007, '-LhtMqkDLqBQj0VvfmCB', 531, 7, 6, 'text', 'S', '2019-06-21 18:30:24', '2019-08-28 16:30:24', '2019-08-28 16:30:24', NULL),
	(1008, '-LhtMqoke1ekmhZXQKgJ', 531, 7, 6, 'text', 'SS', '2019-06-21 18:30:24', '2019-08-28 16:30:24', '2019-08-28 16:30:24', NULL),
	(1009, '-LhtMquVepptWO35sID1', 531, 7, 6, 'text', 'S', '2019-06-21 18:30:25', '2019-08-28 16:30:24', '2019-08-28 16:30:24', NULL),
	(1010, '-LhtMr-D27KeVl_YRzyq', 531, 7, 6, 'text', 'SS', '2019-06-21 18:30:25', '2019-08-28 16:30:24', '2019-08-28 16:30:24', NULL),
	(1011, '-LhtMr3tiB4l9z4S6U4n', 531, 7, 6, 'text', 'SSS', '2019-06-21 18:30:25', '2019-08-28 16:30:24', '2019-08-28 16:30:24', NULL),
	(1012, '-LhtMr8s2cJ5mXsgvRwr', 531, 7, 6, 'text', 'SSSS', '2019-06-21 18:30:26', '2019-08-28 16:30:24', '2019-08-28 16:30:24', NULL),
	(1013, '-LhtMrDbnW717hXf7MKx', 531, 7, 6, 'text', 'S', '2019-06-21 18:30:26', '2019-08-28 16:30:24', '2019-08-28 16:30:24', NULL),
	(1014, '-LhtMrIWM2oYWH9KO09M', 531, 7, 6, 'text', 'SS', '2019-06-21 18:30:26', '2019-08-28 16:30:24', '2019-08-28 16:30:24', NULL),
	(1015, '-LhtMrSUf1W8DZOaPmV_', 531, 7, 6, 'text', 'SSSS', '2019-06-21 18:30:27', '2019-08-28 16:30:24', '2019-08-28 16:30:24', NULL),
	(1016, '-LhtMrXbgC6acEQwL4te', 531, 7, 6, 'text', 'SSSSS', '2019-06-21 18:30:27', '2019-08-28 16:30:24', '2019-08-28 16:30:24', NULL),
	(1017, '-LhtMragR77m6fumwRNY', 531, 7, 6, 'text', 'SSSSSD', '2019-06-21 18:30:27', '2019-08-28 16:30:24', '2019-08-28 16:30:24', NULL),
	(1018, '-LhtMrfYfVeux8VFboMx', 531, 7, 6, 'text', 'D', '2019-06-21 18:30:28', '2019-08-28 16:30:24', '2019-08-28 16:30:24', NULL),
	(1019, '-LhtMrkn-lEcB4cXOwca', 531, 7, 6, 'text', 'DD', '2019-06-21 18:30:28', '2019-08-28 16:30:24', '2019-08-28 16:30:24', NULL),
	(1020, '-LhtMrqiR6RsocOmMm2l', 531, 7, 6, 'text', 'DDD', '2019-06-21 18:30:28', '2019-08-28 16:30:24', '2019-08-28 16:30:24', NULL),
	(1021, '-LhtMrzwYqEOHzOLqZlY', 531, 7, 6, 'text', 'DF', '2019-06-21 18:30:29', '2019-08-28 16:30:24', '2019-08-28 16:30:24', NULL),
	(1022, '-LhtMs3gGbNfyg-xoqNK', 531, 7, 6, 'text', 'DFG', '2019-06-21 18:30:29', '2019-08-28 16:30:24', '2019-08-28 16:30:24', NULL),
	(1023, '-LhtMscdB9jY-6qFispj', 531, 7, 6, 'text', 'DFGG', '2019-06-21 18:30:32', '2019-08-28 16:30:24', '2019-08-28 16:30:24', NULL),
	(1024, '-LhtMtB7HbAVz3NQ7r5d', 531, 7, 6, 'text', 'DFGGGGGGGA', '2019-06-21 18:30:34', '2019-08-28 16:30:24', '2019-08-28 16:30:24', NULL),
	(1025, '-LhtMtHCDq0ICZa2VLWT', 531, 7, 6, 'text', 'DFGGGGGGGAA', '2019-06-21 18:30:34', '2019-08-28 16:30:24', '2019-08-28 16:30:24', NULL),
	(1026, '-LhtMtM7ldCK51fePLnr', 531, 7, 6, 'text', 'DFGGGGGGGAAS', '2019-06-21 18:30:35', '2019-08-28 16:30:24', '2019-08-28 16:30:24', NULL),
	(1027, '-LhtMtVWTj_8rTsaE4V_', 531, 7, 6, 'text', 'S', '2019-06-21 18:30:35', '2019-08-28 16:30:24', '2019-08-28 16:30:24', NULL),
	(1028, '-LhtMwY8l_dVHe7z6iJz', 531, 7, 6, 'text', 'AAAA', '2019-06-21 18:30:48', '2019-08-28 16:30:24', '2019-08-28 16:30:24', NULL),
	(1029, '-LhtN6DVOKBGZHfaMocZ', 531, 7, 6, 'text', 'q', '2019-06-21 18:31:31', '2019-08-28 16:30:24', '2019-08-28 16:30:24', NULL),
	(1030, '-LhtN78Kn7W5AWfHMzUU', 531, 7, 6, 'text', 'qruricri', '2019-06-21 18:31:35', '2019-08-28 16:30:24', '2019-08-28 16:30:24', NULL),
	(1031, '-LhtN8DAmvnLxKg37HHl', 531, 7, 6, 'text', 'ye7euhd', '2019-06-21 18:31:40', '2019-08-28 16:30:24', '2019-08-28 16:30:24', NULL),
	(1032, '-LhtN9e3_ZSKtwdp-88x', 531, 7, 6, 'text', 'teyeieid', '2019-06-21 18:31:45', '2019-08-28 16:30:24', '2019-08-28 16:30:24', NULL),
	(1033, '-LhtNA1bK6QFOq91PdrG', 531, 7, 6, 'text', 's', '2019-06-21 18:31:47', '2019-08-28 16:30:24', '2019-08-28 16:30:24', NULL),
	(1034, '-LhtNAF6pvsFfX9faZzQ', 531, 7, 6, 'text', 'ss', '2019-06-21 18:31:48', '2019-08-28 16:30:24', '2019-08-28 16:30:24', NULL),
	(1035, '-LhtNANUaTY_iZcdjnBN', 531, 7, 6, 'text', 'ssssss', '2019-06-21 18:31:48', '2019-08-28 16:30:24', '2019-08-28 16:30:24', NULL),
	(1036, '-LhtNAVZSLi07A3kb1Bp', 531, 7, 6, 'text', 'sssssssd', '2019-06-21 18:31:49', '2019-08-28 16:30:24', '2019-08-28 16:30:24', NULL),
	(1037, '-LhtNAz9-SnBgoztoZYS', 531, 7, 6, 'text', 'sssssssdsssss', '2019-06-21 18:31:51', '2019-08-28 16:30:24', '2019-08-28 16:30:24', NULL),
	(1038, '-LhtNB6-oSEYiXsqLp7h', 531, 7, 6, 'text', 'sssssssdssssssdd', '2019-06-21 18:31:51', '2019-08-28 16:30:24', '2019-08-28 16:30:24', NULL),
	(1039, '-LhtNBDP_Bhb0Cwfi2-R', 531, 7, 6, 'text', 'sssssssdssssssddd', '2019-06-21 18:31:52', '2019-08-28 16:30:24', '2019-08-28 16:30:24', NULL),
	(1040, '-LhtNBIHtZfp-3SeCa2i', 531, 7, 6, 'text', 'sssssssdssssssdddd', '2019-06-21 18:31:52', '2019-08-28 16:30:24', '2019-08-28 16:30:24', NULL),
	(1041, '-LhtNBNb2DNUupS2Rjs3', 531, 7, 6, 'text', 'sssssssdssssssddddd', '2019-06-21 18:31:52', '2019-08-28 16:30:24', '2019-08-28 16:30:24', NULL),
	(1042, '-LhtNBSTknYzxhw0O7BZ', 531, 7, 6, 'text', 'sssssssdssssssddddddd', '2019-06-21 18:31:53', '2019-08-28 16:30:24', '2019-08-28 16:30:24', NULL),
	(1043, '-LhtNBXob3Sr5SYf4Vza', 531, 7, 6, 'text', 'sssssssdssssssdddddddd', '2019-06-21 18:31:53', '2019-08-28 16:30:24', '2019-08-28 16:30:24', NULL),
	(1044, '-LhtNB_ZA1yuBiO3S-N9', 531, 7, 6, 'text', 'sssssssdssssssdddddddddd', '2019-06-21 18:31:53', '2019-08-28 16:30:24', '2019-08-28 16:30:24', NULL),
	(1045, '-LhtNBdSMRAGJp-FcDn2', 531, 7, 6, 'text', 'sssssssdssssssddddddddddd', '2019-06-21 18:31:54', '2019-08-28 16:30:24', '2019-08-28 16:30:24', NULL),
	(1046, '-LhtNBhOTW-_ORaoL1Y4', 531, 7, 6, 'text', 'sssssssdssssssdddddddddddd', '2019-06-21 18:31:54', '2019-08-28 16:30:24', '2019-08-28 16:30:24', NULL),
	(1047, '-LhtNBlWI2pj9lDP1vVq', 531, 7, 6, 'text', 'd', '2019-06-21 18:31:54', '2019-08-28 16:30:24', '2019-08-28 16:30:24', NULL),
	(1048, '-LhtNBoj_exHm-zf5l4S', 531, 7, 6, 'text', 'dd', '2019-06-21 18:31:54', '2019-08-28 16:30:24', '2019-08-28 16:30:24', NULL),
	(1049, '-LhtNC-LW6iZ9Q1Dq2PY', 531, 7, 6, 'text', 'ddd', '2019-06-21 18:31:55', '2019-08-28 16:30:24', '2019-08-28 16:30:24', NULL),
	(1050, '-LhtNC3wnyeiaww8IeT0', 531, 7, 6, 'text', 'dd', '2019-06-21 18:31:55', '2019-08-28 16:30:24', '2019-08-28 16:30:24', NULL),
	(1051, '-LhtNC9wOKkszpBr3zER', 531, 7, 6, 'text', 'dddd', '2019-06-21 18:31:56', '2019-08-28 16:30:24', '2019-08-28 16:30:24', NULL),
	(1052, '-LhtNCCH0HqVPfr_-W1N', 531, 7, 6, 'text', 'd', '2019-06-21 18:31:56', '2019-08-28 16:30:24', '2019-08-28 16:30:24', NULL),
	(1053, '-LhtNCGX7ehsI0LMmPY-', 531, 7, 6, 'text', 'dd', '2019-06-21 18:31:56', '2019-08-28 16:30:24', '2019-08-28 16:30:24', NULL),
	(1054, '-LhtNCOfQz0W1J2FU4YK', 531, 7, 6, 'text', 'ddd', '2019-06-21 18:31:57', '2019-08-28 16:30:24', '2019-08-28 16:30:24', NULL),
	(1055, '-LhtNCPcVs4Ry_BmJMKZ', 531, 7, 6, 'text', 'dddd', '2019-06-21 18:31:57', '2019-08-28 16:30:24', '2019-08-28 16:30:24', NULL),
	(1056, '-LhtNCf9FhblVy057uwP', 531, 7, 6, 'text', 'dd', '2019-06-21 18:31:58', '2019-08-28 16:30:24', '2019-08-28 16:30:24', NULL),
	(1057, '-LhtNCjSQFQ1cFkcHqvO', 531, 7, 6, 'text', 'ddddd', '2019-06-21 18:31:58', '2019-08-28 16:30:24', '2019-08-28 16:30:24', NULL),
	(1058, '-LhtNCuqnn62O2iEn23z', 531, 7, 6, 'text', 'dddddd', '2019-06-21 18:31:59', '2019-08-28 16:30:24', '2019-08-28 16:30:24', NULL),
	(1059, '-LhtNCzt-QjjKPWs81I_', 531, 7, 6, 'text', 'ddddddddd', '2019-06-21 18:31:59', '2019-08-28 16:30:24', '2019-08-28 16:30:24', NULL),
	(1060, '-LhtND4JdqpGkOk9doxc', 531, 7, 6, 'text', 'd', '2019-06-21 18:31:59', '2019-08-28 16:30:24', '2019-08-28 16:30:24', NULL),
	(1061, '-LhtNDAzMKOwKjvD7i-o', 531, 7, 6, 'text', 'dd', '2019-06-21 18:32:00', '2019-08-28 16:30:24', '2019-08-28 16:30:24', NULL),
	(1062, '-LhtNDGQvllBAm6-Lx52', 531, 7, 6, 'text', 'd', '2019-06-21 18:32:00', '2019-08-28 16:30:24', '2019-08-28 16:30:24', NULL),
	(1063, '-LhtNDJFFAykZQExvHYZ', 531, 7, 6, 'text', 'dd', '2019-06-21 18:32:00', '2019-08-28 16:30:24', '2019-08-28 16:30:24', NULL),
	(1064, '-LhtNDNUpj29412lE3k2', 531, 7, 6, 'text', 'ddd', '2019-06-21 18:32:01', '2019-08-28 16:30:24', '2019-08-28 16:30:24', NULL),
	(1065, '-LhtNDRptVnx0LjnS7RA', 531, 7, 6, 'text', 'dddd', '2019-06-21 18:32:01', '2019-08-28 16:30:24', '2019-08-28 16:30:24', NULL),
	(1066, '-LhtNDXi2IL1jeYMHkGC', 531, 7, 6, 'text', 'd', '2019-06-21 18:32:01', '2019-08-28 16:30:24', '2019-08-28 16:30:24', NULL),
	(1067, '-LhtNDtKF15gGCrcvfEf', 531, 7, 6, 'text', 'dddd', '2019-06-21 18:32:03', '2019-08-28 16:30:24', '2019-08-28 16:30:24', NULL),
	(1068, '-LhtNDx00kC5eh-2FNDt', 531, 7, 6, 'text', 'd', '2019-06-21 18:32:03', '2019-08-28 16:30:24', '2019-08-28 16:30:24', NULL),
	(1069, '-LhtNE-nV-0tESNlQCwk', 531, 7, 6, 'text', 'ddd', '2019-06-21 18:32:03', '2019-08-28 16:30:24', '2019-08-28 16:30:24', NULL),
	(1070, '-LhtNE3_LsGVxvmjnKN2', 531, 7, 6, 'text', 'dddd', '2019-06-21 18:32:03', '2019-08-28 16:30:24', '2019-08-28 16:30:24', NULL),
	(1071, '-LhtNE8NZEZ8-YJG63M_', 531, 7, 6, 'text', 'd', '2019-06-21 18:32:04', '2019-08-28 16:30:24', '2019-08-28 16:30:24', NULL),
	(1072, '-LhtNEKIlKFmtVKlE9C6', 531, 7, 6, 'text', 'dd', '2019-06-21 18:32:05', '2019-08-28 16:30:24', '2019-08-28 16:30:24', NULL),
	(1073, '-LhtNETK3PJpiqDiKDZo', 531, 7, 6, 'text', 'ddd', '2019-06-21 18:32:05', '2019-08-28 16:30:24', '2019-08-28 16:30:24', NULL),
	(1074, '-LhtNEYvOJhvpB5ilLS-', 531, 7, 6, 'text', 'ddddd', '2019-06-21 18:32:05', '2019-08-28 16:30:24', '2019-08-28 16:30:24', NULL),
	(1075, '-LhtNEcXzFwsjBSD7HSu', 531, 7, 6, 'text', 'dddddr', '2019-06-21 18:32:06', '2019-08-28 16:30:24', '2019-08-28 16:30:24', NULL),
	(1076, '-LhtNEja935XCkwMEXfJ', 531, 7, 6, 'text', 'dddddrr', '2019-06-21 18:32:06', '2019-08-28 16:30:24', '2019-08-28 16:30:24', NULL),
	(1077, '-LhtNEv1X3PAf76qRI8R', 531, 7, 6, 'text', 'rr', '2019-06-21 18:32:07', '2019-08-28 16:30:24', '2019-08-28 16:30:24', NULL),
	(1078, '-LhtNEztgKajjo8ZXnhU', 531, 7, 6, 'text', 'rrrd', '2019-06-21 18:32:07', '2019-08-28 16:30:24', '2019-08-28 16:30:24', NULL),
	(1079, '-LhtNF1xJiOJ1B9nqEZN', 531, 7, 6, 'text', 'd', '2019-06-21 18:32:07', '2019-08-28 16:30:24', '2019-08-28 16:30:24', NULL),
	(1080, '-LhtNF6MD1KtGNE3WTQe', 531, 7, 6, 'text', 'dd', '2019-06-21 18:32:08', '2019-08-28 16:30:24', '2019-08-28 16:30:24', NULL),
	(1081, '-LhtNFFI0YSt_AcD2KBV', 531, 7, 6, 'text', 'dddd', '2019-06-21 18:32:08', '2019-08-28 16:30:24', '2019-08-28 16:30:24', NULL),
	(1082, '-LhtNFO8uOoIUBZ4yifn', 531, 7, 6, 'text', 'dddddd', '2019-06-21 18:32:09', '2019-08-28 16:30:24', '2019-08-28 16:30:24', NULL),
	(1083, '-LhtNFRZMraj7wALAHoF', 531, 7, 6, 'text', 'r', '2019-06-21 18:32:09', '2019-08-28 16:30:24', '2019-08-28 16:30:24', NULL),
	(1084, '-LhtNFZOWXStlEIJvA2T', 531, 7, 6, 'text', 'rdd', '2019-06-21 18:32:10', '2019-08-28 16:30:24', '2019-08-28 16:30:24', NULL),
	(1085, '-LhtNFcaNAhYfbPAeXIH', 531, 7, 6, 'text', 'rddd', '2019-06-21 18:32:10', '2019-08-28 16:30:24', '2019-08-28 16:30:24', NULL),
	(1086, '-LhtNFimMJysuwPoVca0', 531, 7, 6, 'text', 'rdddd', '2019-06-21 18:32:10', '2019-08-28 16:30:24', '2019-08-28 16:30:24', NULL),
	(1087, '-LhtNFlTs57UQbTC4RKG', 531, 7, 6, 'text', 'rddddd', '2019-06-21 18:32:10', '2019-08-28 16:30:24', '2019-08-28 16:30:24', NULL),
	(1088, '-LhtNFqJWleY4ublox0m', 531, 7, 6, 'text', 'rdddddd', '2019-06-21 18:32:11', '2019-08-28 16:30:24', '2019-08-28 16:30:24', NULL),
	(1089, '-LhtNFyKJIzrzObwHnMA', 531, 7, 6, 'text', 'dd', '2019-06-21 18:32:11', '2019-08-28 16:30:24', '2019-08-28 16:30:24', NULL),
	(1090, '-LhtNG0drnPuyKRD6nLS', 531, 7, 6, 'text', 'ddd', '2019-06-21 18:32:11', '2019-08-28 16:30:24', '2019-08-28 16:30:24', NULL),
	(1091, '-LhtNG4mvUvEDazs0dqr', 531, 7, 6, 'text', 'dddd', '2019-06-21 18:32:12', '2019-08-28 16:30:24', '2019-08-28 16:30:24', NULL),
	(1092, '-LhtNG9qGzEQOqdfT9so', 531, 7, 6, 'text', 'ddddd', '2019-06-21 18:32:12', '2019-08-28 16:30:24', '2019-08-28 16:30:24', NULL),
	(1093, '-LhtNGNPbrbjLA9i7bdU', 531, 7, 6, 'text', 'dddddddd', '2019-06-21 18:32:13', '2019-08-28 16:30:24', '2019-08-28 16:30:24', NULL),
	(1094, '-LhtNGRN6NAPXBLR1Xwq', 531, 7, 6, 'text', 'ddddddddd', '2019-06-21 18:32:13', '2019-08-28 16:30:24', '2019-08-28 16:30:24', NULL),
	(1095, '-LhtNGVmGkIATQYF31ei', 531, 7, 6, 'text', 'dddddddddd', '2019-06-21 18:32:13', '2019-08-28 16:30:24', '2019-08-28 16:30:24', NULL),
	(1096, '-LhtNG_YCO7ZwCQAF4vK', 531, 7, 6, 'text', 'ddddddddddd', '2019-06-21 18:32:14', '2019-08-28 16:30:24', '2019-08-28 16:30:24', NULL),
	(1097, '-LhtNGeVvaMv9vGSOOjL', 531, 7, 6, 'text', 'd', '2019-06-21 18:32:14', '2019-08-28 16:30:24', '2019-08-28 16:30:24', NULL),
	(1098, '-LhtNI0aG89vFbdh6mQB', 531, 7, 6, 'text', 'a', '2019-06-21 18:32:20', '2019-08-28 16:30:24', '2019-08-28 16:30:24', NULL),
	(1099, '-LhtNI53W5Tl6qjtj4Qx', 531, 7, 6, 'text', 'as', '2019-06-21 18:32:20', '2019-08-28 16:30:24', '2019-08-28 16:30:24', NULL),
	(1100, '-LhtNI9nIZVDhK900p04', 531, 7, 6, 'text', 's', '2019-06-21 18:32:20', '2019-08-28 16:30:24', '2019-08-28 16:30:24', NULL),
	(1101, '-LhtNIFLJji3UzZ5pM54', 531, 7, 6, 'text', 'ss', '2019-06-21 18:32:21', '2019-08-28 16:30:24', '2019-08-28 16:30:24', NULL),
	(1102, '-LhtNIKOB0cOBftZtzEp', 531, 7, 6, 'text', 's', '2019-06-21 18:32:21', '2019-08-28 16:30:24', '2019-08-28 16:30:24', NULL),
	(1103, '-LhtNIPN2FlPBXsm3097', 531, 7, 6, 'text', 'ss', '2019-06-21 18:32:21', '2019-08-28 16:30:24', '2019-08-28 16:30:24', NULL),
	(1104, '-LhtNIT1k9vnW5MYTVIB', 531, 7, 6, 'text', 'sss', '2019-06-21 18:32:21', '2019-08-28 16:30:24', '2019-08-28 16:30:24', NULL),
	(1105, '-LhtNIXFf8ZKxSNF5HFi', 531, 7, 6, 'text', 's', '2019-06-21 18:32:22', '2019-08-28 16:30:24', '2019-08-28 16:30:24', NULL),
	(1106, '-LhtNIfJdBs-GJLXZtoM', 531, 7, 6, 'text', 'sss', '2019-06-21 18:32:22', '2019-08-28 16:30:24', '2019-08-28 16:30:24', NULL),
	(1107, '-LhtNIiJ8Fz1dCOsOzU4', 531, 7, 6, 'text', 's', '2019-06-21 18:32:23', '2019-08-28 16:30:24', '2019-08-28 16:30:24', NULL),
	(1108, '-LhtNImRB_qNWUzEWFxq', 531, 7, 6, 'text', 'ss', '2019-06-21 18:32:23', '2019-08-28 16:30:24', '2019-08-28 16:30:24', NULL),
	(1109, '-LhtNIqoF6rMTf_KNxLP', 531, 7, 6, 'text', 'ssd', '2019-06-21 18:32:23', '2019-08-28 16:30:24', '2019-08-28 16:30:24', NULL),
	(1110, '-LhtOsOCV3fpV6BczepJ', 531, 7, 6, 'text', 'w', '2019-06-21 18:39:15', '2019-08-28 16:30:24', '2019-08-28 16:30:24', NULL),
	(1111, '-Li8U48sYwAyuBrQA1ba', 535, 7, 6, 'text', 'hhh', '2019-06-24 21:35:54', '2019-08-28 16:30:24', '2019-08-28 16:30:24', NULL),
	(1112, '-Li8U4Lu4kFk-tgz8qi0', 535, 7, 6, 'text', 'ik', '2019-06-24 21:35:55', '2019-08-28 16:30:24', '2019-08-28 16:30:24', NULL),
	(1113, '-Li8r4ZdWdN2f26vYVqS', 539, 7, 131, 'text', 'hello', '2019-06-24 23:20:47', '2019-08-28 16:30:24', '2019-08-28 16:30:24', NULL),
	(1114, '-Li8rCleMuK9G1kagxlJ', 539, 7, 131, 'text', 'how are ya doing?', '2019-06-24 23:21:20', '2019-08-28 16:30:24', '2019-08-28 16:30:24', NULL),
	(1115, '-Li8rx3IdSgegYG-Ro3d', 539, 131, 7, 'text', 'i need these products', '2019-06-24 23:24:34', '2019-08-28 16:30:24', '2019-08-28 16:30:24', NULL),
	(1116, '-Li8rz7m3TtAkjk1YFZN', 539, 131, 7, 'text', '3 products', '2019-06-24 23:24:42', '2019-08-28 16:30:24', '2019-08-28 16:30:24', NULL),
	(1117, '-Li8sgTC7Bi8Iahf2B6J', 539, 7, 131, 'text', 'you read 3 but you set as 1', '2019-06-24 23:27:48', '2019-08-28 16:30:24', '2019-08-28 16:30:24', NULL),
	(1118, '-Li8skbCSd7BdDgcPZ_3', 539, 7, 131, 'text', 'change it to 3 coina', '2019-06-24 23:28:05', '2019-08-28 16:30:24', '2019-08-28 16:30:24', NULL),
	(1119, '-Li8snE2hHivP4SZtMXS', 539, 7, 131, 'text', 'ah got it', '2019-06-24 23:28:16', '2019-08-28 16:30:24', '2019-08-28 16:30:24', NULL),
	(1120, '-Li8spnXyWoq6Umq-gCk', 539, 7, 131, 'text', 'total 3 different request', '2019-06-24 23:28:26', '2019-08-28 16:30:24', '2019-08-28 16:30:24', NULL),
	(1121, '-Li8srOL1RBTCZHICD85', 539, 7, 131, 'text', 'why don\'t you talk here ?', '2019-06-24 23:28:33', '2019-08-28 16:30:24', '2019-08-28 16:30:24', NULL),
	(1122, '-Li8syFLpuIY9Z8TzZSh', 539, 131, 7, 'text', 'i am Mamacita', '2019-06-24 23:29:01', '2019-08-28 16:30:24', '2019-08-28 16:30:24', NULL),
	(1123, '-Li8sz8a5D93RacBIlOJ', 539, 131, 7, 'text', 'not Colina', '2019-06-24 23:29:04', '2019-08-28 16:30:24', '2019-08-28 16:30:24', NULL),
	(1124, '-Li8t58K5TxTPh8xRPDK', 539, 131, 7, 'text', 'but i posted 3 products eite?', '2019-06-24 23:29:33', '2019-08-28 16:30:24', '2019-08-28 16:30:24', NULL),
	(1125, '-Li8t8NK66EYg3KZcg1h', 539, 131, 7, 'text', 'how many pics do u see?', '2019-06-24 23:29:46', '2019-08-28 16:30:24', '2019-08-28 16:30:24', NULL),
	(1126, '-Li8tCbMuS7iYZG4TnHd', 539, 7, 131, 'text', 'hold on', '2019-06-24 23:30:04', '2019-08-28 16:30:24', '2019-08-28 16:30:24', NULL),
	(1127, '-Li8tVdl2Qz3v1o_YJSd', 539, 7, 131, 'photo', 'https://firebasestorage.googleapis.com/v0/b/hakobiya-a4dc3.appspot.com/o/messagePics%2F2019-06-24_113116_gallery?alt=media&token=2766ae14-4b18-4b96-b847-4fa85a755785', '2019-06-24 23:31:22', '2019-08-28 16:30:24', '2019-08-28 16:30:24', NULL),
	(1128, '-Li8tWg0l0p-LGjn4Hui', 539, 7, 131, 'photo', 'https://firebasestorage.googleapis.com/v0/b/hakobiya-a4dc3.appspot.com/o/messagePics%2F2019-06-24_113121_gallery?alt=media&token=ce9b6fa4-24bc-4391-beaa-7ed23b403b9d', '2019-06-24 23:31:26', '2019-08-28 16:30:24', '2019-08-28 16:30:24', NULL),
	(1129, '-Li8tXK2JJo2OpQlntl3', 539, 7, 131, 'text', 'I see only one', '2019-06-24 23:31:29', '2019-08-28 16:30:24', '2019-08-28 16:30:24', NULL),
	(1130, '-Li8tdwwYKWG9H-iCub5', 539, 131, 7, 'text', 'but i put multiple request at once', '2019-06-24 23:32:00', '2019-08-28 16:30:24', '2019-08-28 16:30:24', NULL),
	(1131, '-Li8tgFW7253CBDPSNW0', 539, 7, 131, 'text', 'Ah', '2019-06-24 23:32:09', '2019-08-28 16:30:24', '2019-08-28 16:30:24', NULL),
	(1132, '-Li8th_575t71AcKJYFV', 539, 7, 131, 'text', 'I got it', '2019-06-24 23:32:15', '2019-08-28 16:30:24', '2019-08-28 16:30:24', NULL),
	(1133, '-Li8toFWsJezmCK89fI_', 539, 7, 131, 'text', 'that\'s', '2019-06-24 23:32:42', '2019-08-28 16:30:24', '2019-08-28 16:30:24', NULL),
	(1134, '-Li8tw7q2OPjMfhBwZOq', 539, 131, 7, 'photo', 'https://firebasestorage.googleapis.com/v0/b/hakobiya-a4dc3.appspot.com/o/messagePics%2F2019-06-24_090309_gallery?alt=media&token=b3fcf5f8-0edd-4718-b045-4406f260e4ed', '2019-06-24 23:33:14', '2019-08-28 16:30:24', '2019-08-28 16:30:24', NULL),
	(1135, '-Li8tygAdl1YMjGHM19Y', 539, 131, 7, 'photo', 'https://firebasestorage.googleapis.com/v0/b/hakobiya-a4dc3.appspot.com/o/messagePics%2F2019-06-24_090318_gallery?alt=media&token=993f4a5e-480f-46a5-9625-5035a0e00c52', '2019-06-24 23:33:25', '2019-08-28 16:30:24', '2019-08-28 16:30:24', NULL),
	(1136, '-Li8tzQJUeARucujaDkl', 539, 7, 131, 'text', 'what is this?', '2019-06-24 23:33:28', '2019-08-28 16:30:24', '2019-08-28 16:30:24', NULL),
	(1137, '-Li8u0SS9KlIdHHyFiRO', 539, 131, 7, 'photo', 'https://firebasestorage.googleapis.com/v0/b/hakobiya-a4dc3.appspot.com/o/messagePics%2F2019-06-24_090331_gallery?alt=media&token=aca0bf10-b340-4aec-9840-88abb4acc9e9', '2019-06-24 23:33:36', '2019-08-28 16:30:24', '2019-08-28 16:30:24', NULL),
	(1138, '-Li8u0TObro-mt8f7rOk', 539, 7, 131, 'text', ':v', '2019-06-24 23:33:36', '2019-08-28 16:30:24', '2019-08-28 16:30:24', NULL),
	(1139, '-Li8u0oxv6rsRj7sC5ZC', 539, 7, 131, 'photo', 'https://firebasestorage.googleapis.com/v0/b/hakobiya-a4dc3.appspot.com/o/messagePics%2F2019-06-24_113241_gallery?alt=media&token=d94be22d-4943-4a0b-932b-13bcab0061be', '2019-06-24 23:33:38', '2019-08-28 16:30:24', '2019-08-28 16:30:24', NULL),
	(1140, '-Li8u0tsmOlhwBF23xCX', 539, 7, 131, 'photo', 'https://firebasestorage.googleapis.com/v0/b/hakobiya-a4dc3.appspot.com/o/messagePics%2F2019-06-24_113254_gallery?alt=media&token=9f6dd8dd-a08d-49b0-b9cd-daa665ad89ee', '2019-06-24 23:33:38', '2019-08-28 16:30:24', '2019-08-28 16:30:24', NULL),
	(1141, '-Li8u1TeNaHljxuvJNe3', 539, 7, 131, 'photo', 'https://firebasestorage.googleapis.com/v0/b/hakobiya-a4dc3.appspot.com/o/messagePics%2F2019-06-24_113304_gallery?alt=media&token=ce1f24bd-9581-45eb-a45f-f05e7561f0d0', '2019-06-24 23:33:40', '2019-08-28 16:30:24', '2019-08-28 16:30:24', NULL),
	(1142, '-Li8u3qNwTIV7BSD3Br-', 539, 131, 7, 'text', 'thats the point', '2019-06-24 23:33:50', '2019-08-28 16:30:24', '2019-08-28 16:30:24', NULL),
	(1143, '-Li8u4jjQdzn06SR-9MY', 539, 131, 7, 'text', ':(', '2019-06-24 23:33:54', '2019-08-28 16:30:24', '2019-08-28 16:30:24', NULL),
	(1144, '-Li8uASWGWhrv1r3Hglx', 539, 131, 7, 'text', 'i saw many photos on the request', '2019-06-24 23:34:17', '2019-08-28 16:30:24', '2019-08-28 16:30:24', NULL),
	(1145, '-Li8uAWtxK3BgAzNOkUM', 539, 7, 131, 'text', 'Ah I think we should think about the flow from new arrival', '2019-06-24 23:34:17', '2019-08-28 16:30:24', '2019-08-28 16:30:24', NULL),
	(1146, '-Li8uBpqFHvy_5q5QZzd', 539, 131, 7, 'text', 'how come', '2019-06-24 23:34:23', '2019-08-28 16:30:24', '2019-08-28 16:30:24', NULL),
	(1147, '-Li8uIQMG1t9NLKCoh0D', 539, 7, 131, 'text', 'I picked your product from new arrival', '2019-06-24 23:34:50', '2019-08-28 16:30:24', '2019-08-28 16:30:24', NULL),
	(1148, '-Li8uKiJP_oirv3NtPdG', 539, 7, 131, 'text', 'and you better see my trip scheme', '2019-06-24 23:34:59', '2019-08-28 16:30:24', '2019-08-28 16:30:24', NULL),
	(1149, '-Li8uNAUhoc4zwLWs2f2', 539, 7, 131, 'text', 'schedule I mean', '2019-06-24 23:35:09', '2019-08-28 16:30:24', '2019-08-28 16:30:24', NULL),
	(1150, '-Li8uOMinpMTb-8mI9hm', 539, 7, 131, 'text', 'its not fit', '2019-06-24 23:35:14', '2019-08-28 16:30:24', '2019-08-28 16:30:24', NULL),
	(1151, '-LjdGe8bFurfMWI3SKX7', 539, 7, 131, 'photo', 'https://firebasestorage.googleapis.com/v0/b/hakobiya-a4dc3.appspot.com/o/messagePics%2F2019-07-13_120006camera.jpg_camera?alt=media&token=a96ca317-7a7c-4abc-8af3-ace467bb952f', '2019-07-13 12:00:48', '2019-08-28 16:30:24', '2019-08-28 16:30:24', NULL),
	(1152, '-LjdGn-73veC-WIfxohT', 539, 7, 131, 'photo', 'https://firebasestorage.googleapis.com/v0/b/hakobiya-a4dc3.appspot.com/o/messagePics%2F2019-07-13_120048camera.jpg_camera?alt=media&token=85437c29-7381-450d-9b28-c69b27a0b5e1', '2019-07-13 12:01:24', '2019-08-28 16:30:24', '2019-08-28 16:30:24', NULL),
	(1153, '-LjdGu8IHXEtaFCjKNye', 539, 7, 131, 'photo', 'https://firebasestorage.googleapis.com/v0/b/hakobiya-a4dc3.appspot.com/o/messagePics%2F2019-07-13_120118camera.jpg_camera?alt=media&token=14c8227f-eeea-41c0-90b0-c526de7f9001', '2019-07-13 12:01:53', '2019-08-28 16:30:24', '2019-08-28 16:30:24', NULL),
	(1154, '-LjdHb70II5YtE5BwQjw', 539, 7, 131, 'text', 'rr', '2019-07-13 12:04:58', '2019-08-28 16:30:24', '2019-08-28 16:30:24', NULL),
	(1155, '-LjdHdLZJFkOdyr_f-ry', 539, 7, 131, 'text', 'so you receive?', '2019-07-13 12:05:07', '2019-08-28 16:30:24', '2019-08-28 16:30:24', NULL),
	(1156, '-LjdHz9TZBmY_UQPIcKk', 539, 131, 7, 'text', 'okay', '2019-07-13 12:06:36', '2019-08-28 16:30:24', '2019-08-28 16:30:24', NULL),
	(1157, '-LjdIDCG78pC4FbciVfC', 539, 7, 131, 'text', '4，748', '2019-07-13 12:07:38', '2019-08-28 16:30:24', '2019-08-28 16:30:24', NULL),
	(1158, '-LjdSfI8bNs4zYk1ixVO', 539, 7, 131, 'text', 'here', '2019-07-13 12:53:18', '2019-08-28 16:30:24', '2019-08-28 16:30:24', NULL),
	(1159, '-LjdSfhUSyfNp7aWIi4h', 539, 7, 131, 'text', 'again', '2019-07-13 12:53:19', '2019-08-28 16:30:24', '2019-08-28 16:30:24', NULL),
	(1160, '-LjdSgaOi8KnOZjlxCkE', 539, 7, 131, 'text', 'same thing', '2019-07-13 12:53:23', '2019-08-28 16:30:24', '2019-08-28 16:30:24', NULL),
	(1161, '-LjdU03nYSxDV58XDQ8L', 539, 7, 131, 'text', 'hdjd', '2019-07-13 12:59:09', '2019-08-28 16:30:24', '2019-08-28 16:30:24', NULL),
	(1162, '-LjdU0GrKnflxk8CotQi', 539, 7, 131, 'text', 'idid', '2019-07-13 12:59:10', '2019-08-28 16:30:24', '2019-08-28 16:30:24', NULL),
	(1163, '-LjdU0QJvX8N_V2mQtDG', 539, 7, 131, 'text', 'bdd', '2019-07-13 12:59:11', '2019-08-28 16:30:24', '2019-08-28 16:30:24', NULL),
	(1164, '-LjdU0YsaQJY-7OgWB8g', 539, 7, 131, 'text', 'jd', '2019-07-13 12:59:11', '2019-08-28 16:30:24', '2019-08-28 16:30:24', NULL),
	(1165, '-LjdU0fyFQs5gH3x8ZNs', 539, 7, 131, 'text', 'hss', '2019-07-13 12:59:12', '2019-08-28 16:30:24', '2019-08-28 16:30:24', NULL),
	(1166, '-LjdU0nJQo6tVjYt8xyK', 539, 7, 131, 'text', 'js', '2019-07-13 12:59:12', '2019-08-28 16:30:24', '2019-08-28 16:30:24', NULL),
	(1167, '-LjdU0ud3EyRHB30P4DD', 539, 7, 131, 'text', 'sjs', '2019-07-13 12:59:13', '2019-08-28 16:30:24', '2019-08-28 16:30:24', NULL),
	(1168, '-LjdU10wYBOfYPzjNM9f', 539, 7, 131, 'text', 'js', '2019-07-13 12:59:13', '2019-08-28 16:30:24', '2019-08-28 16:30:24', NULL),
	(1169, '-LjdU17kMrHgt7nbJsmi', 539, 7, 131, 'text', 'js', '2019-07-13 12:59:13', '2019-08-28 16:30:24', '2019-08-28 16:30:24', NULL),
	(1170, '-LjdU1EFrkMqZnoemgrJ', 539, 7, 131, 'text', 'dh', '2019-07-13 12:59:14', '2019-08-28 16:30:24', '2019-08-28 16:30:24', NULL),
	(1171, '-LjdU1S2aEn5uF4LgMtw', 539, 7, 131, 'text', 'hddhss', '2019-07-13 12:59:15', '2019-08-28 16:30:24', '2019-08-28 16:30:24', NULL),
	(1172, '-LjdU1ZbeUi03AEampn9', 539, 7, 131, 'text', 'shs', '2019-07-13 12:59:15', '2019-08-28 16:30:24', '2019-08-28 16:30:24', NULL),
	(1173, '-LjdU1exJvmMcKXkyUDk', 539, 7, 131, 'text', 'dud', '2019-07-13 12:59:16', '2019-08-28 16:30:24', '2019-08-28 16:30:24', NULL),
	(1174, '-LjdU1mFzsIP1KoT8wRe', 539, 7, 131, 'text', 'duddis', '2019-07-13 12:59:16', '2019-08-28 16:30:24', '2019-08-28 16:30:24', NULL),
	(1175, '-LjdU1tHVULH36zAIakl', 539, 7, 131, 'text', 'sis', '2019-07-13 12:59:17', '2019-08-28 16:30:24', '2019-08-28 16:30:24', NULL),
	(1176, '-LjdU1zKHjHmX0LtCYjk', 539, 7, 131, 'text', 'sis', '2019-07-13 12:59:17', '2019-08-28 16:30:24', '2019-08-28 16:30:24', NULL),
	(1177, '-LjdU24oVZZWhUfDPEC9', 539, 7, 131, 'text', 'sisssu', '2019-07-13 12:59:17', '2019-08-28 16:30:24', '2019-08-28 16:30:24', NULL),
	(1178, '-LjdU2BOIE6gz7CaLEMG', 539, 7, 131, 'text', 'sisssussus', '2019-07-13 12:59:18', '2019-08-28 16:30:24', '2019-08-28 16:30:24', NULL),
	(1179, '-LjdU2I8_10qCbjwiX_E', 539, 7, 131, 'text', 'sisssussussuss', '2019-07-13 12:59:18', '2019-08-28 16:30:24', '2019-08-28 16:30:24', NULL),
	(1180, '-LjdU2OuX9si2XTpXZKx', 539, 7, 131, 'text', 'sus', '2019-07-13 12:59:19', '2019-08-28 16:30:24', '2019-08-28 16:30:24', NULL),
	(1181, '-LjdU2VS36yaxiFPt8kG', 539, 7, 131, 'text', 'sus', '2019-07-13 12:59:19', '2019-08-28 16:30:24', '2019-08-28 16:30:24', NULL),
	(1182, '-LjdU764vyr9axtMnFhV', 539, 131, 7, 'approval', 'confirmed', '2019-07-13 12:59:38', '2019-08-28 16:30:24', '2019-08-28 16:30:24', NULL),
	(1183, '-LjeDhmemhIMvoPUnlzu', 539, 7, 131, 'text', 'I got 2 now', '2019-07-13 16:27:33', '2019-08-28 16:30:24', '2019-08-28 16:30:24', NULL),
	(1184, '-LjeE8bfY4Y2OJ4yQBij', 539, 7, 131, 'photo', 'https://firebasestorage.googleapis.com/v0/b/hakobiya-a4dc3.appspot.com/o/messagePics%2F2019-07-13_042711camera.jpg_camera?alt=media&token=bb6b5f77-f5c1-4a6f-bdb4-37c3fbcb51c9', '2019-07-13 16:29:27', '2019-08-28 16:30:24', '2019-08-28 16:30:24', NULL),
	(1185, '-LjfDOpZsr1DGTlEdOER', 539, 7, 131, 'text', 'I purchased all', '2019-07-13 21:05:49', '2019-08-28 16:30:24', '2019-08-28 16:30:24', NULL),
	(1186, '-LiGo08GfvzeLBX58U98', 540, 7, 6, 'text', 'jdjdkd', '2019-06-26 12:24:20', '2019-08-28 16:30:24', '2019-08-28 16:30:24', NULL),
	(1187, '-LiGo0ZOqObUePXgTY1U', 540, 7, 6, 'text', 'jkdd', '2019-06-26 12:24:21', '2019-08-28 16:30:24', '2019-08-28 16:30:24', NULL),
	(1188, '-LiGo0i_9N9GADVbwV6J', 540, 7, 6, 'text', 'jsss', '2019-06-26 12:24:22', '2019-08-28 16:30:24', '2019-08-28 16:30:24', NULL),
	(1189, '-LiGo0rEVzumSpiw4SKC', 540, 7, 6, 'text', 'sjss', '2019-06-26 12:24:23', '2019-08-28 16:30:24', '2019-08-28 16:30:24', NULL),
	(1190, '-LiGo0xjN4Ty28GG3lIv', 540, 7, 6, 'text', 'sis', '2019-06-26 12:24:23', '2019-08-28 16:30:24', '2019-08-28 16:30:24', NULL),
	(1191, '-LiGo13-qLV6z4PaXJbA', 540, 7, 6, 'text', 'sisssis', '2019-06-26 12:24:23', '2019-08-28 16:30:24', '2019-08-28 16:30:24', NULL),
	(1192, '-LiGo6z4EwHOBZ0fHlKS', 540, 7, 6, 'text', 'あくしろ', '2019-06-26 12:24:48', '2019-08-28 16:30:24', '2019-08-28 16:30:24', NULL),
	(1193, '-LiGo7xzz8IiGcRm-amA', 540, 7, 6, 'text', 'バンバン', '2019-06-26 12:24:52', '2019-08-28 16:30:24', '2019-08-28 16:30:24', NULL),
	(1194, '-LiGoK9AXLy1XJau4Sqg', 551, 7, 6, 'text', 'thanks bro', '2019-06-26 12:25:42', '2019-08-28 16:30:24', '2019-08-28 16:30:24', NULL),
	(1195, '-LiR6_mhOL44Gw1Q5aUF', 555, 152, 149, 'text', 'hi', '2019-06-28 12:26:04', '2019-08-28 16:30:24', '2019-08-28 16:30:24', NULL),
	(1196, '-LiR6jSh3Eov1MnaFrS-', 555, 149, 152, 'approval', 'confirmed', '2019-06-28 12:26:43', '2019-08-28 16:30:24', '2019-08-28 16:30:24', NULL),
	(1197, '-LiR7ZjJ9cIRubSYPOyA', 555, 152, 149, 'text', 'hi', '2019-06-28 12:30:21', '2019-08-28 16:30:24', '2019-08-28 16:30:24', NULL),
	(1198, '-LiR8P4jL5tBIZ09O3OO', 555, 149, 152, 'text', 'ok', '2019-06-28 12:33:59', '2019-08-28 16:30:24', '2019-08-28 16:30:24', NULL),
	(1199, '-LiS3GgGUI4E_Yz4WAZX', 556, 73, 74, 'text', 'Hello', '2019-06-28 16:51:12', '2019-08-28 16:30:24', '2019-08-28 16:30:24', NULL),
	(1200, '-LiS3JlX60dtzdfskOuP', 556, 74, 73, 'text', 'Hello', '2019-06-28 16:51:24', '2019-08-28 16:30:24', '2019-08-28 16:30:24', NULL),
	(1201, '-LiS3OizAvDbaIxDS1ba', 556, 74, 73, 'approval', 'confirmed', '2019-06-28 16:51:44', '2019-08-28 16:30:24', '2019-08-28 16:30:24', NULL),
	(1202, '-LiptRF3qYmu8eTHfa1g', 557, 7, 131, 'text', 'Yeah', '2019-07-03 12:34:22', '2019-08-28 16:30:24', '2019-08-28 16:30:24', NULL),
	(1203, '-LiptT-wo-hA_XpQVBAU', 557, 7, 131, 'text', 'I took your s yeah', '2019-07-03 12:34:30', '2019-08-28 16:30:24', '2019-08-28 16:30:24', NULL),
	(1204, '-LipyC2OwAyN-_1G2wyr', 557, 131, 7, 'text', 'thanks so much', '2019-07-03 12:55:09', '2019-08-28 16:30:24', '2019-08-28 16:30:24', NULL),
	(1205, '-LipyGT60dH9wpltA08R', 557, 131, 7, 'text', 'which date r u arriving Sir?', '2019-07-03 12:55:27', '2019-08-28 16:30:24', '2019-08-28 16:30:24', NULL),
	(1206, '-LjdMvtRiWuSAQJTWpU0', 557, 7, 131, 'text', 'so is it ok now?', '2019-07-13 12:28:13', '2019-08-28 16:30:24', '2019-08-28 16:30:24', NULL),
	(1207, '-LjdNz6K4N2NNwZlQ5p_', 557, 131, 7, 'text', 'ken', '2019-07-13 12:32:49', '2019-08-28 16:30:24', '2019-08-28 16:30:24', NULL),
	(1208, '-LjdOOZGI90a42MHzo2U', 557, 7, 131, 'text', 'ok.', '2019-07-13 12:34:37', '2019-08-28 16:30:24', '2019-08-28 16:30:24', NULL),
	(1209, '-LjdORM39h3_ulnURHS7', 557, 7, 131, 'text', 'so I confirmed your product', '2019-07-13 12:34:48', '2019-08-28 16:30:24', '2019-08-28 16:30:24', NULL),
	(1210, '-LjdOTM8rrlFMR6lYhR4', 557, 131, 7, 'text', 'yes please sir', '2019-07-13 12:34:57', '2019-08-28 16:30:24', '2019-08-28 16:30:24', NULL),
	(1211, '-LjdOV-R7P_kb4OzUvUG', 557, 7, 131, 'text', 'so please send me request confirmation', '2019-07-13 12:35:03', '2019-08-28 16:30:24', '2019-08-28 16:30:24', NULL),
	(1212, '-LjdOXxw_zFLxaw-ZMqu', 557, 131, 7, 'text', 'how please?', '2019-07-13 12:35:16', '2019-08-28 16:30:24', '2019-08-28 16:30:24', NULL),
	(1213, '-LjdOaPtpGge3YrLOaKr', 557, 7, 131, 'text', 'you have shark hand next to text box', '2019-07-13 12:35:29', '2019-08-28 16:30:24', '2019-08-28 16:30:24', NULL),
	(1214, '-LjdObJIWsQ95184WF_T', 557, 7, 131, 'text', 'you tap that', '2019-07-13 12:35:33', '2019-08-28 16:30:24', '2019-08-28 16:30:24', NULL),
	(1215, '-LjdOdTIsTlulEXzzaqW', 557, 131, 7, 'approval', 'confirmed', '2019-07-13 12:35:42', '2019-08-28 16:30:24', '2019-08-28 16:30:24', NULL),
	(1216, '-LjdOjccwPShcDS_oJnu', 557, 7, 131, 'text', 'ok now we are in stage 2', '2019-07-13 12:36:07', '2019-08-28 16:30:24', '2019-08-28 16:30:24', NULL),
	(1217, '-LjdOoYl9bgnlDM82ikT', 557, 7, 131, 'text', 'come back to request detail', '2019-07-13 12:36:27', '2019-08-28 16:30:24', '2019-08-28 16:30:24', NULL),
	(1218, '-LjdOqG7exXFMT8vM1Ex', 557, 7, 131, 'text', 'then it will ask you to pay', '2019-07-13 12:36:34', '2019-08-28 16:30:24', '2019-08-28 16:30:24', NULL),
	(1219, '-LjdOzm5wejz5QZYDnTA', 557, 131, 7, 'text', 'i need to link paypal account to my credit card', '2019-07-13 12:37:14', '2019-08-28 16:30:24', '2019-08-28 16:30:24', NULL),
	(1220, '-LjdQ6Ogbb7Jodl2PNeg', 557, 7, 131, 'text', 'yeah please', '2019-07-13 12:42:06', '2019-08-28 16:30:24', '2019-08-28 16:30:24', NULL),
	(1221, '-LjdQAyPGsP7jC9GhUhH', 557, 131, 7, 'text', 'but god i dont know how to. i just found my pw', '2019-07-13 12:42:26', '2019-08-28 16:30:24', '2019-08-28 16:30:24', NULL),
	(1222, '-LjdQC4VVhSgVpYMHlxS', 557, 131, 7, 'text', 'now i link', '2019-07-13 12:42:30', '2019-08-28 16:30:24', '2019-08-28 16:30:24', NULL),
	(1223, '-LjdQHy4CcQw4_sLbmnR', 557, 7, 131, 'text', 'Greta', '2019-07-13 12:42:54', '2019-08-28 16:30:24', '2019-08-28 16:30:24', NULL),
	(1224, '-LjdQMILyWUefA_v2pH5', 557, 7, 131, 'text', 'please progress to payment', '2019-07-13 12:43:12', '2019-08-28 16:30:24', '2019-08-28 16:30:24', NULL),
	(1225, '-LjdQx0mH4whS25noqn2', 557, 131, 7, 'text', 'hey traveller', '2019-07-13 12:45:45', '2019-08-28 16:30:24', '2019-08-28 16:30:24', NULL),
	(1226, '-LjdQyVkIFtioVFZl1t9', 557, 131, 7, 'text', 'i am done', '2019-07-13 12:45:51', '2019-08-28 16:30:24', '2019-08-28 16:30:24', NULL),
	(1227, '-LjdR-6IVEtSCP5CTPTy', 557, 131, 7, 'text', 'linked to my credit card', '2019-07-13 12:45:58', '2019-08-28 16:30:24', '2019-08-28 16:30:24', NULL),
	(1228, '-LjdR10KEd2dMZaSOTcn', 557, 131, 7, 'text', 'i am such a genius', '2019-07-13 12:46:06', '2019-08-28 16:30:24', '2019-08-28 16:30:24', NULL),
	(1229, '-LjdR4wpN2HOTerEJ0TA', 557, 7, 131, 'text', 'one who made this is genius', '2019-07-13 12:46:23', '2019-08-28 16:30:24', '2019-08-28 16:30:24', NULL),
	(1230, '-LjdR64fgAhTQjROXfaa', 557, 7, 131, 'text', ':v', '2019-07-13 12:46:27', '2019-08-28 16:30:24', '2019-08-28 16:30:24', NULL),
	(1231, '-LjdR6lGvfexFicoCFqa', 557, 7, 131, 'text', 'great', '2019-07-13 12:46:30', '2019-08-28 16:30:24', '2019-08-28 16:30:24', NULL),
	(1232, '-LjdR96eduv5dafDyjBm', 557, 7, 131, 'text', 'now my turn', '2019-07-13 12:46:40', '2019-08-28 16:30:24', '2019-08-28 16:30:24', NULL),
	(1233, '-LjdRBoUOy65eVi-W2DW', 557, 7, 131, 'text', 'well', '2019-07-13 12:46:51', '2019-08-28 16:30:24', '2019-08-28 16:30:24', NULL),
	(1234, '-LjdRDV_kv5sOiTpqa_n', 557, 7, 131, 'text', 'have you paid yet?', '2019-07-13 12:46:58', '2019-08-28 16:30:24', '2019-08-28 16:30:24', NULL),
	(1235, '-LjdRI31jB4tfryODybr', 557, 131, 7, 'text', 'nope', '2019-07-13 12:47:15', '2019-08-28 16:30:24', '2019-08-28 16:30:24', NULL),
	(1236, '-LjdRIkShxtNlIjzpWj1', 557, 131, 7, 'text', ':)', '2019-07-13 12:47:18', '2019-08-28 16:30:24', '2019-08-28 16:30:24', NULL),
	(1237, '-LjdRLzCSxZzc_OreloO', 557, 131, 7, 'text', 'i dont know how to do', '2019-07-13 12:47:31', '2019-08-28 16:30:24', '2019-08-28 16:30:24', NULL),
	(1238, '-LjdRN57-wvu0c1Fw0Ec', 557, 131, 7, 'text', 'let me check', '2019-07-13 12:47:36', '2019-08-28 16:30:24', '2019-08-28 16:30:24', NULL),
	(1239, '-LjdRPQ5TXF5GRTqbdM_', 557, 131, 7, 'text', 'can u tell me total amount pls?', '2019-07-13 12:47:45', '2019-08-28 16:30:24', '2019-08-28 16:30:24', NULL),
	(1240, '-LjdRRGwjQeZlrq1JQPU', 557, 7, 131, 'text', 'no no', '2019-07-13 12:47:54', '2019-08-28 16:30:24', '2019-08-28 16:30:24', NULL),
	(1241, '-LjdRSyGoz0LlCAkBpHR', 557, 131, 7, 'text', 'pay separately?', '2019-07-13 12:48:00', '2019-08-28 16:30:24', '2019-08-28 16:30:24', NULL),
	(1242, '-LjdRTTfnmL5GgrD2ajg', 557, 7, 131, 'text', 'it will automatically profess payment', '2019-07-13 12:48:03', '2019-08-28 16:30:24', '2019-08-28 16:30:24', NULL),
	(1243, '-LjdRWVPjRbZqM8BTlxl', 557, 7, 131, 'text', '*progress', '2019-07-13 12:48:16', '2019-08-28 16:30:24', '2019-08-28 16:30:24', NULL),
	(1244, '-LjdRZnNA0lRVqXDjWHG', 557, 131, 7, 'text', 'i need to put paypal account in hakobiya', '2019-07-13 12:48:28', '2019-08-28 16:30:24', '2019-08-28 16:30:24', NULL),
	(1245, '-LjdRoQ4Xb6zZ3y1ON1o', 557, 7, 131, 'photo', 'https://firebasestorage.googleapis.com/v0/b/hakobiya-a4dc3.appspot.com/o/messagePics%2F2019-07-13_124930_gallery?alt=media&token=ec636eec-efd5-42ff-b4b2-df026a1e52b6', '2019-07-13 12:49:33', '2019-08-28 16:30:24', '2019-08-28 16:30:24', NULL),
	(1246, '-LjdRqWVB1oTyZdBoxXb', 557, 7, 131, 'photo', 'https://firebasestorage.googleapis.com/v0/b/hakobiya-a4dc3.appspot.com/o/messagePics%2F2019-07-13_124938_gallery?alt=media&token=612479ee-142f-49da-bcc1-9072af34010d', '2019-07-13 12:49:42', '2019-08-28 16:30:24', '2019-08-28 16:30:24', NULL),
	(1247, '-LjdRrz46EsHDQAICVvd', 557, 7, 131, 'text', 'mistake :))', '2019-07-13 12:49:48', '2019-08-28 16:30:24', '2019-08-28 16:30:24', NULL),
	(1248, '-LjdRv7hgp6LNqsKGn23', 557, 131, 7, 'text', 'what?', '2019-07-13 12:49:59', '2019-08-28 16:30:24', '2019-08-28 16:30:24', NULL),
	(1249, '-LjdRvaeGVLckXiSCeex', 557, 7, 131, 'text', 'do you see something like above screen shot?', '2019-07-13 12:50:02', '2019-08-28 16:30:24', '2019-08-28 16:30:24', NULL),
	(1250, '-LjdRyqz5cMTCOte7WE4', 557, 7, 131, 'text', 'PayPal pop up will appear', '2019-07-13 12:50:16', '2019-08-28 16:30:24', '2019-08-28 16:30:24', NULL),
	(1251, '-LjdRzCn4ZyZOzWo4Lfd', 557, 131, 7, 'text', 'it charged me alresdy', '2019-07-13 12:50:16', '2019-08-28 16:30:24', '2019-08-28 16:30:24', NULL),
	(1252, '-LjdS-Ji8C6jMUXzcEMO', 557, 131, 7, 'text', 'yes', '2019-07-13 12:50:21', '2019-08-28 16:30:24', '2019-08-28 16:30:24', NULL),
	(1253, '-LjdS-hlLXNYRgC6juL_', 557, 7, 131, 'text', 'ah ok', '2019-07-13 12:50:23', '2019-08-28 16:30:24', '2019-08-28 16:30:24', NULL),
	(1254, '-LjdS0Ro1wTMefK7YFAn', 557, 131, 7, 'text', 'it poped up', '2019-07-13 12:50:25', '2019-08-28 16:30:24', '2019-08-28 16:30:24', NULL),
	(1255, '-LjdS3Q6d1nLUPWqpQOP', 557, 7, 131, 'text', 'ok', '2019-07-13 12:50:39', '2019-08-28 16:30:24', '2019-08-28 16:30:24', NULL),
	(1256, '-LjdS5FMOku0G-8tVOGc', 557, 7, 131, 'photo', 'https://firebasestorage.googleapis.com/v0/b/hakobiya-a4dc3.appspot.com/o/messagePics%2F2019-07-13_125042_gallery?alt=media&token=4cda55fd-cc93-4a9d-9702-2d5ccbc1ea5c', '2019-07-13 12:50:46', '2019-08-28 16:30:24', '2019-08-28 16:30:24', NULL),
	(1257, '-LjdS6S9h2PXyN6mmtpN', 557, 7, 131, 'photo', 'https://firebasestorage.googleapis.com/v0/b/hakobiya-a4dc3.appspot.com/o/messagePics%2F2019-07-13_125047_gallery?alt=media&token=c7d53cc7-8173-4c6e-8282-0021e1793295', '2019-07-13 12:50:51', '2019-08-28 16:30:24', '2019-08-28 16:30:24', NULL),
	(1258, '-LjdS9EdubBphGCVv5Y5', 557, 7, 131, 'text', 'I acknowledge that', '2019-07-13 12:51:02', '2019-08-28 16:30:24', '2019-08-28 16:30:24', NULL),
	(1259, '-LjdSA7ysgkh-Ge5a6KL', 557, 131, 7, 'text', 'Cam on Quy khach da su dung the SCB X7050\nGD thanh cong 569.969VND\nLuc 10:49 13/07/19\nTai PAYPAL *PICUAPP', '2019-07-13 12:51:05', '2019-08-28 16:30:24', '2019-08-28 16:30:24', NULL),
	(1260, '-LjdSH-T0ez_ImROiX7W', 557, 7, 131, 'text', 'first sales for our company by non of our internal member', '2019-07-13 12:51:34', '2019-08-28 16:30:24', '2019-08-28 16:30:24', NULL),
	(1261, '-LjdSHf0aXerttvZwyrp', 557, 7, 131, 'text', ':v', '2019-07-13 12:51:37', '2019-08-28 16:30:24', '2019-08-28 16:30:24', NULL),
	(1262, '-LjdSJRbmlIMFkVcGAzC', 557, 131, 7, 'text', 'have u been taking all screenshots of all steps?', '2019-07-13 12:51:43', '2019-08-28 16:30:24', '2019-08-28 16:30:24', NULL),
	(1263, '-LjdSMbBAaHfD7PqybiD', 557, 7, 131, 'text', 'yup', '2019-07-13 12:51:57', '2019-08-28 16:30:24', '2019-08-28 16:30:24', NULL),
	(1264, '-LjdSP9DReCykNhuW9sM', 557, 131, 7, 'text', 'i have not', '2019-07-13 12:52:07', '2019-08-28 16:30:24', '2019-08-28 16:30:24', NULL),
	(1265, '-LjdSPnFDLmM4Ahc3URM', 557, 131, 7, 'text', ':(', '2019-07-13 12:52:09', '2019-08-28 16:30:24', '2019-08-28 16:30:24', NULL),
	(1266, '-LjdSSw4d9YLpIkobi8o', 557, 7, 131, 'text', 'ok as you can see in at purchasing stage', '2019-07-13 12:52:23', '2019-08-28 16:30:24', '2019-08-28 16:30:24', NULL),
	(1267, '-LjdSUWufYiUhugddTgI', 557, 7, 131, 'text', 'so wait for me to go to buy', '2019-07-13 12:52:30', '2019-08-28 16:30:24', '2019-08-28 16:30:24', NULL),
	(1268, '-LjdSW7IYZe-3rio_WXl', 557, 7, 131, 'text', 'then we can move on to next stage', '2019-07-13 12:52:36', '2019-08-28 16:30:24', '2019-08-28 16:30:24', NULL),
	(1269, '-LjdS_nYc6a6MvTIyxGz', 557, 131, 7, 'text', 'but what about second request', '2019-07-13 12:52:54', '2019-08-28 16:30:24', '2019-08-28 16:30:24', NULL),
	(1270, '-LjdScd8n74NkCZLO2Aq', 557, 7, 131, 'text', 'so we move on that', '2019-07-13 12:53:07', '2019-08-28 16:30:24', '2019-08-28 16:30:24', NULL),
	(1271, '-LjdSdBSgwN8eikKzL65', 557, 131, 7, 'text', 'we have done only 1 eite?', '2019-07-13 12:53:08', '2019-08-28 16:30:24', '2019-08-28 16:30:24', NULL),
	(1272, '-LjdSergkfhACKxLpk8-', 557, 131, 7, 'text', 'but can i eat?_', '2019-07-13 12:53:15', '2019-08-28 16:30:24', '2019-08-28 16:30:24', NULL),
	(1273, '-LjdSfr2QCtw-gqANHYS', 557, 131, 7, 'text', 'i am starving', '2019-07-13 12:53:19', '2019-08-28 16:30:24', '2019-08-28 16:30:24', NULL),
	(1274, '-LjdT8dEQG8A-HvvocGz', 557, 7, 131, 'text', 'can do payment first', '2019-07-13 12:55:22', '2019-08-28 16:30:24', '2019-08-28 16:30:24', NULL),
	(1275, '-LjdTAXtfjZE2BXcna-o', 557, 7, 131, 'text', 'so I can go to buy', '2019-07-13 12:55:30', '2019-08-28 16:30:24', '2019-08-28 16:30:24', NULL),
	(1276, '-LjdTB_z7ZaEDrICkP5a', 557, 7, 131, 'text', 'it\'s very fast', '2019-07-13 12:55:34', '2019-08-28 16:30:24', '2019-08-28 16:30:24', NULL),
	(1277, '-LjdTCVCg-pgLHtNesiF', 557, 7, 131, 'text', 'if we don\'t chat', '2019-07-13 12:55:38', '2019-08-28 16:30:24', '2019-08-28 16:30:24', NULL),
	(1278, '-LjfDKcYswOE9hYmEVgN', 557, 7, 131, 'text', 'I purchased a', '2019-07-13 21:05:32', '2019-08-28 16:30:24', '2019-08-28 16:30:24', NULL),
	(1279, '-LjfDLD_eHKWCR1OgOKf', 557, 7, 131, 'text', 'all', '2019-07-13 21:05:34', '2019-08-28 16:30:24', '2019-08-28 16:30:24', NULL),
	(1280, '-Lj6gHph-rMy8bLsWhtM', 558, 222, 112, 'text', 'hello', '2019-07-06 23:30:06', '2019-08-28 16:30:24', '2019-08-28 16:30:24', NULL),
	(1281, '-LjG6vZabTtDhNZgvIBC', 559, 244, 245, 'text', 'jk', '2019-07-08 19:27:25', '2019-08-28 16:30:24', '2019-08-28 16:30:24', NULL),
	(1282, '-LjG6zjB8bKTsPwii8Bz', 559, 245, 244, 'approval', 'confirmed', '2019-07-08 19:27:43', '2019-08-28 16:30:24', '2019-08-28 16:30:24', NULL),
	(1283, '-LjG7brA5jq6JBB6ZvqD', 559, 244, 245, 'text', 'o0k', '2019-07-08 19:30:27', '2019-08-28 16:30:24', '2019-08-28 16:30:24', NULL),
	(1284, '-LjG9DWXneg0X4QvXjoo', 559, 244, 245, 'photo', 'https://firebasestorage.googleapis.com/v0/b/hakobiya-a4dc3.appspot.com/o/messagePics%2F2019-07-08_053723_gallery?alt=media&token=49a5b825-c02c-4983-a8fb-abfd41a1e5df', '2019-07-08 19:37:27', '2019-08-28 16:30:24', '2019-08-28 16:30:24', NULL),
	(1285, '-LjJnP85XY9PaDaA61rf', 559, 244, 245, 'text', 'ok', '2019-07-09 12:36:14', '2019-08-28 16:30:24', '2019-08-28 16:30:24', NULL),
	(1286, '-Lkqy0s_4erKBIGLrpwB', 562, 112, 182, 'text', 'hello', '2019-07-28 14:05:25', '2019-08-28 16:30:24', '2019-08-28 16:30:24', NULL),
	(1287, '-Lkqy3HuI7TCd9TqKzkn', 562, 112, 182, 'text', 'mình cần mua laptop', '2019-07-28 14:05:34', '2019-08-28 16:30:24', '2019-08-28 16:30:24', NULL),
	(1288, '-Lkqy9pXg8y5F5bNygLU', 562, 112, 182, 'approval', 'confirmed', '2019-07-28 14:06:01', '2019-08-28 16:30:24', '2019-08-28 16:30:24', NULL),
	(1289, '-LkqyIPQ8dgCTpGJdztt', 562, 182, 112, 'text', 'cảm ơn bạn', '2019-07-28 14:06:37', '2019-08-28 16:30:24', '2019-08-28 16:30:24', NULL),
	(1290, '-LkqyLuOU7s_o4VAnT6M', 562, 182, 112, 'text', 'bạn vui lòng thanh toán để mình mua nhé.', '2019-07-28 14:06:52', '2019-08-28 16:30:24', '2019-08-28 16:30:24', NULL),
	(1291, '-LmCLEYHr5kgPRvEYLMJ', 565, 7, 2903, 'text', 'hi Thao', '2019-08-14 08:38:33', '2019-08-28 16:30:24', '2019-08-28 16:30:24', NULL),
	(1292, '-LmCLIOrdrXr3UZ6a6Oy', 565, 7, 2903, 'text', 'I am going to buy this for you.', '2019-08-14 08:38:49', '2019-08-28 16:30:24', '2019-08-28 16:30:24', NULL),
	(1293, '-LmCLPWrPC8ZSCL0Tvbk', 565, 7, 2903, 'text', 'but I will go to Vietnam end of this month can you wait?', '2019-08-14 08:39:18', '2019-08-28 16:30:24', '2019-08-28 16:30:24', NULL),
	(1294, '-LmCLd1LSd5LVma6L_3u', 565, 7, 2903, 'text', 'https://item.rakuten.co.jp/cosmecomonline/1000060689/?gclid=Cj0KCQjw-b7qBRDPARIsADVbUbWOLYlZDJogcW3wEwp91ed3pxWwIC8J2gua5s2qvOruA8MN3bqH4ycaAmhhEALw_wcB&scid=af_pc_etc&sc2id=af_113_0_10001868', '2019-08-14 08:40:18', '2019-08-28 16:30:24', '2019-08-28 16:30:24', NULL),
	(1295, '-LmsfVZKj9ppDLnTosZL', 568, 4151, 4294, 'approval', 'confirmed', '2019-08-22 18:35:08', '2019-08-28 16:30:24', '2019-08-28 16:30:24', NULL),
	(1296, '-LmsfaTlvCiSQ4JfdAmQ', 568, 4151, 4294, 'text', 'hi', '2019-08-22 18:35:32', '2019-08-28 16:30:24', '2019-08-28 16:30:24', NULL),
	(1297, '-LmsfdNF3VlpliCYuRhZ', 568, 4294, 4151, 'text', 'hi', '2019-08-22 18:35:44', '2019-08-28 16:30:24', '2019-08-28 16:30:24', NULL),
	(1298, '-LmshC5_m42YwkgcycTz', 568, 4294, 4151, 'text', 'please pay', '2019-08-22 18:42:33', '2019-08-28 16:30:24', '2019-08-28 16:30:24', NULL),
	(1299, '-LnHCpXWMwOQZU_Ocv3J', 568, 4294, 4151, 'text', 'hi', '2019-08-27 17:35:38', '2019-08-28 16:30:24', '2019-08-28 16:30:24', NULL),
	(1300, '-LnHCqg_pq3M-AGAy4m6', 568, 4294, 4151, 'text', 'hi', '2019-08-27 17:35:43', '2019-08-28 16:30:24', '2019-08-28 16:30:24', NULL),
	(1301, '-LnHE3QLpgFizmzDqzn6', 568, 4294, 4151, 'text', 'hi', '2019-08-27 17:41:01', '2019-08-28 16:30:24', '2019-08-28 16:30:24', NULL),
	(1302, '-LnHFqi-0hZbfVFftif2', 568, 4294, 4151, 'text', 'hello', '2019-08-27 17:48:49', '2019-08-28 16:30:24', '2019-08-28 16:30:24', NULL),
	(1303, '-LnHGvuK0jBtUxnJmaAB', 568, 4294, 4151, 'text', 'hi', '2019-08-27 17:53:32', '2019-08-28 16:30:24', '2019-08-28 16:30:24', NULL),
	(1304, '-LnHes621jJ-141wmmKp', 568, 4294, 4151, 'text', 'hi', '2019-08-27 19:42:30', '2019-08-28 16:30:24', '2019-08-28 16:30:24', NULL),
	(1305, '-LnHeueFRR0fcM4cTP2T', 568, 4294, 4151, 'text', 'are you there', '2019-08-27 19:42:41', '2019-08-28 16:30:24', '2019-08-28 16:30:24', NULL),
	(1306, '-Ln5o8yUEW6okyPGJ62O', 571, 131, 2903, 'text', 'hello bạn ơi', '2019-08-25 12:27:36', '2019-08-28 16:30:24', '2019-08-28 16:30:24', NULL),
	(1307, '-Ln5oE6ggIWE3u3Z0BDw', 571, 131, 2903, 'text', '27 mình về việt nam đây', '2019-08-25 12:27:57', '2019-08-28 16:30:24', '2019-08-28 16:30:24', NULL),
	(1308, '-Ln5oGckcdWfiZIvlI9h', 571, 131, 2903, 'text', 'bạn có cần kem này không', '2019-08-25 12:28:07', '2019-08-28 16:30:24', '2019-08-28 16:30:24', NULL),
	(1309, '-Ln5p4ihEMVmwR3BqQ2X', 571, 131, 2903, 'text', 'bạn có cần mua gì nữa không? và hiện tại đang có miễn phí vận chuyển đó', '2019-08-25 12:31:41', '2019-08-28 16:30:24', '2019-08-28 16:30:24', NULL),
	(1310, '-Ln6Jb3CZw5PwucyS2L8', 572, 131, 4158, 'text', 'hello chị ơi', '2019-08-25 14:49:22', '2019-08-28 16:30:24', '2019-08-28 16:30:24', NULL),
	(1311, '-Ln6JgyzhBql9i0hZAlC', 572, 131, 4158, 'text', 'e take request của chị để Ken mua ạ', '2019-08-25 14:49:46', '2019-08-28 16:30:24', '2019-08-28 16:30:24', NULL),
	(1312, '-Ln6vri2ddFmZYqxS-UZ', 572, 4158, 131, 'text', 'thanks em', '2019-08-25 17:40:55', '2019-08-28 16:30:24', '2019-08-28 16:30:24', NULL),
	(1313, '-Ln6w0QtgxfprLL4ozyd', 572, 4158, 131, 'text', 'chi phi het bao nhieu e bao chi luon nhe, vi chi khong biet gia ban cua chai nay bao nhieu, vi chi duoc tang', '2019-08-25 17:41:35', '2019-08-28 16:30:24', '2019-08-28 16:30:24', NULL),
	(1314, '-Ln6xekcDghrHzBw1abj', 572, 131, 4158, 'text', 'dạ bọn em cung k biết ạ. theo quy trình là travellers sẽ đi ra shops mua chụp hình sản phẩm và giá cả gửi cho requesters. requesters ok đúng products và giá cả mới confirm requesr và thanh toán qua app - liên kết với paypal', '2019-08-25 17:48:46', '2019-08-28 16:30:24', '2019-08-28 16:30:24', NULL),
	(1315, '-Ln6xwBSCBVL1NrTeNKS', 572, 131, 4158, 'text', 'khi có giá em sẽ gửi chị coi. c ok thì c để giá vào và c để reward (commission cho người vận chuyển) bằng 0 dùm em :)', '2019-08-25 17:49:58', '2019-08-28 16:30:24', '2019-08-28 16:30:24', NULL),
	(1316, '-Ln6yUWz0rXis4p2q8iD', 572, 131, 4158, 'text', 'họ cũng order cho c trên amazon đueọc luôn. và họ gửi link amazon cho c', '2019-08-25 17:52:23', '2019-08-28 16:30:24', '2019-08-28 16:30:24', NULL),
	(1317, '-Ln6yWP2IYOPCWkii8XQ', 572, 131, 4158, 'text', 'https://www.amazon.co.jp/%E3%82%B9%E3%83%86%E3%83%A0%E3%82%BA-%E3%83%AD%E3%83%BC%E3%82%B7%E3%83%A7%E3%83%B3-STEMS-LOTION-120ml/dp/B00M546MEM', '2019-08-25 17:52:30', '2019-08-28 16:30:24', '2019-08-28 16:30:24', NULL),
	(1318, '-Ln6yfJqe-SGohFyPiBy', 572, 131, 4158, 'text', '4,104 JPY / chai = 38-39usd', '2019-08-25 17:53:11', '2019-08-28 16:30:24', '2019-08-28 16:30:24', NULL),
	(1319, '-Ln6yk8c7AjhGfHoyXpg', 572, 4158, 131, 'text', 'duoc e', '2019-08-25 17:53:31', '2019-08-28 16:30:24', '2019-08-28 16:30:24', NULL),
	(1320, '-Ln6yvbgngt9cXLngAeV', 572, 4158, 131, 'text', 'vay e mua giup chi 10 chai nhe', '2019-08-25 17:54:18', '2019-08-28 16:30:24', '2019-08-28 16:30:24', NULL),
	(1321, '-LnAKZWKtv1O0k5B-CcW', 572, 131, 4158, 'text', 'dạ chị', '2019-08-26 09:32:04', '2019-08-28 16:30:24', '2019-08-28 16:30:24', NULL),
	(1322, '-Ln6KfCZYsp-dMJzbNxl', 573, 131, 112, 'text', 'hello Ngân', '2019-08-25 14:54:01', '2019-08-28 16:30:24', '2019-08-28 16:30:24', NULL),
	(1323, '-Ln6KjAZxTU-PPaFKZyN', 573, 131, 112, 'text', 'e muốn mua chuột này hả? chị Colina đây', '2019-08-25 14:54:17', '2019-08-28 16:30:24', '2019-08-28 16:30:24', NULL),
	(1324, '-LnHYjVS31u66Rm9yIgj', 575, 4294, 4151, 'text', 'hi', '2019-08-27 19:11:20', '2019-08-28 16:30:24', '2019-08-28 16:30:24', NULL),
	(1325, '-LnHCcUIpQxC4So3orNu', 576, 4294, 80, 'text', 'hi', '2019-08-27 17:34:44', '2019-08-28 16:30:24', '2019-08-28 16:30:24', NULL),
	(1337, '-LnFk5xC_YwrHWKhoYsL', 305, 144, 31, '', 'noi dung', '2019-08-29 12:44:50', '2019-08-29 12:44:50', '2019-08-29 12:44:50', NULL),
	(1338, '-LnFyX2yDXXj_U9eKCNZ', 303, 114, 31, '', 'San Pham 2', '2019-08-29 13:08:58', '2019-08-29 13:08:58', '2019-08-29 13:08:58', NULL),
	(1339, '-LnGpXuvZ7rYunWDKvn6', 305, 145, 31, '', 'f', '2019-08-29 13:10:09', '2019-08-29 13:10:09', '2019-08-29 13:10:09', NULL),
	(1342, '-LnpswpitPGbRxVJAelL', 475, 11, 144, '', 'test 1', '2019-09-03 15:50:27', '2019-09-03 15:50:27', '2019-09-03 15:50:27', 0),
	(1343, '-LnzTGfxmSG9UL0_bCYz', 475, 144, 144, '', 'test 1', '2019-09-05 12:30:23', '2019-09-05 12:30:23', '2019-09-05 12:30:23', 0),
	(1344, '-LoJfPRqt2dAAUBQLNmj', 475, 87, 144, '', 'mi test', '2019-09-09 13:19:48', '2019-09-09 13:19:48', '2019-09-09 13:19:48', 1),
	(1345, '-LoJgDlFsT-BNDia-_7S', 475, 87, 144, '', 'mi test 2222', '2019-09-09 13:23:22', '2019-09-09 13:23:22', '2019-09-09 13:23:22', 1),
	(1346, '-LoKBcFSUhcf6UEWIPdO', 483, 86, 85, 'text', 'xin chào', '2019-09-09 15:44:54', '2019-09-10 15:53:02', '2019-09-10 15:53:02', NULL),
	(1347, '-LoKCP6mw6z8kxRn9klN', 483, 85, 86, 'text', 'hello, chuyển tiềm để tui đi mua nhé', '2019-09-09 15:48:18', '2019-09-10 15:53:02', '2019-09-10 15:53:02', NULL),
	(1348, '-LoKCVyVcjw8n4cS3uD2', 483, 85, 86, 'text', 'lộn, tui chuyển tiền để bạn đi mua nha', '2019-09-09 15:48:46', '2019-09-10 15:53:02', '2019-09-10 15:53:02', NULL),
	(1349, '-LoKKPLUOPrR6a_NEdq4', 484, 85, 86, 'text', 'hello', '2019-09-09 16:23:16', '2019-09-10 15:53:02', '2019-09-10 15:53:02', NULL),
	(1350, '-LoKKXmPe-Y8fXPFVPrD', 484, 85, 86, 'text', 'bắt tay ??', '2019-09-09 16:23:51', '2019-09-10 15:53:02', '2019-09-10 15:53:02', NULL),
	(1351, '-LoKWRWT-Jqod7txUPqT', 485, 82, 86, 'text', 'hi', '2019-09-09 17:15:51', '2019-09-10 15:53:02', '2019-09-10 15:53:02', NULL),
	(1352, '-LoKWoMHpPU-ZNQJRbQT', 485, 82, 86, 'text', 'hi', '2019-09-09 17:17:29', '2019-09-10 15:53:02', '2019-09-10 15:53:02', NULL),
	(1353, '-LoKcL9MMW-calSaczcZ', 486, 82, 1, 'text', 'hi', '2019-09-09 17:46:00', '2019-09-10 15:53:02', '2019-09-10 15:53:02', NULL),
	(1354, '-LoOHpiy2kXhIebecsDp', 487, 88, 87, 'text', 'helo', '2019-09-10 10:50:32', '2019-09-10 15:53:02', '2019-09-10 15:53:02', NULL),
	(1355, '-LoOHs3dhKB-DsXTR2Y6', 487, 88, 87, 'text', 'gap ne', '2019-09-10 10:50:42', '2019-09-10 15:53:02', '2019-09-10 15:53:02', NULL),
	(1356, '-LoOISALmcbu5PM9mxVC', 487, 87, 88, 'text', 'hi', '2019-09-10 10:53:14', '2019-09-10 15:53:02', '2019-09-10 15:53:02', NULL),
	(1357, '-LoORWkc2-FCSh0EmlGz', 487, 87, 88, 'approval', 'confirmed', '2019-09-10 11:32:52', '2019-09-10 15:53:02', '2019-09-10 15:53:02', NULL),
	(1358, '-LoOTTI-Hoq75a6B9SZ8', 487, 87, 88, 'text', 'mua le v', '2019-09-10 11:41:22', '2019-09-10 15:53:02', '2019-09-10 15:53:02', NULL),
	(1359, '-LoOW2sdk1rHowogxy09', 487, 88, 87, 'text', 'ahihi', '2019-09-10 11:52:40', '2019-09-10 15:53:02', '2019-09-10 15:53:02', NULL),
	(1360, '-LoOWCnRIsX8W7JN1WBR', 487, 88, 87, 'text', 'mua le de Len may bay chu', '2019-09-10 11:53:21', '2019-09-10 15:53:02', '2019-09-10 15:53:02', NULL),
	(1361, '-LoOOe16WVu1MmQfqQ9Z', 488, 87, 86, 'text', 'hello', '2019-09-10 11:20:18', '2019-09-10 15:53:02', '2019-09-10 15:53:02', NULL),
	(1362, '-LoP17xhDGGqTXLONRMY', 491, 82, 87, 'approval', 'confirmed', '2019-09-10 14:17:11', '2019-09-10 15:53:02', '2019-09-10 15:53:02', NULL),
	(1363, '-LoP1w8zFQtiaD1-Hgze', 492, 82, 87, 'confirm', 'confirmed', '2019-09-10 14:20:41', '2019-09-10 15:53:02', '2019-09-10 15:53:02', NULL),
	(1364, '-LoPIbvH87dqx5Cxjl8c', 493, 82, 87, 'text', 'hi', '2019-09-10 15:33:34', '2019-09-10 15:53:02', '2019-09-10 15:53:02', NULL),
	(1365, '-LoK4FeAKbcfyawxZYHx', 580, 5283, 80, 'text', 'hello', '2019-09-09 15:12:40', '2019-09-10 15:53:02', '2019-09-10 15:53:02', NULL),
	(1366, '-LoK4JdfAexaO0fJYHsI', 580, 5283, 80, 'text', 'hi', '2019-09-09 15:12:57', '2019-09-10 15:53:02', '2019-09-10 15:53:02', NULL),
	(1367, '-LoOCdb8LV5WWEfviL4u', 598, 6652, 6651, 'text', 'alo', '2019-09-10 10:27:52', '2019-09-10 15:53:02', '2019-09-10 15:53:02', NULL),
	(1368, '-LqpGJ6S9gu5Aadza3LR', 475, 87, 15, '', 'aaaa', '2019-10-10 17:44:37', '2019-10-10 17:44:37', '2019-10-10 17:44:37', 0),
	(1369, '-LqpGRfBkh-KfN2e3K1s', 475, 87, 15, '', 'bbbb', '2019-10-10 17:45:12', '2019-10-10 17:45:12', '2019-10-10 17:45:12', 0),
	(1370, '-LqpO_t-lE6rv9yzwZOe', 475, 87, 15, '', '/9j/4AAQSkZJRgABAQAAAQABAAD/2wBDAAMCAgMCAgMDAwMEAwMEBQgFBQQEBQoHBwYIDAoMDAsKCwsNDhIQDQ4RDgsLEBYQERMUFRUVDA8XGBYUGBIUFRT/2wBDAQMEBAUEBQkFBQkUDQsNFBQUFBQUFBQUFBQUFBQUFBQUFBQUFBQUFBQUFBQUFBQUFBQUFBQUFBQUFBQUFBQUFBT/wAARCAGQAkoDASIAAhEBAxEB/8QAHQAAAAcBAQEAAAAAAAAAAAAAAQIDBAUGBwgACf/EAEMQAAIABAQEBAMGBAYCAgICAwECAAMEEQUSITEGIkFRBxNhcRQygQgjQpGhsRVSwdEWM2Lh8PEkclOCGEMXkglEov/EABwBAAIDAQEBAQAAAAAAAAAAAAIDAAEEBQYHCP/EACsRAAICAQQCAgIDAQEAAwEAAAABAhEDBBIhMRNBIlEFYRQycSMGJDNCYv/aAAwDAQACEQMRAD8A5XwvxHqkDKKokX+Y7j2i5YX4nTVZUNQ4dLHNblAPaOfFnOhRszZgLKR2hzJxaZKXyxMvzA372/rHC+X2euljjLhnU+E+JCsVvUZmUXCtpmi04f4iGblbzrg8tnF945Bp+KZqzCzsyqQNL6xO0PHk7Oi/EsBuqtuSOl4vdJCHp4+jsSh4+dmCiddbWvta0TlHx0dB8QWY75jprHImH+IkwZTnDlhZcp/MH1iy0fiWq5VMxnvl5V3Bsd4ryu+RL0x1ZT8aPOW7TszqNh/ztEjJ4uf5Xf5gDmvcsOgjmSh8SEaYB5/mMSACvWJ2j8RkQA+aZbakMpvlN+0M8yAenf0dGSeKw9maeE/0nrDyXxMZennlO1j3jn2l8QJMxSPNylub0I62iSk8dSsyg1C3bbvBLL9Cnp39G8pxEVteYTrYGF1x6zC03Kb3vtGF/wCN1YkmZZdt/wBYfpxomiGoDLYKX7jpBeX9g/x2bV/Hs2ucjNoLwdeIM+nm3ZtCvQWjGxxxn/8A3W7D9NIW/wAbL5dviFDZrggfKPWL8iB/jM2D+OM2mfQesGPEAvlE036mMgHGiryidpfLrv7x7/G4W33wB0tmG/eC8qF/x+ejX/44MoIm2C67dD0gf49lsBM7fh6RjrcbS8pAnXuCe+0INx9fKRO1btvE8n7DWn/Rs38fB082wX0tpCbcRAW+9OU6fSMWm8fS5a6z7giw1sbw1qPERflWpsGFmG8Tyov+MzcP8S5dPN2NrX0C9IRncU+WoPm2JunMbiMLn+IqajzxYDQ9gIYzPEZOZvOTl5jre3sIF5kWtO12jepvFWUA+cAqkAZj6Q0ncYBQM07Qi+hjn+o8RszG075ebINhEfU+Ij5rNPDgnMACLDpY+kD5lQz+M36OiqfjRXJUTWt2v6xa8IxszbZZizJgNz3tHKOB8aTaifdZtjYXbcDXaNx4IxV6qUurcp51PQH94binuE5sO1G6YRVHl5zkXUk/NvF3w1nKjMcptfTqIzrhss0xTor2+l/+o0DCWyybqMq9Sep9I6cDm9IllmMNM2kJTZxlgsx6an9o88zKND0iOrpwZHYHVrel7dobYHJDV08uzte5YxGVU5kSytk0vm9ukL1E4K2ZjsTt6RF1NQrMSXuD8ttPpCJP7GDZpzZlcGwGv5wn5hLWzEkafTqIbzqgLcDVr81jtDaZXG4ItnJ09PWElbWySE52uM1iRlJ9Ogj3ntY/eaHX8oijiGVhlYDXb1grYqEl3DKo3Wx/OJ10Ft/ZNS6hupNu6w6FUcty2Y2/6irfxuWTfzVufXvAniKSpUNNllug2vF39kp/ZcUrArGxvkGY836QdaxZcu4zWXQ67xTF4ikKT96ltib6AQP+KZLbzVWxNyWGsWnyXz9lyWqF1GfoSbftHvjl2BYjQj0ilNxTTtoKhcw6k6QRuLKZb/ernv0OkV7bLr7ZeBVLcC+m+8Ky5hfRX5tvzihLxdTZvnQrtmDbQ4k8W0+bSeovoCDv6xW76Jt/ZfVqiLkuxub5fUaXg0yo+UX13B7RSJfF0nbz1Itbe1oUXiyU1/v1ykawFldFwmT7sCH9h3MEMy2gbQaadDFUl8TymIImoBfVb226wb/E0g3++W3W39IvdRfLLR5mY26bc3XvHlmHQgsc22v5g/SK2mPy23mLlP8Aq1hVcZRs58xQ7aG5itxdMnhM32Jy6X6HtCc2cdCGuNge47REjGFtYOtthaE5mKIqklr9Ipu+gookZlUQAAQy2OohB6puYZzltt10iNfElZkuRltza3IMM6jEg8snMEPU+nW0Jc3H2ao4r7JGpxFhLJRiW+YEnaIetxILbNM0GssN/N3iOrMWly0ZARqPu7nQ/wBoq2McQhb2OdrZST6dI5uXUV7Org0r42oe4xxIZRLs5uRfLf8AF1/pFLxDi55LEtU2YaG5u1j0ERWO8QiVnImAzCdSdl9DGc4zxJabMZZuUZrlgep/pHmtVrdj+LPaaD8Z5XbReavjIqcpcoTcLnNxaImdxk4LqJ1+axyaHbQfrGYTscqpme7Eq4IVSOc2Otx1hOZiFRMUqs1kMwBcpXQC37xxJaybdnrsf4eCXJfK7jJ0RVaYwY8rBtSt/SKxWcWTZrZZU1iALO1/w9hEFMU1CqhzPmIUEnUgdWg8tAqSk1bKwZWYWOun5RlnlnN2zqYdFjw9Cr49W2ytNKqSAHtmzX7wSVjdUZhdahgOX8OgHUw3nWVk8yYFmaFmXckdR7wjMBa92sFBLIq6X6j2hfs3KEES9DxFUS2AM15iocrNlsO5b6w7mcRT5Mu/mNcakKLK19DeK6yzmnWYKGZQBmFgOwj3nI4mgkqX77luo9osGWGHZLzOIHyuqziVVwBrv2PtDOZikyZmJnMjKGzKnr2hssssoALByoUyuuUHXXtCy08sWCqrKrcpI2Tc3/K31iuC9sIsTernFi3mmUy5eRjcW7iCtUzpS2+Jdje2h0t3hUS2RW8pFVr3XNr12Pt/eGc4qaiYVfNc3LE2HqfaIkM+L6BarmqsxjMzXXmW2hH/AC0GpMYnLMDJMmMuQWJFh6rEWxeoZPm5nzAKcw7D32gkli33zSiGa4ZlawlkE3b3taH+JULlJS+LRf8ACeKp0y8tpzS8mg/9YsA4hnWH36xmMmcEmAB87oFJVTYkd4lxNmfyzP8A+0TyOHBhnosc3Zy5MmKqkWXJcMyqTcA/hhMTvLYdD0W2n0jzsFIYaMw0t094QtyEDQf6jePpy5PiclSsWE51/EMwHKveFJNWw5S2bX59oj2mDKb3vtpALUKy/NYtv6CD2id5O0tW2gVvIZt1B2tsfrEhT4tOksDdlPUqdfWKyJgF8yk5iGYg7kbaw9p6y+jczZvmvqYFoNSsttPjk6TMEtGyzGIBXbKIlKPih5bZmLBbHmX8Wu0UlKhmlsQRmdSLncEHeHkmsPnqFNsxHMBsLc2nvCXAdus0Cj4ufLfMSM2hfQ39O0Pafi55ai87MBcHS2/+8Z/LneYuUaBhbm12O8LS6l8pAe67+mnSAcQuDS5PF09ZkrNMIS+oU3vp/eHUvi+aGYTHeUo03v8ApGay6wtdr2ym7Ft8p7fWHaV5l/d5hmVb5jvf1+kVX0X8TR140nSsqiZMYXuSw1HaFBx3N1+8IW1jy7+sZ98cwuRnYjQdb3EH/iQs2Vs9rZco3XrEqRXwNCPG05S3/k3Nsl+ukCeOJ03IfPbK2l2GxjOziBbVZisVILKBrrAfxBsoY3mcucD07mLqQPwL+eNpmWZMWeyHRWyje/WEzxi4RwJ0wZhuB+sUL+JL1bOApLldgDt+UGFaSuXPbJoGG2vSK2yYXwRdW4umZtHci+jH2hFuKp/KueYV3zExT0rtQXcks2o9LbwPxxPKSQtrFesTbLonwLR/iSerBgLb2DNcwkuOVKhdVt8rN/Pr+kVpa7WYBoUNnJ79I98SM5u1yxy3vpew1i/G/ZLgWT+MTmYEaEE8q7N2gkzFJzTVCTTo18h0A0tb29IgvirZgCbADKRCiN5hVQbjbl1N/WK2sK4Gh8FTTVVEnMwJYXZel7x1D4bX+5662/TrHLPBczy5ktmdWOYfKuwv1jpLgHGESnVWcNMWwFhtrHQ00OTiaya9HR3C5CiUQDsdzv7xdaOoRZepZegv0MZNg2NyjJy5rjQtY/L1i1SuJ5YTmmS7/iJNtO0deKbOJJoucyvSXcg+YV3G2sRVdicvXM4YKTtqR6RT8Q42kIpJnBQDy67CKTxB4s4dQLZ6yWoBLafMD6wxRsDfFF+r8YUknOR/ptpFdxLiKUrEl1QKLlAf1BjFeJPHygp1tLrAZhbLYbG8ZPxT9opZjlJM0zGzHVRpCnFeyKaZ01XcbUlPmbzQAN2G94rdf4mUknQ1KNYaa8w7iOO+IvHHE6pXCBhmOpva56RSsS8TMdqr3n5DuSu9+8DSRe6zt7EPGGjkrZagKbc3tFYxLx8w6jY/+VLUabNvHElZxdi9Wr+biM3m7G0V6sxOpnk5qmY5tYXaARZ2piX2laKn1+Nlo4ucpb5orNZ9q6kkrY1DMubtc2jkGbOzNdnZgTpmN7HtCTTFNrjQrp9InourOr532tZEtgEnu1zcJbpDaZ9rhFR2DTLam2v6RywahVtpow6wjOqiyi29unSJ6JVHTk77Xkxl5GmEMo67GG//AOWk/QXYd2/rHMwmEqbX3v8A7QOe97ant6RCU+zpT/8ALerKhlQ7kcuxgkv7XlermyOdNNfl9o5y8whR0PW2ghNph3udDA7S9p06v2va5QQUmOWsQtjoO8Pk+2VVy1LGRMdR6HWOVEncwBtl3+sLrVCxFr2Gmm0Ta16JTOsJH2xmZtUmDNYWKk2iTpvtjSbjme2wGW1o4++IDWF7ZhuOhg/na27C+aB2/ZdS9HalD9sTDmW7TnE29rEaCLPh/wBrLCJzKBXLmXUlo4FWdrvbtaFQR+ElR6HaK2L2Xcl2fRjD/tNYRVLy4hLZb33ixUvjxhNRqtWpB2GYR8x1qHV7rNdCNLZiLw5p8cxCnVclXOUroDmMVsXoLyUz6eyfFTDpt/8AylTS7NfYjp6wq3iBSzFW0wuLHQG9rx806PxBx+jt5eJTG6ZW1iwYf43cS0sxc8/zlXQ9LiM89O30a8eqUXyjvat40lzZD2mIdLjM2mnaKtinGSZJrBiAwvmYbDvpHJtH4+V7sPiZVwDplFtOx7wvL8ZfOcMZ8yWbEZR1Ha0cTUaPLL+p6fQ/kMPUlRvGL8RJMlgCaCky5BXd7C9z9IpOIYjMrrFWPlNp/wC3YW/5tGc//wAjfFKVWd5RKqwTqTfX9IfSeLBVZSk1VE3QLfXL6eseWzfjs13JH0fQ/lNIl3Rcc0qyhQct7nWxQ7fXUfrC0ubyIxbNMzXFxs0Vuh4gScyy5pF8+RSNS3e8SUvE5E7Kom5Gtpm0Frkb99I5ssGSHaPTY9XizVsZIFuVrSdSbgXvax1MLzprrnA5gqsQzGxsdltDGXOGYhgJiILMq3vrC8uZLE3zM1nVS+uozDQKIzNfZq75R7yTMVyDm0DK2XTTWwiQFH5mYFBk1BF9SDsfpClHIWSWXKxZRYn8JHpD2TJLKiplVtgG313/AEhTl6QmU5dURL0YmKzWZhnzKwFyB0P0hVqdkYI5VkYso7kb6+5iTl05awAa5WyKvSx2P7wdcMmHOxQBnIF+5B/SB8lAeSuyLkU4zgkjzrEZT1Hb87QeZJYLZitzvlXQ6jSJA4c4zBbFdmcdL67wl5Zk2W7ZtgSdx3Iib7K3ckPXTvLZ2RAGOgVibXtqb+0RU4CYqy7Ehvl/lB6X9N4mKinbzpZSZyTC11JB1A2HbaIuZLWzIyMEYfKx1t01jRE1R6GlQpls7TTdc2hvtoLWHa8FWWGb/LZpiPpl1BNhcH0N/wBIcT5K5lQKuZ+S7C65bbGEpbNLV75pZa6ojC5BHaNO7gU1THFOo8tct5gGmY/sf+dImFp0yj7ptv54iZXKqNlUDKLLa2+pBiRWoWw+9Uf/AEhD5YUuOjlrNyWOjDr1MEmZv5QQNN4cTJeewAKgkG3Sw3hArlsSOVhcMv6R9R3I+EPGxlOUDRNbGxYbe0Jc6gK3UlbW36w9aWuYrrmtmYeohOZT5LsGOc84btDFIQ8IlKmklTsuXNvvDmU+bLYWYWJt6wjMpi1rC2xVuoHW8e8slczPlK39L9ovcmL2OPQ9lT3lm6tbcC/XXWHkuu5jcad/3iK83ytXFzpm9z2hdZisSvWAaGImJc4ooCtpbXXaHK1pRkPzWF3UbN/vEDLmNL1B0626wtLrJi7st1N1Yjb3ig+iwfHBQt7PzWDjbX+0OTVK2QH8e7Hc9NYrsuqVrC+UNfYbGHC1Be+VgXNtT0t0iq+iJlhlVTtULzAPcEi+3/BBlrGATKbOAVC20AvuYg5VVkygXA1Jzb3g38QZ0a7FQQAAN94DawrRMy6k5LM11KXJtY3goqjlJLc+YXa+w7H0iJmYkWay2Zcx1PY6QT4o5iF1QDKv+8TayWiaWsZpRFgVZri2gN9wYF6wswYjY3CdDbSxiE+Mbpe2ll6CCrUMdHOVDoSu/v8AtE2sq1dE78XM+QMCCbDuOto8lYWy3bICLf8A26xDrMmTLBhzMpObt0BP/OsO5cz5ludVUBex6mLUWwHJLkerWOzBRZSFIYNsfU+sOZLN5aq2hAGYfhsdc1/raGsmSZyhgc2f9NbG/wBIkklKuZRdQLKt/wCXsYZHE5GaWojEPKfzFTlZRc8tokaOjMxhcXcDMLNYj3hvTgS2L23UplzfUGH0vEqWTfzLTSiWNtz6CNkdN9nOyav6LLgtQtD/ADKmUgqD+K+gjRcB4+TCzLdpoVgbZTtruIxp8aecuaXL5geVjpr6xGVOMursPNOQ7re/v9Y2Y8Sic3Jlcjpb/wDICRhclUNR5jWyFUGvuYruLfaqxSo0pZGRmuDy7AaAxzxWY/Q0bMyMXYfLc63iEquLsrXRlzNoXXpeNW5IyOLkbRi3jhxTjLEza/yEbRlU29rxATOKqiozvU4nMLsf573HYxj9RxLUzc2Vjro2br6w0mYxVsMvnZfQDWK8i+ivEzWMQ4gowrhWLm1rk6r6iKzX8USFDlGlqt7BQP3iiNOebq8xnXuW1gvo2o/r3gJZBsY0WGsxwz2Azr7L0iNn4i0zVbj3iP79T0MGNte3SF9jFwHmTmmNmv6WhFgYNANcbGKZdiWW78wuCdbfuPSC5Q3KDpcgnsYUa4By7Xv7DtCLScykDRbfW8D6oJCc5gyBrWbQQmpyMw3zbQdszZ2I13hK2xB1Ox7REiCmULYkXHcQrpluNrdt/SC06ZibHfaHWTIwA31J+oiv9Lv6GrqB8x06enaEWXKcvUQ4aWMth7XPbvCLrltbVT+cXZVBCA2+9+ke+VgAfePW5Qf0gCLNppBFSVBhbY9/zjzMdgdD0O0E21vBvmv6CI+S7YdWtrtHixtobjrBNdAI8L3iuAhRZxXc3Bg61TjMfw9IQFr+m0evYXGo7RVIEcfGOupUEdWhZKxG3uB0Nt4ZbMQRb2jyhuouYhKTZJS5isbgjN+sKlwEBPQ6kCInN0Gh6HtCvmOqrZ9Oxiy65dMfsxWxuVZtB3IgZeITqeYArMljfe5+kMPiHZbKbdT3PtHpdVZgWGnQtuIVsT7QxZJR6ZY6Piuup83NyWAZT+OxuDfpE9Q8espCMoVP/jOua/zEnpFHSqSwF9W6GFF5gCLe6/tGXJo8eXtHQw/lNRg/rI1bD+NpcwNacZbAW5T8yjX89YtNBxRJmiWJrZGICrbXUfijn8s0vMRfU2Fu0PqPGq2kuUnEqdCH6e0cXUfhoTXxPWaP/wBVlx15DqXDa+TMVlBAPzHmvc94lqZZbzPLa5PzZ/bp7Rzlw/4mz6GYuYgPlC5mFzpGr8LcfUldLUpVBmI5i2l/Qx5LVfh82K2ke00v/otPqVTZptLTqj2BYmYcxYbt6+1okUw5VVSzkMPmt2t0iGwPGqSfMAluqaWsTv6CLEsxGQTMwK948xPDkxupI7HnWTmDshJ8vVJd2Vb8ygb+piPnU7PLJAyMbqW/9dvpaJqsCrOJD5u5zfpDdzyMTqLWt6wEeDVGVIrlRR5mBKjKyjLYa6a3ERVdLyyxcqGyluYeuwixV3lK6m/Iv4QdfWK/iswTRZWuC/IeuW0bof6bsbbI7LmU81s2l7bf76QhJaa2QubKBdpjfNuRe0LTH8tb2NttP3gi0682bNMLLlLelzGlVXZoaYZMwLXXyzew1+aw3gb/APt+cB5aZla3MugzGA+8/wDjiUvspteznppLOuut2N1J+W/Y9YTmSkLLe7DfXS1vSHIUrkCmy/r+ceaUBmy8qm5YtqSY+ibj4/LFYxaRmZbkAHQsBr/y0EWQGK5bgE5Sx/SH8yXaaCSGB0A10sIBZAmMHCZOXQX9YPyGeWAYNIfnuNd2T+Y9oAyMxAvYkWGfcekSKyuV0lgMrEghvm/OC+QcoJGYLzBOo+sF5OOQPAyNSWcmiN6FtQekCsslcwX/AJtEj5Kq1wWGb8O9jvB3k8uVTY7jt6/WL8iAeBkb5Z06BWsfyg6qWW4GYnp1h80gvbQIRoOxG8eVCXLmy2OYZdCbi14nkRX8djCxW+YFdP0g0udlW5tf8IMO/JsoUAtlPN6wb4cJYkHuRYE36Wi/IgXgY3FQZasTmBO7N1MLNVOrXbLa9swG4ttA/DctmBcHW/cmDLLUMDl6Xi/IhXhYHncxyrcW0tBvN+Yn5dLQqlKy5bCxByAQotExW5AA6QalYiUdogrZri20GCksBqL9YcyqMMTnb6QuklFU2GT/AFGHQg5dmSeWMQktBMyrms2xt194eyZJNz1BK5VF+XvDb4qTKc3AmG3aAnYlMdVRQJajbL0jXHFRx8mosmlnSqXV2UuugZDuO1vygKjGEYjyTZv/AJO0V/4vmJNn/T6wxnYtfMqtmP8ALtGhRSMjbkWGdiQy5mnFWAIt/MALQg+Oy5FvLW7DRVJ+UdTFZmVU6ZYA+gHc9TBHXKpzHNlN/cRf+AqP2TlTxVPZSqzGYDUBdIiJ+LVM693sP9P9YatY2LDXcwKqZl/5R6RfLKaQDzGbdif3gPm7i2+kH8pspJF9PrAeWbgkdf6dYqkgRqwKtpy9vWCZ8xF/eHMySMzAi3X2hHyStwdeoiWxlgMwsct9NNNtIXRhlB0uYbOW6C4H6waWxzWO/SLsqhxc7GAgubm7wcXiWC+D0e/aCNMy+20A805QQPTSKv7JXsNmJXaPNbcQms02IBue9t4D51zhQQAbk/0ECFyAynt/MR66Qi0lWuR+kOLhWz62Ggv6wVkIIHcWFt9+sQsNJlhQBf5d4cFT9IRlMTmLAam+kKhr3HQiLfRXuhCbbUjvcQR5IKtf/wC0K/ia22gtAFt/TWBrgg0mL23H821oIbaa3hyygtc6WG/v6Q1mWVrEflBf6G+TyrcR62va0e7dIBvU6XtBiwy7gdd49lK36wZSuX9ILlNxY3FtooNAarY9DHvwkbQGrHXppBraj8P6xAAFGU662gVVlG+pF4MinU/r2hfydc19TsvaBbLVWN/w+u1490AO0L+WFawXU6anSE9cts2U+36RQdLtBfl0tpBsoKgfMb/Ue8FPKwYjTe39IMWBVQGIN73/AKRZBP8ACATr0hSVUPJ5QbrCRBUX29O0B6mL/bB/wciuOb5SBvDmXULOuRzekRyj6j1g2UM/LcfpFf4RrcS6LmW3W+ml7Q8pqqpw9g0lnUMeWw/pEHLqHk+oB0MStLiaVGVZjWYRHGMuGEpuHXBccD8T8Qw60uYomo34TupjXOF/FyRXLLJm+WWtZJm69LARg2H4eldMva2Y29on04Sq0yvThuX8UczUficWpVqJ2tN+az6avlaOkaLiunrlX72xznla2nrtD/MkxDrcWzRzZRYzjOAvl1mShq2f89It/DfiklRNVHmmROuL5umo3jxWr/Byxu4I9/oP/RYc9Rk6ZrFXhbzpZ8gXzKb6enzXiPmcLtOW+SYtgOcaGwiU4U4nk4jdS6sdwq7MvW0adheA0+ISltqxGp/53jk49DK6Z6Of5Twq0YwvBs83sWlltQp6DuYcSeCWa93dk3uumm37xvC8FoqjNL1OoFv0/SHcng+XYXlKB2vHRj+Ll7Ofk/8AQrpMwyl4DUy1DymdgpBZvxRIDgNLD/xV/MxuEjhGUvLkN98tr69f0tDz/Ccv/wCH9P8AeNsfxark5U/z8r4kfMHywwlpprluWNjc7Qm0rLv0OU26w98vllELmAW1yRf1j3lrLu+Vsqixtrqdo6G4d4UMvJLMygFR8wvBWl5tGOUHdt7ekPmksVFiL9Mv6kx4ywzDLzBiWOmmWL3EeFehkJLNcAX0zWGl4Kqsx5QWtpm6D0iQElbWYlWvdW7gn/aPJLPVSVNzyiJ5CvCR2unzelh80D5bZWHpoOu8SHk3bey3ucu5Hf0gDKCs1jsbK1t762i/ITw0MTJNgQLZmuv7GPeXqPm3sVtuB1vD3yidCmylT6ddIGTStOUfgzLZb7W3MXvZXhtjBUJvpYnr7QotMzM+Y5QNM3vD/wAk5sysrIdmA1I22haXStMyEFebVm/QaRW9gSwqJGrRllYZTnbYj5Sdhr0hytCnmZjcy2awQfhPUH0h+srLynQFyoT07x5Vsp/0gg+g7mNWOEpujj6nPDErEJdKqy3yLfLqX3tBZwEsnObZgOXsP7wWdWS6dd7vYggHT0JEQ1TXtM/Fu2Y26GOrjw0uTy+bWufESRnVSqxUDM67yx2hu1R5lr8gLC3tEd8Rlb5T731gjVjMwKgm2mX3jWkonLlKUnbHcycqrb5xfa+p9oQ+MLtlTfaxG0IFWmLf5cmljv1g6yzYkaM2kXQvhATJjT7knlsLltCDBVp2HMVuPWF1XLc8pQi/N3HSHCqSAy3v/q+WIDY08kKuYfKo0YawlMWzaaqFsfzh+0sZQCMumw2hBpYawPTf0PSImTcIpJGY3GbKVI9Ndbw5lSeUA/Q94CUoZSG0Y/MB1h2u/wDWGWCxNaddD+K8A0gsxawhdV5iAbG2l4O1OcwGbc8p/vBVYIwmUYmNmPMewhs9KQtluSCAD73ibl05cE6kjQW9I89LlIA+W3X9otRKsrLSQn+m24EB5bK17WNuvaJWopBqQCCNvzhtMpcwNjsfxQFBWNFXL6DvHmuVsIV8lvmKki+sG8nQkmy2ubbxKIIIACdxaDeTmJsPW8PaenLIBYBjqb/tC/wStuSB1YftFFER5Zy3At/LHgrdv/rEw1GGAA3IvboBCTYazE5bjucsVyEqIhmIJuNTvBnOxJsf5vpD18LmtbTlvvbUf9wRcPmHNYbHVW0t7RFRe76GcvlW42tCquS2XYwqaB8vyMATYQVqSZqfLbXT3iA3zYkrKVsDYXtf1gofnPUH9hB5lO7IDbQbaQj5JVgCTa2WIXZ75rA/iOre2sITJgLWtYWv9OsLzKdm0tq1gF7W3MIzkLZmAuN9NtIv/QrroQPYaDcQK2ZrnSDtLIuSb6biPLKLLp7GDBPDltcZuw7wDXzafX0hXyXVQTt+vvBGVuuhPaKCfXATNbcXX9YUlaqT16+0Jrma5WxtCstSuW/yt17RARcKJcqzd8zIN4PmuuYm57EdIaLPPUbafSCicb3Y3NrQJBy1gwFwBe94KbiWoGt9T1hBZlpgvqvaFZbBuYvlN9u4igrCzJYGp+W9l11gjcum49YVmXPTm9tIDQX0YHpm1iWWJM+ZtBe8BcN+0KOQHBIsuh07R6XLAZQdQSf9ou+C6CS19LwfNmU5hYdIAbi5sevpBVYi8WuikxxzeWM2n8v1gyqmoK36ErubdoQE1tLa++0KI2awXNfa43EB+yW2SeD45PwesWY330u92RtLDtHQHhjxZw7xa705nCmqmAAk1Byj6RzgL6X2BzDNqdYVVirB0Zlca5lNiD6Q/Hl2PkVkhuOu+KPDamxFRLSSadlXPdhYG/X1EY9xn4dzsFVpqS2Vbm4XrbqIZ8H+P3EPDM6TJxZzjWHSxkPmfOi9wfSNL4u48wLjHAZM+hnSpiFbFRoym3yxpkseVMTFyxvgx3BePK7h6qRXmkjYTNj7DtHUfg343Ydi+WRPnLKmra0s7se3vHJvEWHSwoKHViSgA09jFco8YrMDqBNpprSHXmvfRbHaPP5dDByuJ6DT/kssYbJO0fW/BcQp8QpzNVwQwBsOmsTfwshrEShZjfN/NruI4i+z59pyXOmS8Kx2esio0yMzcrCOycLx2nrKdZizFdWGYFTsD2i1j29g5dRudomRKUTCQBtYXg1vRfzhk2IS9cvW1gT+ZhH46X3X/wDtDFBCE5M+WCygEFtWuTr6wbLZwT82hP0g2ViQLanb1gcjL0uTtbX/AKjyG5n2faE1LHTpo3b1gGsCL6huXTpCgltmIsSesGMnQ7E21HWL3Mm0Sy5fl3vrA2Owuovf39IOJZZ+VDbYA7x7y+tiyWvqIqybP0FYXJ/CNhbe3aPZB5YsuXJfMe9zvC/w5lZSNWIve2ke8vPk8qwa3MPwnWKsrbwNml3mWHKNLDW9+/1gyyUdSWzWudATyn+kOvKXKWZS7/MSp1OuloVAOhF1IUlQF/zLdLnrBqTfQFKKuQiJIljMQJaqt773bYW/3hXN5aqo3A52Tva8N51SiqvNZAQwPTMYiqrFFXMFbL6rr7x1dPppT5Z5D8h+SjC4xJKbXCT8uVsqZWmAfiiMmVhmF8pN3FjbrDPz3mF3Zha9z/cQ3mVTKNN+ntHdxwUOjxObPPM+RWomLLuS1ixBJHX0vDCZM5iF1Gum14Fi1Q36elx/WDy5PLdvlF+Zj/SHMzLjoQly3ci9wNj2EOJUjzFAIv2B0F/eDn/LNrAi3L/WFF5gSP8AKtcq39IiKs83bU3sNdx6wXKcuUja949MYC6g3NrD2hHzCrC67Wy+o6xChdbN2zDf+whwnW0NqYZdvltZf94VWbmYCK5JQr09O0EaWpbW4ub6R7zEuNbQbMD2J6jtEKPIoViw0Y9YNpm7QW/XeBYHMD0gr9EoObe8OJMxuY8oJGp7w1Ulthf2hxT0c+YRdGAPcQ5L2AxeW2xItc9IdrLVVIJAZvw72/3hbDeH3nMFYnm1Fx0i10PBnMoKsGAzDT9bw1KwLKJOw93Iyi4zEX7wkMDnTtDLNr3NtxGsUvBZnTlHkWbRVFrj3i3Yb4boy3eUyi9wul4HaVZz/wD4fmsrZkItpr6wWbgMxeYj5fTr6R0lWeGcqXJaaZFsh23sDFXxjglaZGIQjWwyiBcS7MObDZkqxIysetolMPwMVkwZbtYjlH7mLTWcNzFqrFSE/nMWXhXg8tPVSmo/F3vFbUgiu4ZwA1QlhLYAm7XXf0iw0/hbMqAtk0O4O6j19Y27hHggzpcnNKYFdz0MaJI4Gp/LP3NyBzm36mJtLqzk1vCbzLESmBPodh0MMZ3ha4VSVLLm0OXpHXtXwbJtyybkjQjpEVUcGyVYk3UvYC41vA0kXtZydUeGLSwzNJIFhzHYRFVvh/Mlrm8soyt07d460reDZeUsUDoxbTv6xUsZ4UlKl2AYix5dj6RajYNUct13CnlrlAItc69TeIiswUSbh10uADaN+xzhlV1UBd+UDSKZinDi5mYi2c3ytraJtLMjmYbyk2YdM1oZthsy2wJ0tbbf+0aVO4cKzSRKJ5flvpbvDOZw0HACSyp3AHWK2kKC2Gs22ouRe1rdo8uFlbcunU9D6CL8vDdrkymmaWAI0gy8NHKR5bldwCNvaKolmfTMPdVv6fl6QmaB1Y8l9bFhtF8qOH3zPdCpOgFtPrDU4C1mUCxGoitoVlJ/huZh93lY/n7+0FmUp0WzWOlhF0bA25vmzWuCRY/9QhPwXUtlznY6RKorkpU6lOpHa0ItTt5hBF9L6Rb52DMumQtfUWhpOwkb5SoOotEqyFZMtspYjTpCmQ5TZhb2iYnYeyaqoawvDWZSsL5gf6RUuS0xkZhzaaDr2gJeW+hsVGh3BhWokOQF3W3SPLIszAEgjS/9RFUHaPFQVS62DXs/T2gmXKbXtmU3hfIyDONzuBtCcyVlXQ62/wCCKCtDWZ0/X1gFHLc6CPNoxHUQYfrDBYGuWwXMLXIHaFpYFswuW2B9O0BLlsbFQc1rgrv7QsssKxsCTa5gGEhPVlNtOvNAS5zS001137x7ICumYa2JaC+XmsLWHUH94rj2SQ6l1CtuSAOl4UlmZTOGkTWlZtbA6E9zDGXMOa40ynpCsvMy3JuDq3p9Iq2uiOmyUOOuJRE4EX0BOoPrDOoUzmzCxJFgfSE8wYZtgTtCWZpTcpv79IuyuIsB0aTMBUlHGqZdDG7eDv2msZ4R8jDMXntWUBtaYx1XoAT9IxAMlWRb8PTY6QjMksltLXB266xJJBKmfRjDfGKkxqkkz5NVLmKykizA79IBvEpbnmX/APtHBXCvGVbgD2kzykjMDk6X7Rfl8QpjKCZwudYySjO+DfjlFLkjJMkMABzMR8x3EDLkBVci9rcy7G8LqgMzMDppmG2sDZswLjKD+/ePEbuT7bSE/LystgVDDNrtpBGkqLzAQF3a251hZUZWdjrbRidtYDLYEEXa9j/LEtBbUJGUFVwDy3uA25+sC1OupJuwFlOtre0LBSzKt8uYkHMIMss5TYXZWtcRNxW0btJCqSAqtfY9RaD2bKWF2C2KqLAAnS0OfLbLnYlQRdnNifyhPLkUtMKG262sNesWpN8IVk2xjuY38tZZZiBoM1xoB0tDSqqSkvKzMoB1F+vcQWurPJUKOZUJOXpMiKmTHnA63ZjoSdLR3tJpHKpSPB/lfyqTcMbE8QxHzGZV5Re2kRyaD+UE2IPrCtXLMlg1wygdekNnmFuRTnvYliI9Ako8I8TKbl8pMGZOy8pINh099DHlkOys0y/tbc9IWp6W1i25HaFjdbZRbNodb2ixDf0E8lSSCbAm5A6QJvM1KgdMxG8elyybX0y6Be57mF/LK67em8RJsFsbS6c+ZdvlH537wLXAuBzA6MT3hwdb21hOY24UAi1zfpFooZZRLAJ5Rub/AM0Jy2N1QX7v6mFJsxVUgnO2+U/lCHmc1+g0gghVZ4C2+UX2vvBXntzC/tCWYsq3svp3gVV5hsPyi6Ks95hzAg5raEf1hemzu/MbkbG+hg0ih8xSWN9fw9YseE4K9W6ASyVsLLFNFWR1PRzZzDlJB9Iergs+4JW3rfSNDwXgOdUSlLo6IRvluSegiySPDOcsts0ppbdQDcflEVeycrkzLC+GTUZGC5ixtm6Re8I4J82UAJeump1J/tFpwngOZTTEXI49On/caLgvCJRReWbfltGmG1iZNlBw3gmXKZTluVNgLXi0UPCyCXlVLIDrm1BPvF1/hkihUA6vblAGohNqqXL5JMkoL3Vdxtrf1MHcV0D12ReF8MqrAqhuw0sLCLvhPD8pcgVFIUXzHr6RUFxKcsxGOYpY2I0P5RceH62aVRpgKBhb39YDcit0vRI1XD8jyRZb2Buw794zziDhjNfy1spJBO9z3jXpctGlmyMCovm3BERWIYGJ5uqFC246RW5UU7MDqOFFWceSybuCL39otvCnD8qSUaxzsMxV7W02EWyfwiWmCwI07fvEnhXDvw877uQV0/F1MJnlUeR+PHKTJvh/DkWWjWIP8p2EWiVKGXQBl7f0MMsLoTJloxJZjYEgfNbpE3LpSzhCLn5yq9TGSWb2aViVckPUS1VrXzAa3Atb0hlORZkwEi5PXe2mkWmq4dcpmcux7J09Ii2wVuY5iWAuDGfzXyjTGEWVaspW8vzQrA2syaERUsZw85XyKWJABUDSNQnYbMlqotc2ub9bxF1XDwY6Dm199RBLMwZYVIwvFsJbzGySro11OvURV6/hicdZci4Ot2F46IqOD5czky20C2t06n3hjO4MGhKWXY3NuXpD45xX8dfZzfM4LaysZVtcxAvt/aPLwaGYm17nRQdvaN9n8IKp1VwNs299drdoZf4SRZl8vtYbe0H5xXikjEW4Rsq3C2zHbe9oQfhWXfOgKheUE/qbe8bjO4XTITksbWzQk3DKNYBWCWscwH/N4rzorxMwudwfmtlTLZuYHW57xG1HBuVSxl3INjppG9VHCeclfLYllOXXaIuq4WzZl8sjNqfU22ieYZsdUYRM4adLky83VSentCE3hs8qhGB/07abRt03hF3YctiotpsB/eGs7hEHUyTpqel/WL8qYG1rsw6dw/lOUjK/KRpsOsRtRgbDOuTS/wA1o3Oo4Uyqby2LAghxqT6RBVnCjZiApz2IItuDrBqYtmKVWBy7qpXyzexPfSI+dgZmKcpByn8XU+kbFVcL7XXIiD5mX8oiazhTMxKqQdPlP9ILcmijIpuDmXMt5diNtd/SG0zCml5LoUOxuI1Sq4dIzAh7q3zMNoZVfDoJte69b6kxXCIZm2G5VAA5vWG/wL5rZeWxsO/fWNGqOG2U5Xk58o0PeIufgAVXZA1+i9B7RQ25dmez6LKy2BvtrCcukdnAIub/ACqdou0zAXsxK3C9YTk4J5bKzgKp62guQSutRNJTNbQG2uloQKBVIAta4Vh+8WWso2lZ1KnJuL7GIGoWzMNhbaKJwNmIzNmudevTvBW2Yjc2/KDeWzWZtTsfpHlXy7dr9et4hfAmZH4gwA6x4JlYHe3frC2Ve177WgFGa4tELE15ma7XO+seX5Rca9LjXeDqnfn0Ig+UKb7nYDeK7IIvJykupux36QeS3xEsqTd9jCoTlsYaTJLyWDIdTvaCX7BE5iiW2Xa3b94H4yb/ADGHMlfiqfMwyte3vCBph3iOg02a+ZeVbD5V1VGFwWO49IN5OUMJQzADlJN/fX0h0iqAbg7i+aACEZcov6rsfSPm9n6CqxqJdl0YOGsqt0y9SYIJWjKptrm1HTYH6w7aXmD3UWOhy7DqBBQudSM6s7cxHX2iWXtG6y8zFQqrdcpLHW43tBkll5gZuY2F+hI209YVWXspsrdng7IFucxQ7Zj/AEi/8BdLsR5lY5hz/KB0y9ojcQrxLUqr3LDUW2t094Xr6oUsmwNnPyrFYn1ZnzCF1UHVvXtHc0Olc2pSR4f8z+UWNPHASmTDWOxUNY7hvwx6ZMFOpBAQ9f8AaHUyXLp6N576PsU/mv0iHGeqdQLjTQ/0j1EUoqkfNpSc3ukBMVqyYTcrboel4cS6UIAct27w8p6NZKIpGu4U/vBp0tVNwLrb5l79oYoi27G3odTBSttYMq5dNNB9bwMXtvgGwmXqOX2gy273gjabm1tYKHsxF73ilxwiB3bLcsNPSGE2cxXQA66Hv6Q4ZGnNpe4G46+kO6XAZtRYqrXY3yW2EXRfRBtmY31Yd7QeXIaZoARFpPC81LuoNlNwFEL0/Dc1r3GbLqdNR6wxRdAtruyrysNZtWF+lokaPCHLZDLbMeYGLbh/DZ5bA2JuD3vFqwrhMTpyr5JZliONK2Bu54KhgHCc2snBDL5u/SNq4F8L5s1pWaRm5dCBFj4I4A8yZKvLtkNy5Glz0EdBcF8FmlkoWQKtst+oMYZ5L6NUIvtlR4X8LRLVWaULgHJcaERa5PhxSinDGXqdwRreNHpcIlU4UWtlFok5dEmTa9gb+0ByMlJGTy+AZa3Xyw8u1rFdb9D+cKVHBuWSVWXaYo1K7H0jWGoZYy2W4sCPSG06hlWBI2vF/KPsVSZjdTwfOmTCCtwxuWttpDU8Hsks5ZIAsGZGU33tf2jYmok0svppDdsPVmtfm/lK6wSySFyijI5fA4LszoXmMcp7H2ifwvhp6cDlyAaXGsXsYWoa+5haTRJLZeltYPe/YLjxSIejwhZcvKo9x37w8/gctr3RXGbUX12iakUbbZCv7RIyaFQpCgB/xOBe0Z8mfbwjXiw7lyU+bw6oChd7aWEN1wNlmaoe180XKslNJmBcuRc3Lpb6w0mZFsb+UCdD27xy8mWUn2dSGOKXAyo8Jm5CMvN+LUfW0OpVGJcy2XINTcbiH61UmRLaY7LITVgL6D1jKOPPGKlo6dqfBz5tS11M5W5YqWaoVZj1EoY1bfJo+OY3QYJSl62rSQLXCu1jFDHilw3NqWlfHhJl7BZh0N4wfiPiKsxTzKrEKppp1Y3Pyt0AikYhX8xqcmby0tzb6ag/lHP/AJMo9HA/nyi/ijsyjxTD8QOSlraaoy75X1h00tcpLLf9Y4XwnH6j+KLPl1k2kCIQxz25u9usXLhXx94mwPEJWaeuJ0DnKKeoHOVG9j0h0dYvaNeP8jF8SR1n5KNluF309IjsVqKWll55jgMwK36adIpPDfj3gXEdK4nK2G1SD5Zo0b0B6xDcQ8QzcSnMytlGhC30FzYW+hgNRrljjUOx2bVwUbh2W+ViUiumlQ4UNqVYgEEdIfClWZYywozbC0ZMOIvhaxiFZi7gXLfKBoY2Lh/DK6ow+XPmy2S9nUH+UiHaTUzyL5C9PqnlVMZvhIVblFBvuR2hKZg6OC3k5s2pI2icyqpYOxFjt6w5k0lzaxbTTt7x0k93Rvsqk7h+Wy/5ZA7DrDaZw8nmWZmva55dNO0Xv4IMDoCL2LfSEZ2HKpDEHTbsfSD2tE3IoM7h3KpC2bLqFI116mG03hszMwyLbcEDcdovFRKlSr53VO+u3pEZMrKTOfvF0/Dm3gHKMeWy20UqbwuvN92wXTS0QdbwuVVwi6HTKRr6xqWenmWUnKDsw6wyrKETNVtmBAsN7dokcqsW1GRi1Xw55asCpTW4Ui4Noh6nh3MGsqvcZrj2jYK7CztlzjpLPXvEFVYRLmZrfdkXGa36RpjkESiZHWYCumR8qHfMN9IhqrBiWzzZAIXQ5d9esatiGDnRHl6WuCO0QdRhJ1IJ7nTaHbrFozGdg4mWDG5T5WX9oa1eBM8k8mYbEXse8aFVYWDcNLygb+WuohjPwdGsJTFWzX17W2it1cl36bM0bAZflgmW1gbj27fnDOdgaNLTLczAddNBGpnAxlAL2B3Ft4bTMC5TcKQNQtt4LyEX7MbxLCyPMlur6nU2094q1Vgcx5xuui/jHURt+JYBmZ0RLq3zI39IqdbgZ52lKWLm5VtLdrQUZfYT/wD5MtnYc0uYxF1NtFhi0ppNyyhWJ1traNExDBwMwnSisxh817xW8Swh6cC4zLsJkOW0DkrTDyrhRtv637QGVQxubltyOkOp1PMQnTT+ZYbzJMyVdSChPeKZZ7N16wI01vCAJU6jTcWhVX62iyxUWtfrvAMCFLDULrfveA00IIBv1hRfl0F7DRohOxk4ejOZPl6qfWFxUSrC5F/aFJktZgIMRpoWudREVFcm5a6E72guUDKbWuI8swC3XpfvBv1tHzI/RVJAZBmFja0eVQuw17wMe/SIWEUBb9+8I1E1Zctjm5RuxhxmVRzA2/07nsBFfx2tVFZCQLKSwG49DG7SYfNOvo4f5TWLS4m/ZGYpWNVVDLLWxJC+8WLh3gObiVFNqy2SlkIS0wjY72vEFw1RzcUrpYRS4cAqT09D6xcvFTiQ8P4DTcK4dNVXqlD1TJoVHYmPdYYRjCj4tqdRLNl3S9mZV05sQrJhU55YNgNhcaRI0VGZaAk73Nu3v6wlguGmYEZxmC7ROTKbQi1y2uh/KC4vgS3wRzqQoY/isRfcnsYJUS+ZiMoGmi94dOoQh5mync+1hpCDXCgFeZQb+sOX2CMWlsLkkEE3hIE2OkPMvmLotiw2PQwh5bOeQaHRV9esQrgaTELMSfpDijwybUTFEtGa9he3eJXCeH51dMQ5My7nLuI2bw88KXrJkkmSwDHcjS8CRyrooPDXhxU17FhLa+gyldCP7xouF+F82nliaZbC4sARYhY6K4L8K6ellSHnSBnv8g1i7T+CpEmnCy5d3+UKV119YIVJv0ckY1wXLo5SzSgEpRqvcdogZOBJ5z+WjMGG41P1jonjjhZjTvlCqumlvXaKPgXCcypqpgZGUl9QdP1/5vF7qM+5t0UXB+EJlQwZJTEHbMLWtGk8JcCKjB2UgnS7D5ovGA8EhQC8uwOthF6wzAJdOQzSwgtokBKV8D4RrkJwjwvKp5SqZeU7BSNNOsaHQy0kqCBYkARXqWpWSpVl1t8w3EPBiStor2vpb+sZfjFmnc+iZapVbgkXv1hVK/KBcg6fSKtOxAK1zqNrnrADERl5rG2xvpCfJyUWadi2XZh9NvrDCZiwzc5sYrlZjXlqRbluQbbadYhnxmf5lmOa42tt2hUspaRoEquE1gLA21PaH0n7xfXe8U3Cq1nvmbRraD9IuGGTVZQT2hsJqRHY5+HX5lHvB1kgmyi5ItChsul7D0hSjZWnA9Ab7aH0i5SaCjFyofy6EMpIub2Nv31h5T0oytlQhb3K+nS0PJarLpVRgyoN1PcwY3WXlQagZR6HvGHJ8mdSC2kJilKM4L3Abc9RFYrF8nPNmHLLUE3Pp1MW7FFAkuykGxyszbi25jDvGrjdaGhbC6aYFqajdhuF6xhytJF5Mywx3Gf+IvidW45XzKGgLycOlkrmTQzL/wBBGfya+XOyCXzO2aYQuu24vsLws33VzZkIWxzdL7a94IsmnTDnGVlYgsZajmPv6xzk+eTx2bLPUTZD4lU7eYhBZgHRt1CjeKdVYhNmS6hEmBgzFVFtSh63jWsF8M8X4qqPia0rh8lspzt/Id4rHiR4T/4T4gk4VRVYrJjpnF9FF+gMY5ZYXtsqWGUUm0ZwLVE1QcwFso5dbDrC0mSFmFVAZwmZXD2tfqYPOwuqoJiecjIMwRmXW3e/paHNLTypwDrYyHmEHKb6W0BP6/SG8VwZ2SGG2V8rOHdVAZVNlf1EWWl4mqqeYUeaHViJaq2yjuPWKwJMyc/lGYh8sizJYZmt0+kKyJYqqgzhMcS5K28thcX/ALwVJvko1rw5kSOJOLsOpmuEM3M4I002HuY6VxvFkw2mqJ0w5JUmWQJZ9Okc/wDgbwqmJYoOIEEz4TD2ytTdJhI+a8TPj54iDD51Fh0oiX8U154H4Eh27xxVHU0//PHbG8nxSE3EmzZlzTMqiXcge56RrPDdScQoZc21s2ugNiPSKhwVwTwhPwmmxKmY1Ssl/OvcZjvpF2qscwfhvD/NmVMmklIORZjWv3t2jpaZyrdJmzFklGO6fRMzp0mnuZrhUt3AsOkQtTjlDMmeV8VJWYdLFwLf7xh3ih4vSMVWfKwqa6mQOdlOhG97xjh4grayccs+omlpfmBr2zemv7xebWtSpLgRk1ajxE7hpfD+TjOWe9SrZlsMraW72h+vg/ggpmlu0xXI5pjN19I5q+zV47VmF8RSeG8dntOoqw5JNRMOspzspMdhsxmMCGz5jcN106WjXieLMr9j8eTyHJXixw7j/hjizNRVEypo2u8ubM1UL2iu4B40TVmy5NfLOXQhlFyfYR1vxtwbS8ZYBV4dVnKWS6MejDYXjibibgPEuDcarKKqkvJVCcpy3Dex6RxdbHLpJbsfKM81khK0bLQ8SUOLyy8uajM2+U3/AEgainFQoIHMdA3SOcqesq8HrmmSJpp5iHWzctuxjUeDvE+mxKX8PWkSJ9rWfbcbe8HpfyEcqqfDG4tRvdSLVVUd7hkNma3rp2iGrsNzsSDlzHNyjYdveLUk6XUKjXUtbNca2hpUSCFBC5FJaw3zX/aO7GbatGpri0Umpws25pd16ZdDDL+FypeaygBea5FzfaLu1KjtmKaDcdoYzKNVKgIBclc3fW8MUr7F0VWZhaeXYDW9x/WGc/CwqlQmhN80WyZRZZjK65SgJPUtEfPpxkRmFiWtk9AIJSC75KPiWGiYoXaYhurD+sVudhbNMJaWLk2PYn09I0eoozkZigIOh02HeIaqoWQhSt76qQOkRuy4szaqwSUacm2YKLi+57xUcawRqRSQHaWPmzD9I1vEcNTyWVEz6gtf8I7e8VfGKITJalVLKSSynppaJGdMZRlC4Sk7M4U2bZeo/wBoY1mDv5IKC6+sXaowWZLq1Mg5kP4m0sBrrEm2AS8SpfMVSs4LzLbS8a4zi+xO12YxOoXlkZee+g0/eE0lBrH8BF7jcCLrjnD8ylmPfkLdN7+xiAejEu6iXkJ/D2htr0VyROUKL9d4KG/tvD+dRjy2YfP2hlYqwJGU/nFBIG2xUi/oYDKO37f3hzKRWHLfU29R6wr8M3836QvcMNMl6S7D5R8vpCgOg6QSWeYy73I7Qcc2o+mu8fOT9BpoH6WgL8oJFxePAZtBr1NoVaSytdVbLYG3XXoB3ivQTklyxrWTQqObWS2tukZ/jlU86sMu9grg77fWNOxCRNw/AcQq8gnyEXLcjZj0jHvO8yZ5gNye8ex/Hafx4979nyX89rHqM7xx6RfeAcak4BMqMSngFadC4Rtmbawirzq2fxVjk+tnavUOTttrpDKvmCTTypUuYQx362+kWPg/CWdQ4vd/xW/OO0pcKJ4+S5bZMUdCZctQqgNtroM3WBnKFZgRsLjv7RNzZaSKcovy2tbe7dbetog6h1UFr8tt+tux9YZVIHciPrPuZw0DO1gCdRaGUy7ucxvzcwhzPza5itm7Hp3hvlzNY2DHUa7kRIpUCEys1iNT8wFunSJ7A+GZtdUS1ymxN84Gghbh/h98QqpQKODmudNbEbRvfhv4dozUxdeU/hMUA5CPhv4VtVTkYymBUgnTT2jpbg3gSThslbooO7W2vBuEeHJWGUsmUFIyjqNde8XulRUlAA2HUAQQFtUDR0KyZYCoFB5Tl1Nxv9IVrJMvmsS6HUnr6QLTDp+A2sGB1tCcyYWsTlLfy2/SA5CtFR4iwRa5iGRVYCym2lv7xB0PCiU7NdQrHYHW8aC1Cs5QJnML6iG86hGrBfQdxAS/YO32QDeVRKzA5b2Avt6xH1GLEuQrEqOncd7w8xrD5k1TkGZvlW/9orrSWp5iuwtqUOvb0jNLIHu5H0yteYS2cj0GkKpVzNS5uHuDl31FoYtMSY6kaAi57WEKS2BZuaxIveMcm2x8aZIea0zO7mxuAMw0sYNflZflQfMLaf8AcNpU2ykBbG1gGNwb7wuztmYXHl3zEnq1tYHktCM8qzZTfRrr2I6i0NLC122JOU9veDzZhbKASC/MdNmhJZjMzADK1umt4TOSXQ2MSWwtucFdeu8WyhqsskFdV7xTKCWSwKrm7t0EWKlYy1IOsy2/QeoEUsm3lj4w3Mn/AOIrfLla/wDN0iSwPO8xXurH8XUW/vFSlZ50xbsRrvfQxbsK+5ZUA31IAtr3hHneR8GtYoouEtw0sZ1so79YMv3gsDYMLXva8NqVgsuzMSx1vvf6Q0xbFpeD0M6qmo0xFXRV3J6CGeTauS5KuSv+JnF1Jwdg82oqGXOwKy5bfMzW/pHJU6uqMdxydU1AabPnG4z6gE/L7C0XjirD+LvFDHnxGropkuiVssmnP4Tc629rRNcPeFM2nnfEVQLTciqLDY+ojk5srm6SOXmxZdQ69FcmcBzqylw6lyLMqlPnTpzapY7H6dovHCfAODcPK9RPb4qoGh84AqoPaJr/AA3Mo5ASUCmxaXe+o6RB1FPVZgqTczC95baD/qMeWUsfZpwaPFj57aCcZS1emDyZglzUDZFzWHv9Iw/ieumcVtNblNXLXIXc5Szj5SP7RttVhzTqNpRmZ3ynmYXI7fnHP3HlY3DvE0qsWUsyWly9OOpOgPvHHy43KScQtVheaLcCn4hXZfvHBV5hs8th19oarJdg82V/485zY5gLe1toeYVjlFiWImunqpzNm8rre+14sNRMw2ZeRlUrL5sq7m5B1PeGyyZMaSaPLeF82Vic7TKXLK+4nKCc7KLaD9IcUS/D0ShcuSweW++a+5MWWnqsBw6dnyK6MTzTGuCO0EoeG5XFFTU1WEzVpqCT91MDaK1z+H1jVh1EsjpoX4uezpbwXw1ME8OqJSGlmpzTX1G3rHJvjBxa3EHG+KVY5qWmZhKVf5V0I9Y6W4uoZ+EeDkyio8Sly6z4flqA1iwAHKveOL8ekzaenPmH7yZMU5v5rmxHtHRcoyaizVkk6UEdQfZil1k7w/WuqjlkVE4mXJZrgDvFE+0Jik9+NlpEmTFkNKBMsHSx626Rpv2fiv8A/GkhCBKlLNeVbtrv+Vow3x1xCbVeJFUEynLKCksdT0At9L/WL43UnwaMsduCiszK6bOlLIdmyBwky/y2GxJESHxqYfh8uWZROjWmajNfYKegitzlrlkXppLozaM9iFBO5v1hOhk4nOzrUPPqJkyyy6YISVA2Nh1jRFrbaOXFW+AyzamnxGnrZDLJ8hg0vUg3B1PvHd/gD49U/iNh0nCsREuhxynQI4flE+w0KnvHOXh/9nfiTijyaqopVwyRMPz1Fw9jtYGNx4V+zlhPD9VIraqtn1NbSnzJc6VygN2I6iAxajJGfXB19PpszldG8YhSzKWY04TSZIFxYXUxXuJOGsM4zwuooa1UExxZJpG59DaHNPjFdRSfKWfLmooy5HFwViHTEK12ICg6k5emvbtG3LljKNP2d+Glc18jkvxV8LcS4FxaaJknzKN7lJ1uRx/eM+SSqNmQ5lXlvHe1fRU+OUIosZo2nyWGgfpftGfcUfZn4Tx4PNw+bPwmoK97rePP5NHNPdjOTqPx0ruJhXA/iAaOok0NcxItlR/2uY1eRVy50u5dLjTQ6HSINfsp1b3ly8bvlOhZQLi+8SkvwU4q4ZZBKrVqaeToFIuWHeOjpdRlxLbkVisWLNDiQvOkhgzD5F6bX0/3hlPlMGK9SAPS3b3hrUV1ZhdWlPXyvKm6i52OsR9VxRKks2cByhuwv16R0lrcX/64DlNRaTRIPRrcFc5INwSdfaGdRTuGsFXmPysL29fSFcNxqTicwrLGoFyfSJ3DcJFZMzMLq4+p7Rsx5FPldFpqXRUZ2DuFDy9Rtbex/tDSdgc2YzL5ZuVvmG141qTwwL2CWzLcL69oZVGBy1luTLMshTeXfb1h1tcsl0YxWYGZy2Y6mw2tqBv6xAVnDur51ygi/LrGxYlh8v5gqzMxsP8ATpEFUYSMrPLN2JuLjS0BuT4CjkTMiruF1mOgVBlGpY6AC0LysBWlpZbyQrG+gN7WHeL9XYWDystn3zW09iIjWpGCspuoN9O3SBeSmbIqzOcY4TlVlGzSpYIALEW29oyvHsCmU86xVipFyw202jo2qo5bIGscy6Bb2BI2vFS4g4ZFZJmhpdnUglLWBHaNMM1Cp4/aOf58hhLswA6e4iIq5KyGObmX+VYvfEGCPRs4OZ9dAF/SKbPlrMNibWNitrRt3KStGdXHsQp3Yi91IAsTtoIceYO4hoksyWsNjpqNDC//ADaFsbVmjqyKwSzBdCG6n29IUU5yQVClTY5R1hqvLZUGVrjKC3U9IWWYGAIIBty82pv39I+fUffhyswPMBLFdMhMsfvDzCpPxFYr2JZWsNdQToCYjwwb5flbbIdxFq8O8NGJ8QUlKDcTZyKUB1Gu5hmGG/JGP7Mmty+HBOf6JP7Q2G/4L8LeHqFqZZVTik0z2nqbE+hEc3JnYqpXUnToRHSP26cQK8YcNYCswPIoaIFcp69Y5tuxYZbk3sPrH0OUVGor0fD/ACPJKU37AnS/OxOXLVS2ttO8afgaJhmGo5IVyeVhv6i0UHhqlaqxhbWmMOg30i3YnWBZ1kIyqui9L9YKK9mSf0Pq2uDE3fkZr37HpaIGsr80sgNkOaw/uYaVuJM3Ke2a8Rr1DMwJa99Yt1fIKHjVbzSFC630UbGJzA8LmV1QqhRbQkb/AEEQmG0cyrqVIDZe67xtvAHCagSps1css2u34vrBgt8E3wPwkJcuQ0wNLlyzmHdveN74RkSqGWJeVXy8wW+pv0jOXZKOUgFwo5Tl6W6xYuG8QInHOC7A3zH8S23hO+nRjlLk22hrPMVXSaC9rsBtrt+UTVPUZVSxzd4zzC8W8tQyETDlGY9x2izYdinny1JZZfmHIVXoYjlXA2LvhlgaqdrEae8IfF+W2a+t9+0NplQZku7aFdIBRmtlIB6QiWRjSZkzw+oHS49TC6rmOtgNxDClp8tiMx1+YxJ08pjbMOnzRUcnHIY1qsNR1Jtqe3SKvjmB3lvyWIFx3Ji/+WrKQReGNfQCajC2ZYGVS6KcTH6qS9LOCsbHb0gZU4y8v5G8W7HMDE0scoGXqF5oqlTh8yS19SOjkbekYZKUWUuHwKioGbW9t7wY1JswX5rXGbb3iMZJqsAq5kJAJ6wkvnTE1JVDprCXJmuA/mVGdioNm0t6+0OKeWZrE2vrc+h7Q1oaFpmUFbrYXvFlpMPCqXYlnddW6WhXLfJpVIGhp0lXdr3H4u3a4h8ZhGwIGawHW/8AaEM1rqBdGJX6QeXLM7yzdiCbn/SBpGDNO3tRvxR4snsBpfNnByLkm2u14npTGXULbe9rdoaYPRtJlkbpbMWiUl05qKoZdxqY0Qi1GwlVk1LQqoJNj0hdaNJyZiisv8ragmEafIyEM/MsLJMblUHQQyP7Bl2G+BlFlCylso3ItrDeqwuVUaBFliwuANSYeeY+2T6mBF2N7Ee20MUY30JaXZXMQ4dLK5vmaxJKjfsYouMYHMZipBUEH5Pm9/aNfIzZha/4YhsUwtJ0uYVHJ1PYwrUYVlRcZU+TKKqmMuVMLEqAlwAbEkbH2jE/EfhVsamTJ7yi7L86qbXfp7x0VjOFBWUNawN+dd/SMl484jwrhc+XMmr8aLkyV3mGPN5sLhKkbHkhjjcuDnXh/wAGcc4m4kl4fhdOwc/ePY2lg/0iUxrwuxLg+uNNiddLVVN3NO+YZr7ExouE8XY3Tz5tZhCyaNZ0mzozWe19QD3hvJws43UMgp5jgk+bNnsTbrb84OVOPzPJajVY5TqCIHhHgngLH5jpjuLz8N8sZRl+T0MaLw7wX4YVGKYFwxg3EGIYpVVVQJQppSHrqWb00hsvghh2JLLnTHezWJky2sFHcRsPgJ9nPC+CvEGi4mk1kyrFNKbIrqAAxH+8dTRaac5KlwZ4bpS6NUqvBfhimw2ThEzDTW0UlPKRZzcwJGpB6bxhHiH9g3hziWpEvCMfqMHdvvGlEZ0VR+EGOr8Sb7xmOrH8XrEMjhptdMuQcolp27mPRZtPhpuujbsTaZzjwp4Sz/DLhgYEcQSoeU7TROeyh1PT3jjnxGr5M7xcmliHOdpRe+uUdvW947E+05xknC+Bza1lIQP5ZRRpbvfpHBvAPDeKeOXixNeTLqXopU3zJ7SUJAsdAD29Y83jjHK5yXSG5MbyJY49nQPBPAuLcUUslKaS9PImPyVNQl1VLa6d46O4L4Hwrg3B6aXSYXI89RZ66egaZMbra+wh5wXw9/h3CZCVFyJKACSuot294nJ6zZqo5cZRp/ztB44LFH9nU0eghjdsNIlyrZ55OhtynXX1gJk55YKqbZTlUdx3hr940zIosNzeHVHTvVTZYyHU2u3yxIyc+EdvaodCSy2nsGUAG9h/aFGPkEBEsW+Yj9on2oJFOAgYzGWzFk2hD+HgTCV+Um+saPDxyZ/J6IbJNRlst5ep1bUCFJVc7CwFyuozdokqiVJswBysun5xCVNQkp7N8oNhbfTWBjePtlf2HgqKaawLAh2B16GDrWlaNkntZrE5tNB0iF+IMyYzbnc33aHcuolTlIZbkL8p6QzepcCZQM+8XOH24ookn0FxXSCAVA0aMExrAcawRA1bQzlLG17cnpc/83jqiqpPgUZ00ViT/wCm0RK1UjEM9DUyvORgdX2O8c/UaNT5s5mXT+R2c++HlQauqqZeUSyyhWv+Gxv+sbZgeHlZZfJa55QdxGM4DMTh/wATJlHMsJM6Y0pVfoRsI6Mwyh+7UXJIXcRv/Fvdicfo50ai3Ea1U+XTyCCVzAXF4oPEXFMiW1kmB0vbL1tsSO8WfiGlqJuYKzWzDltoYqD8HvOmMPJmMomZgoFh6iC1WbK3tijNllO+CFoq6fiddJYZvLUkqttCvc+kWBcJaZTquT1Om57CJfDOE0pZa231Cr1HW0TTUaS1dbW1112NoHTRmuZB4YS7ZmeIYOJbP5q5r7kd4quJU6qz7t6tofX9I1nFKNWluuncRn/EFF9yQSVtdcn+nvGya5tHSxyKhlEx+Q5wNSG6joPcQSbTN5YDrq2gbv6x6c6yZgBZl1/MwEysQyyCQtjdj/SIpGtcqii8YcNpUSppRbAghsu/vGE49QtR1zXWwvYXO8dR11OK+nCWt3VuojJOPeFOWbNSSyIugK9usbsU/sz5ImSiWGuRuR9PpAZT/N+kK1UhqWfkIIyiwuIJm942NL0ZrZd5Z8yYgZgrgkW6IO8KS2DSQA+bODfQDJb+phuCy9QV0Yt3HaBXmUSzlys2jsNPePnvB+hq+h9Le/UEk5lUi2nrF08K8Wk4LxbRVE9gElzlmcx1fsB6RREnFpeYhQMxzhtyPT0h5heIfw+vpWZfiGcqFXZRY7/SN2iX/eJwfzTrRzD/AGseIP4/4wTqmWuWU1MpCXvljIhzEAG19ItXi9ij13H1ROmp5Y8hFK+g6iKorKza6ddBHuJu3Z8ZxcRLNwSmSqrJoXMstcpYaEH0h9iDAzLZbhTY20vcXhHhFZkylq1y6lwLk9fSLFiHDs2ZJlTArAFbE7HN7dYNGaXdlGm5jn5bjpeFsMw16yZlCta4O2v0ieXAXnVNgDM0y5bWN+8a34Z+Fc3EKqWzSWeUwI5d2/6iVuI5JFe4P4FyrmdcrdL9OsaVJmScLlLKUBRa45u3WNEqPDmZh1CJcpcrWAB7aWMV5OCZs5g7hknBSi3X139jElLauTHKVuivzKtqqYczC/y2TYCJ3DsUmJMUyw0tg1jY8pttEs3AOVfkcllBW567G8VrEcGqKGqZRLZBcGyjVDt9RGDLk28oTK48lxk8RCkUM7WbYeW29tReJWh44ystvma0vsQf5rxWaHhWvxGVnEtpN9CrDp3tFgoPDeqIDTRMmAAqQN7xjhqN8i02+i3YVxaZ48tWZnvYCZuLb6xdMPrEqGV1N825vGeUvCFRTMtlmFE2QaEH+0XvAsJm0aKjnN2AjYp2aYbrpluo0zAAC4iSlywq9ddoZ0EnKoNstul94k1kFgdgLZhfTeLbNaQEuWG0J1G46CCTOoBt6w6lyh2A6Wt23MFnSflAAAYZh7esXzQRBVVD5yurAEXuLaRDVWDDNqvzai3S0WaqIWWT16e0Qs6s5ioIAtbU7wp1XIaiiCnYFKcEsFAv03hP/DstOUSlA9TeLBLmL1yootcHW/8AaBaYg3AzjTKO/TWESiqCiiNp8JSXYBcx6AbfWBqqcKCbhTsw6RKy5q5dDlc/htDDEip+QZVIsBe9zGbJSjZpxq3yQbN/5DBRmMy9x0AETOD0+aemfbf2PSIamXzKtwwGUNdmGw9B3izYStnU2XMwJI9vSOTgjuybmdKfxhSLNSyyssaA/i5TElIRZCgnkYgk31teGVLlWWAeUZbEWvD2mTzMzFSFIy5Ft+d460kttIyp8jmRJEjbXTboYdWXOJgXS1svaEEW6m59jCnmHODqNLQj2MfIos53zDYj9YNLlte5aEfMIYWHtBpk5gRry21tvf0g0yqY4hGpv5fprfWw16wxxbiKjwKjeqxCpk0slQTzNzNboBGAceeO+K8QSJlLgEpqGkU2afOXncDoO0VkzRhGzFmzwxLlkp4veJiYIs6kwsrWYhMXI03dJI7+8c+y1qJ9QZ9Z5c6e/M1RMHMG6/SLnT060NLNqsRlTKoTAbSpN5jOx2vBcP4dqcSqJbT5DSzMfKZKjLkTrc9487qMlvccLLlyap0uiV8EcF4B8QHrqfF6iY2NU829NISZlzp1I9Y6Hwfw5wOZSmmpKXLIzc2scy494DV9LxNgmN8DeZTV61CNNlE6IL6tf2vHXMvFjQ0MiRIlhgq6toAWtzH843aRYsivIasWHxx6IV/DHCqOdMdamai2tlBsFEWDhCfT8KXQv50l9mb5liPm1E6qu00ZrLYKdRHhLlqqlgL2sTbWOp/Mhi/+vodtTdlsncSUeIT2Eqarva3lm4IHcRHfFAUtUCGXM91tbbvFE4umYs3D+KzsBeXLx6lp2n0ob5ZoUfIY4F4j+2z4z4tiycPUeE0eG19ZP+EU5MxEwm23brDo6iWpg1EvhcHSv2nMHqeKqGkwWnlzmm104hWVbpL9WiweBXhfh3hXwhTYTQhWnsLzqxks81jqTf8AT6Q54NwHEsA4Sw6g4ixYY7jvlibWVqLZMzC+UD02+kTRrpzVSygPLloAVW8cDEpYZOLfFnb0+nT+XssFQwRcqZiijNdupvvAU6zHUI8zPc5gw21iO+KzTFAF1Uai9oksNtPnhs4cWtbYRp3b5HT27YjqTShHUlr2/WJCgpSZllUlhyrLA/UmBlypMtVcp0+Y6rDmlqnbzDL5fXoY1RjGLM7k2rHEmSsuYwm6WB0Xr7wSqI1KanYr69498Rl50P3gsD6w3ZwurHJc6Abk/wBo0yaZnoYVtpcpi/4eo3+kQWIK0yWQRq26jb3iQxCcc7re5vt2hnOmBkYsMyLZsp6xmkos0x+KI2XMByoSXKaZtrekKz54kOhJKDcTLa39fSE2VEmGxJTex31iQp5cuZOBnKxlEW/1WtCa+i5d8iNVWSfgs04XZul9HiFrsNmTGWbKaxUZlUdL7gGEK6TMlzZjOSZKMwReup0iWw6sp5yiXUzQkmWtw1/xdofhqTqRmyXVxML8S/D3EajGpOLUAvVBs6r2cd/pGwcC4xNxDApDVUsyqlUCTVJ/F3h1ilHLmYfMnt8rXKr1J6XitYbVTsNOqg5ja/00g8GPw5G10cnJiV7y9T6enqmBOrXtmHWE2w0IhAsewtELR44s5VzHW2ltxEwMYDKSpDg6+9ulo6K2NiZRQgacSjlAub/l7Qxqr5ip5dbe8O6rEpeoLBz0sbW94hK7GEVWtzk6X2EVIuKpEdiU8TJkxlzEZjuNrdRGZcYYgKcE8rZcz79D0i6YhVMstir3sbBYzTjJgxmMrMLHmvqBCZMtL0ilYpjAlszZlM29sua1h/eIOfjktbgvdCfmX2g+MU5aYxeU1r3TPqTFXqVYTiGLZjqR2iorgcnXBb6fiZWl2z5yACAw7QOJ1MiupirMPluCR1OusZ5V1k2WkqYmV2Y/KovYAnWGcviaaFOdc6klswNiPSNKj9B39lf4wwr4Opzhgw309YreZYtuNVX8UkzXewBUEZR0EUtlbMeY7xtVtGWS5LqrHSy+wPWFBMDMARmPa4Cw2lkMwIbIQNFbe3WBZRlLNLG4trv3PpHhNp9/3jrzCzXuLn5rC+sITqx6SokTEZSqPmPQgR7MQwVjo5sAmljDes8mbIKzXNgDlPQxu0S/7I4H5qV6SRV+LMQOLY68+cVAmoAbLly22FoY06gtKCgsOw3gmMTPPrEaaSzaDMTpYaWgaFQLLzPqeZe0ey/Z8hXCov8A4c0Px1ZPlM2YK3mBSdSI2Cbgq/wpJuXM6gkgjboCIyTwzzrxJKkllCz0tL9+oMbrNt/D5a81yuXKN1IO0HZiyWQvCfCL4hiklUTOJjixA121BjrHw74JkYfh8tEl5HFjmtYj0jL/AAl4flsPiH/zC9jYdY6U4do1WXKBAuBrpqbdYLkV21ZF4tw6iybmWDr8pimz8Jl/E3XK0pTrm1KkbW7xrWKU61Ew2GoWx9feKzMwdfObQDqNNow6qMpf1ZW1WVqlwVahfL8nKuW+dhYnvDqTwRS1k0TZktS4GlxvFhWiEtjdtIfSZiy5agaa3b6Rz8eKTfyL2p9kBMwGjw9Q5Rcy9LQvhs2lnAqFVOa2pG/eI/i7FfJpZxv6H094x9ePKmhxOdMb/KUEEX0Bv0hWbNHBPhCpZFja4OgVo5LMDoNQTbW4MPJNEiZcijl0sOsY9wt4pLXVsqSzhJrG2VjcG3aNmw2YaikkzSLhhmFukdHBnhmXCNOOccnKH1PKBZVHTm0HptElIl2UAEXAsCf1EMaeysLMAWuAO2l7/pD6Sy+X8tiNbk9TvDxyFbXXKNFI6ntEbXz1zPZ7i9zpvbtDmoqeQC3XrpFU4gxgUqsFNgpt7QMqgrDVt8BMWxAZSAQt9tYrs6qy3ZzYk9YZTMWeYzMQPUdYaTarziVByruQdSR2jnSnuds0xjyTtNX8psd+hMLfGOzWscp69ohJFUklRpYhb2OvtrE1Q1EtwRpfoT37QO4txokJN/LJuQtt+sR9VMb5VWzNfLbcw/Dcob5e14iqpWchkbLr9TGbUP40asaQjRywZtgM2QZbjvFgwlf8sk2U3KsPnuOkRdNT6Bei6r0t6esTNPMFPY9tBpuIyYf+fZrlyiyYep5LAkDmsx394X84MFVds19IZyK5GkZtVdtx6Q6kzRmz25jv7R0dykuDLtZJU80ZlGUWvpaH01QxAAIG50hrQleY2ACjaF5JYrMZjluLFL6wPAXQIkmWAzW3sfTtGZ8deLVFw+J0igMuvrV0aWDojepjR8Tms0mYqNlZxzW9v2jI+K+BcHacZwpGyvYTWlA83c+8YtXKWONxE5lklGodmQ4tiU7irFZs/G5tVVVcy3krJB+7PSwGkSlDwNieJSUVknS873aW6ZSe2vtGv+F/DdDS0dZKeSs2dLfNKmzPmC9NYs9VSidUZ5wJdbEARzPHLLjU2cSWmad5CicP8D0uEBVehtPIBIOoUd794ssnhynyF0korFr6D5h1vE6GlSQwuH0/ODLOHmZZaZQRY3OkFtgo0zQlGKpIQo6JZHyoJWXQZf2vCpyIpAVQfSEKqqbMyhcoTTQ3Bhj8UqzOecA4Fyg/b3jFLPHH8UHyS9PObZtSxhSpkOmHic6kKzZUPf1iqTMeSnnBi5bKwNhtC9ZxdOqKLyndTILZiCbZIZj1WPa0wqcQWr1o60VAblV7OD2ItGFYb4L4ZQ+LWJY/Pky5s7z/AImmAtllAjf3jXZeJUlZJnqt3EnQs23f6xVJ1UK6tntKLeWwIDZbA/WGYZTUE06OhpsKySUmiUmYrLWoaRKmK0tTmmN1JhxTyZlVMJGt/wARFriIzC8OWZLLTG0ljRtrnsRFkw5glgQza79I0xW58ndaUOjzYc4VSCQV7ftEth9OZSrlC2ve3qekO5NP50lQeVb39DBZ0xadMssZbb37940bPG7QPk3KhR5zJLEtAQCB82wgtNVTJdzb5tNdoaicWl5Ou5ZusC0wywQeRiNO0FG5SB2pLkeNVAkqhuFB2O8e+KDyQrMp0sJjHmB7WiO+IlKuVmyTL6HrHplQJc4Oq20tfcH/AHjYqQqUOOBZqbchjcb5tyTDWstJz/zWsQNReBacx0uQT+kNagkSwNgpuB3PeE5HxwUr4GLNdmRhZW+Wx1BiSu0iTKexK7ke28MEkNOvckG97xLmSkynKIxvl1B2+kLwq2TM6K3x1OpKPCviQ+Ri4ZL6ZhFeoq5Z0rz55VaWUb3t8x9Yc8bYHV4tiVJStNL0cwAghdgN79od/wCHx8DOo8jFfLtlB1tbeCyJ9ovGo7eRP/E1JjOEusiYr5WAmAH5SD0MFmZJ1OPJYXByC/UxnXCK/A4fW0thbz2BXoLHSJmXxCZtVMkuGTKLHQ29hB4cjk6mZNVhSXwJSfmSozSyRbQHrpuIUXEHl5WUmw1FunoYGVNF2Zl1ItrusMqqYsubYtoRfteOhtSVo5H+i86qmzFUlgvYe/eIisxRpcywta+l9RpDlmLAqpsQNbG/5RA184eZ83LtqIC+LZA82tadLtbmP77mKfjNODMm55eVDduYgk2iSqMU8qbe1sr6L1OkRVZVS2ckDLm/m1t3BgW7DSaKPjmHs0hs2k1R17HaKhiFL93mC28sfN1PraNDxJZZmm5um/oP9oqVdStLVzzOyn51GlyekHF8UR/ZTKySjrmGbzCLDIN+tjFdrpPl1RawUNzLpoQen0i5VFOaec2QF0U3uB16xCYpTZZd7K6a2B/B/uTD8cvRb6KpMb4WoBCsUHKwbr7QXPTHXl/KHdVSsqlbrmU2zLqCf7xEMvMdF/Ix0IvgCrJJWHIgfIDqban1hR7Zg2Xc8zWuoX27w0lsZYsACNs1oVDBVZNyeXNfS3SPFUfcLY9oZLVEzKBmKoLkaFSTGhYx4a1Mnw/n49PkZUlsERFAsq23J21iH8OuHZuPYrT0+RjNaYMwli9xfeO1vEPw4WT9nPiDDVlZnl0fxFiOa49Y9F+N0ylF5GfP/wD0Gue9YYs+YWLy/Kqp8tiABsw22htQ1TeWJSKLMNWvYiHnEEoyqeU4e5OtwLgagaxGXWnnKSAQxvlvpfufSOseP7ZfOEqz+G4rRz72KkKeyg/1joyS3xEuTkN1YKSgHzX9Y5Vw+czSyRmZt8p29I6e8I8QXiDh3DieZpbiW30MHZkyrg6P8O+HwuFyA2ZXBvlU6ehjYcJlink2Y83ftFU4NkS6fDEVQMq8pHX84lMS4gl0oZRa98sDKairZnuuScqKpBe7XN4YirTMdmOsVGox+ZVAhLkDe0Dh86fUuBcmWQb94571cLpF7rLBU18pMx3I302hnMxJ5kokDLmG3W0FwzDHmzmLNdG1He1trQ+rMM+FqJWVbsSGa4vv0+kU5yl0WVfFqCfiUp2ZeQC5H83vGUcRcInzpiKFUzGY+WdrdveOj3oV8gBgA36RQuKuFXrnYyxZvlBPTXeEZNNudsTkxXyYBg1HNwHiSUJelMh+Ym5U9Y654ZqEn4RTlBZWQENfU+sYuvhm1XXLNeSyqDcKNh6kxsfDOHGho5ctieQW12gdLiljkwdPBxfJOrMIHKb++8emVBBa9tdoKVtoN4j693lqxU6x0HJxR1IpMGurgq739CYqeMN8XcM2UMLG2usSnlzJjGwa9rwV8Jdr3XT03jNKUprkbSRSqqleTclOmtjtf/ghtnOiB+ZTe9tDFxqsHLyyrLmbXm7RX52FtRizrnQm5/vGOcGkPjT6I5syqAl7fMw9t/1iWwUNMmhSTcdOhPeGkmSaqYF3W5HL0EWnCsJCIcwuFNwOn5wvHFyGOoqhw0sZSgudLA94i505ZdUuc2N7ZenvEtPUy1Obnyj8O1orOKVAmTLLYhRbvCdXcUNwLcyepZ8vyROzXa55W7Q6oagzpqId7FubpFXk1DZX3ZfXZR6RJYdWZmOoI/p2jl+R2jf49vJdpXlLKDEgdLHeHVJdpwY3y7H+giFoqjN82UqBfXciJSnqDyjVsxFj19o6mLJGSESTJd5mV1l/OWPMNh73iVlS1lqFJzNvcG4I94pHFFe9NQypa5hc8ve0e4F4imTqz4Ge+csLoCdAO14zvXYoZ1hZjlk5ovFSsuVTzA6ljbTLvFUxBDmDqGGUWJHW/pForZw8tiDZFuWKnYRkvEHHEwVk2XTENLW4up3ML/IavBgjyEsqgtxY+G5xp8emSSuk0MqKBb2uItuA4JN4jx1cOlOZbAFjMPQdrRhi8TVMqd5qXScpJJuc2moiQofFzE8Dq1xCbNCMgCiZex7/AFjh6f8AM6dSUJrgwZ8im7NNxySMJr59LNbK8l8hHoBvEJMxphKlhWVCNe94hW40Xiu+LNP8+ZUXZ+6ttr2EMnrNbAKuYfLvvuYw6rWxnNyxvgqKVE1V4sNDMmEhtPuxsIYTMUmM9guU6WY7kX394YTpjBWHKCBqAdDYdYi2xpAwXyrhluLNf6RyZZZSdsPpDziTD3xBlqpFR5SjlITvvcxmXGPGmJzsQ/gtCvkCWQJ9UQcrDcG8W/FOJqeVL/8AJdZEoyixubXW9iLfpGa4ljR4gnzFppapIvygNoANrmOjgfkRs02CWWXy6Lzg3EVTVYGLFZcr5Wm/icjTaJXB6otT+WAbg7X01is8E4HWVytNqCVlJrLC6KTttGlYDw+1PJUsnM3W0ehxRm0kjtqOPHwhnhNHM+KLlWRS1zr80W+kpxKl57XPUdLwSlopclg0w5souIPUVT5jrZfQRuj/AMuwv7DsVJy7n0XpAN0u2e/UmGRqCstdfXTtBpU5GqllvZJMwfM3SGRTyPkBx2CjZ2mBU001B2X1j2ITTJmIEPmC1iG7jpEk1DIabLWQxnsSCVvtb1h3UYXLenntMXy5iqG8tdwY6cNNtjZnnl5oqrXqGCquQ2OkPaNBT05LoCzqQMx0B7+8NJpMmWdRm112hv8AHjKc0zQC2p/WM97bGu5VQ8mVC5iM2oNtd4TqpisrXPyi/vEbMqgtnNjfdoIk0+ZfMW6+kYsmX0GsdcklTsFYtoRa97xF8UcSJw5g87EZoYyZS53F9bDtCs6pFLQic9i9yBY94y7xKrqziWsoOGsOBedWMrz2GySxvftDIScVwLjBZMnJovC+K/4rw2nryHpkqjmly23ybwGJ4tLScyNUEW5CwGpI2HtEHiFdIwPDkopE0HyVWTZDroALj8ohKrzK5bh3A0Jb0/vEnkqkW8MU2yPo886sr6h08lnY5pY+X3EPZVEfME0KSrALZjpvvDvD6MMrl1LpqAOpg7qqsuYEFZZYdAANoVle2mgE1TTDUa+ZLBUnRiCzHUm/WDzqXNzDmN/xC+sNMNmPnmLsQ2YnoYXqqx5MwKVs2uvQdY6+LmFM4GVRjJoQULJJVrMDqL9TEHiOs08wf/SRoIcTKjNmIuuYahj09Ij592JsOY6C/QesE+OCk0VyskvfMw1tfN1v2iIqm8skt6A+uhF/zixV2ZVuVGW5OQb6aA/rEVPleZa9iCQfp2jO+BlFcqGDTLleW3XcxFVUkspBOVm5n1sLDYCLBiFOFU20K3vp3PSImqkgzATzMoOW+y33Ji4yrsjRWiyy38y90Ycy7gb6j1is1kozMyk5Mpuwy3v2Ji5V1JLkgKqkpbU30PXSKviEnJMY5mK3uG6t6frGrdQFFMrEKvYqoS1hYaG+pNu94gW8zMbU5Iv/ACxZse/8GXNmMucytcqjme+iqB3J6RdcP+x/4xYxQU1fKwppUqqlLPWWzKCoYBgDr6x0MUXJEcoxMptly7m/rpCitm2RWN7HoNe0IqzZdDZttRpf0gy3+IkEIZpLWAOm25+keRStpH2fJLbFs6V+y/gcvEOKaUGytKI1636X9I7B8YscpsD8KsfmTlVZLUz05lE7sVtcGOUfss1kjC6ipxCdMTykW2YnS3/cOPtkeNHxXBVFgVKVWdUPmmqrakHrHvNJBY9KmfGvyGV5tY2/s47qKNauimJnymWWIV+oudLxVqiQZaLMA5G6n+btFhWcJUyUmfLLmEXCi9wPWEuL+HpuC10ti3/jTkEyW17qynqPWMmKSkjTqsfikn9kfg9R94A81lDaZiI6A+zxxVJw7jBMJxGcEpKoq0qaNBm2A/OOdpcwylExSCD8oP4feLRglY87yp9K4l1FOwdDre6m9obXJz8kUz614HRtT0MtCq3IuAvUxGY1SypbM+xtmIJ0BvFR+z34uUviXwHSTi6piFGop6mWrDMD/NBONOKjMr5lPTm2pUEnp3MKyx3ROa+OCfppUmY3z2sbjL/aLBS/D08sZWATqBvfvGPU/EU/zM0xs7AWzIbbaRL0fFE0sAJ1nba+0cyMIxfRcaNZWfKlKrixa+pPb0hyKyVMZG5Ve+jE6n0jN6fiKfUKQduh9dtI9Mx6erHK+bLoP6mNSyxSqh8ce402dXSvLAuAq/Lm7dYiqqskutmCm+rMYo0zHKmYpBax+WGrYhUN800m0DLUrpIesfpl9TEJKS9VUgg313h7T4smYBTv22jOadpiskwObm4Oun1ickyZky7FmtfULv8ASFxzP0hqxpIu8vFkZdSAfSG1ZiEqadDfpaISlo5sxtSfSFPgZqTNTcQe6UlyiKiepcszKQtha35Q9VLjT6wxw5RLUXv31iVl5NCPlG3f6wS6CsbNR/dlr2t//wBRBYxIlMpDIBcc1osVVVJKk5ragW/3tFVn1AqqhlLXHU/zeg9YXLqg4jDCcNzVRCiw/DpvFkelUSgguCuwGwhPD5MqTmyte+p9PSHFTNXKwGl/wxIQ2xJJ+yCxOcJEsnNbXXsPWKVPrG84m2YXBbL26xasYmBrILAE5QTtf1iEl0stWzNpe2vvHB1cnuo6enhxYySqKswZSoXV1vplGxh5TVwNhL331FrxF4h5omNZOVrc3ttBqacPLRwLWNmbrsdh/wA2jkylzSOptW3kvGG1XmqMzgCwAF+8WLCZoacM6gZT63vrGb0tT8sxGBK6X6XEWrBcZDLNvqVAY5jb/hh8Mqgm2+jFkWxNhONMQy1zKH+QEIb3sbXtCPCeBpiVLPn1Fa2HmwCMm+YgGI2tqfjM85Xusw2ZSNQL9P1idwlZdPQpYZFb8h0v+keXeVZtW8r6OC3udjufwVVzJDmbjc95DEk5W300iBbgdKaYwl1VltdWI1v6xZpeKrR0jly7DbIOo7j3iu4jx1R4fVLL8rPzXM7MCE9Gjq6mOlyRTm6NCjBq5MpHENLWYQ05nXzDYt5x6NbTT3ijYlMn1GICROnh2aYFTNooZhrYeka3jVbRYsrVRmy0luG5c18rEaX9ox6XTlcXmT8UScE18tlOht+MR5yWlhHLug7RzdTBQVxZZqxZnh/VU8ygrkxKXMkqa6mXZLnp6xZKPieixiQKimqVaWRYqSA8tx0t2igmhbFq2rCt5nKQJuwJtyiK7i/DdbSipemKy5iFiJguAoG5PeOotOpr4o6+i0vmw3I1us4opaNvNnVMpbgm7vpcfveKvxTx5gjUBtilPSTgCV8ptb2MYpxLTviGB1TrOZZ1OSBe4DW2I1jNeFZbcT49SYe7lLHzJjN2vrr9I3Yvx0ZQcn6Nv8GK9m1TJlfxBYipNQHFs5Ym6/8ANY0TgLg5qqnMypDsq8qSpYtmt1PpDXw34TGKS5mWUBShrZiLZQNrRs2EUMrDZay0TKF0sNdOkN0+n2f4dCEVjjSHWB4T8LSgzAqm2by12A6RNSKnyWcZr6c3aI6nZqjQHINST3t0EF+OEtXVF+8blJbbUR24uMI8AODkyQSoTKWmHO17WG1u8RVXWM9XLDaZiQuumkek55tyhOq5bjW9oRpac1UwHKCV+a51t6esAt2T0OSUV2S9NMScyDMFLC49+oh5jGHy1p0vMycuYhdQPrETJw9lZrFhNT5VPXteLdw5j2HtQ1VBNlyw8wZnmOb36WU+8dvBiTTUjHmyOPKKhhddMwvEc7ZhLzc+u/aLPiGPUeLS/Nls2VBbIumvqYrXEuJ01HMVEfzJZJJVrA+loaU9fRso8t/K6m231i/IsfxXIEoeRKYtWVSzFmGWh0NgG/FEdOmFpnl3N2Gul9INOqpbs4k3EproCe/VoTnZUUEnMza5R29TGLInJ2aoy28BGbKAEU3Byr5mxXrBHqvLmHKDy/K3S420gsyZm1ZrAbQi01LMl8+lyP6n0jG426Cv2PCwajqZk9S8mWhYnYE72/O0ZjhdROw+dXV5Y/G1jWL9VT+UdotHEuO1KyZdNQ04ngG7jNozCGuG4PPxWYtViS/ClhdJIWwjV43RMSUbchDA8DquIqiZNnGZJBF0cDUkRc8QmYHh/Cfk06smKSjqzfK56mGdZXy6ClWXTuECi2UfMYgMYqHqJcvMdGT5lIOvWL+MOO2Z5yeaX0kOJczJhazRYZteut+sNqqsCU+gEvK1tea4hnVYmKehRJrZkUZFVdCesQK4kaioaSWZy7A5UPy2O35RjlLdJKiklGLZeMDK0clJzJnLa5W6+sJ1nlTmaYwudt9LwWhSdOoxlDZFSwvrl7X9Ij2SZMmGWzEKBcg6X9RHdjcYpUefm1ObC1VLKFOHtnmk2IP4R6RDTVy3IbMmwY7xK4gyy6VFlvYbF+sQU+auXkVswNjm6ev1hUpWRRvgaVgLa3vlNi56CImoDq2UZS2uUKN+0SlRlmKVZ7BdTbr6Qx8wU8wzAqltE7hT/wBRmdXTNNVEZYhh81aeS7gCYRcdhfeK5OkCVmXTIOUO27ddouNbiBq1GZsgXew0MVWumZ5hsO/qPeJxYK5RWMQULMbLylW26DTf9YgcVbNLl5TZVbl97a3i3YlSicwl2O99t9Nj/wA6RH8J8E1XiZxBU0dO/wANw7hCifjOLObS2UamWh6HpYRvwxeSVCpNRFfB/gLCMZr5/HnFz/B8J8Nn4ihlN8uI1S/KCeoEHxP/APyBcXzsSq3p5xk07TXaXLRTZVLGwGmwEZ746eMVNxdOp+GOHFfC+C8IukqSpssw9X+toxhscowxCUxKdD6R3INQVIwtOTst6oGaylrLds1t+0E/ybswYOvIGHr0iQaVmBDWRnaxUb2G0NMQp/uQUJVjcC46jYn1jw2J3OKPt+se3DNmleHvFzYbgkynFpfVl6RnPitjc/FqxGmTDNMsdensYUwrEHpZMxsxuosdND7CImoop2MUlZMds8xBn0HSPbJvYonxyVPK5/sg6jWnlCxBtfKDvpEnSvK4iwqfIrC8+uUKtHY3CL1FoaV0gfw6UQQbWz+3pDLC8SfB8UpqyXq0p8xO3LcfrGKKcJnXyVmxWRlZRzaWqaU8rJNTeVY3W380K4XXtS1CEHKL35Y1HjThpOLcNkcTYAfuZ3LVSVN5i92I9YyqspXpZjSpimXMU/Ll5gOn+8b2ubRxI0/izdfB7xQqvDnHExujuKF7LWSFHQ6Zo6Yo+JKfiGpfEpIlzKSoQFCDcW337xwbwnxE2FVCicFmSyCrSW1Dg6ERuvhnxiODZiyC71XCtYwsSbvRzD09FvC3GzPkx88HQkuWEcPJJMtjcabw8W0tgUAbrl9YjKOd8RLlOkxZsp7gTEN1YDa3paJSXJYWU6HLr216RinGuDP0yXlznVQbWRiAcuyxIUst2Ct8111ER9DOlqwWYCRawy7XiSp6pAzBdMpAPa0ZpRs2R4Y8+FDygcu4AzdyOkKLk8vQe8ICobKDl1G/p6x6XO59vYH+sK49IepA3Ethl2/vFmwSdmVVJ5hoDFUZmym62107/wDUT3D7GXUZXa7N83Y+sFj4ZbL7QyQyhQMoGtodtRqwNhv2hChnDKuoItYeoh009JfWOnGIjkamU0tr6ONjfS0AaoSpTXOU+kJVeLSZROc3/wDWIKuxQzrgcqdLQuUoocrfAbEMWabNIEy3S0I05Hls4Ckqb5zuIjJgeYrm6q7EWHT1+sJSalqdjbmDA316xhlPkeo/RItikyXMtYt+94kFqfOllsx0sSGisYhWCXIzroynNl/tEBM4qqZYzA/cg3K9R6wt5tvA2OPciz4vPExgu2pIA7RFrU5nC76gc28QbcUGpp3dVIK6Fuu/SJGin5pKFbMzH5txp/WOVqbnyb8K8fBJrh5xClmX+VVvzaa+kQCzfulF+ZucqynfURZpeaXhk97lGba+ovFXmSZsiT5sxJiyb/5mUkD39I5M01RujJe2KUzTSxRQGTUhNrXG8SUnEhJw+UOVvNbKZZvcW216RByZ7TJZKOAGBAttlHUmFcNkVFZmCAK2YAMxtmtrtHM1u+OKomLXS/5/EslJLaorFlKc9iLrbmXuR3EXGdSlVCqMqKNQd7RTeD6hFx5GrCQFJDMp1W/T2i9YlPl0MxFlus9GGYW3A7Rn0GKOyU32edhL4lH4w4iqKVBRUD5ajUmYy3G2gjK5mMT2E3KoQTNWWYNc25a99Y2fGpNNVo0udL+4a7E250MZlUcGy66VNZZhpJRvfrpsNI5uowZJSv0DkjKVUVBcSVJ0uWkxnmzwbLLuc1+8WbBaWS8uX/E/Mm6eWsiWbiWOxhvw7h1Hg8xi+WdOZvLS2uRNhr01ix8L1y0uOVcp5ctzMPIrC9/T6R2NBpFuTkdbTaFbN+QJUYxQU8ryJNHMpUcaM4007QxxKupXpZjgy5rEFQL9x+0SPGOJSKSjaUwBAFlNtRftGCcY8XTqKYHogqLqCo1vbqY9K9OsPKOzg2tbYoa8XVsqnrJyy25JkvLMXcb9omPs++Ec/Ea6ux2vV5UmZMKyVK2Ur7dIh/DXh+bx9xBInTadhRofNfMpszHYAx1fw9hpwin8rIzZdG0ta0Z1vdo1zSih9g2FJhlGqSVCIhsQo02iUkymmS89rg/jggzybO65A5vl6+8OKqoSXLV1HIB8ojVjxpLkQ5c0hOZelkg3uBrf0hpUHzlQI3l+Ycyf6/SEqisE4rrqDb3vDHEaqbSqGTmZuVSd7dTB7E+Q4pse4NXLR4llnjy1U3Kt8r37Q7m1TUWIO8wKmXmIG2U9YjMPqlnSQ5U5gLKCL+sNnnTcYqllmYq7r2PtG7GtseAGtz5LPXY7LnXaWbTGUfe/oBEFR09QzsXmB1AzFf5dYQrKCdhMwGcRMKgDL3/6hpMxhrESwJKsNB1PeHxb7YnbxSHmKS1rlzOyl1Jf2B0tEes35ZSgIGFgf9UNXqQzlnJDHXeHNExc/ETQGb06HoYrZb4GbtqolZamWljdiOYltNYBpwmPMJNylswH7xGriU2pmXVlV1/IwdpsunpfOLX1NlJtc9/aKkvQrthMSrjT0apLOVmOj73WIKZik6YqyqUgf/I3ZRe5MNK6rm4tUGkpWzta011/B3tEtiMuiwjh9aZJmSscXYMP/wBf+8I8dux3SHGB4ZLlSRVzpy/Dh7lidTpvaAx3iqQslpNIpnudBMbsOw6RUZmJTKLDmmz6jMCQRKXdR0+sRIqnq7LIBQvcl2vpf+sMpy4FSfskp+MPOmS6d2AeY9kZdyPWFaeZUUuaUczmcCqFumusQbJ5BWURnnMLhz6bxZcJmNikuUi6zgbDXtuYW8fySQiU+LXAnWUxqmVRqwW+XtrpFLnB8Nxwkk5m5rRsL4XJFKeUbXOX5ltGX8QKrcQM5Vgl7FvTtByxKDTExnvTRq/hriFNOwSdNmkNOX/NVjt2isY1VK1cVlPlAF1X+a8RfD8mZ8XUeRNK5wGKr1ttClVJFO7hjqT13vG2c/ikjkbUpMLMd/MClslt/SI2dMyyiL2sMvN11h+05Wlhpw+Xdulobz8vktYZyDe56doyS5Dj2Q8yYtwDey6aMD/1EdUTmZ2Ci297Q/mS+Vywyvpm0/WBxClk08uWiNclecne9tPzhX+jZcdEDUM0uWACds2vYRG8yzGyhmDDUAXPof3iVnrmlkmyKBq7myoOov3iImyzjkmbV1FUMF4blHLUVzcsyYBqVQfT9YbixPI6SKclGIzw/B6njeun0NBVLR4XSrfEcWc2WUo1IDfzW0jO/Fzxmktw+eDeDycN4Op/815YIese9i7nc3tEN4seNSYnh44c4ZH8K4WpySVl6PVHqznqTGI12JPVkSxeXK3C/t/z1jvY8axqkY5Pc7YfEMWaqJkJZE2YDqBtEZ8K/RzaHcqTsz8qr+ZhfMekmHcFUajlA5QTmyDnOoIv+8Eqh5iAKLZyuZQdbx6VOXlLtZs4zW2I/wBob1jNNMtQbNMN86683Yx4nTJvKj7J+Sl/8aVEe1X8LUVS3tMU2zf0ia8OD8RiVTTTCtp0l9Trc2PKPWKlWTn+Mnl7GZmtm3hzwlib4bjEioTRlYWBOmuhj2q4PjzDYtL+FoWVlsUJT/11MVWsuqmy3sLi+xi1cYVSpVV0qVqsxyy5jsfeKlVTC1OWzXsMu0LyK5Jm7FOsbiXjwX8R24D4qWZMlpU0FR91US3FxkbcgdxG8eJH2SsQx7haRxXw9Vo2CVmadQ1FrvMc7yn7G+0cmU90l51JzSiOm3946z+zP9qg8HcPT+DscRa7Aq98padctTOdmX69o1xrpnJlf9kcr4jhlXw7iVTh2IUz0OI0kzJOppgu0pv7GLFwfxpNwOZMlMonU09clTIc6EdSPWO0vHz7L9J4hcO0nFGGvKTFpi/c4pKOaXUgDSXNt+L1McHYxhNXgGMVWGVsppGIUzFXlEa+47i0BODjyg4S38SOmeB/EJ+DKOmmS5hxPhiqIUlTmfDz/q/0xv1BWycToqespZyVFLOUOs1DdSO/+0cC8E8a1PDdYkyWfNkTLCbImC6TFB+UiOi+A+OpVPSrX8NkPTl71eBs9zLO5Mv09IyTjupgOKi+joGSyiXlIya3APWH9GBJuovcgHJe9zELwjj1BxVRrUUEwTGvzU8zSYh6gg7RZ6My1lqhJuSRfTvtGSUWgr+x3TS1qmNiAW67X9IUqMMWnYNnzBjzHoD6wSXLaYBlW+mY27Dr7w8SnzKrymLsADkJ/wCXilFDY/IJ/D2mNdjZwt1B/EO0P8IUTGTIABrfXUQSRMarVkUFXGpLDUekSOH4S+YTVzS9tIrZfKGOkiw0ImNLUkiwGhH7QNSZku1iLHS5MHUGTJ+fTc9P0iCxjHUpWKtr12h85qEeWBFOTpBZkovMJJy62Kwj8M85WAGoJBPcw1THkrJgGjX05f6xISaxFmBQwIGii+paOa88JcG+OCSVhFwhmyDLfK17Hv3hc8NsGOpLNZtAIeUmJpJmDOOZtAD0HcxP4dUU5kXdVmSj+JTzD2jTDZLoRk3RKhUcPy2ljOMxXuIpPGHD/wANSOaewYnVgI2WuwlXQ1FLM82Wm4O4v6RU8UoRUM0shSdip9YZkxJx6Bx5Gnwc9U7YjR1UzLLZiylWT30usXvA5nlypEoDKzBQ1+jQn4j4nScH0fnpJEyqmTLSl6iM6k+NT0dWFq6eW8tTmLjT9e5EcTNKOPhmmWtxRdNm3TKrJSrIYeXZiWY9os2B1mH1lKqybTacjKyTNcx/tHP2JeO2FViqolPKfKJYJJOnciLp4V4scUo6+uWblp2YZFY8ttdR+UcvJ8o3EGeaORfBl74v8PZEzDZlfgqCVMBJmU99GXc2H0iq8GrUzGmzJtO8qTL5PMmaAEnTfeNJwPHqeqp50uZMzJksSNbdLCKn4mUM/EMHRaMeS0h8zy5ZsHQXI269fpGPUyjLTc9ipaificZENOxKWuMmoDBQrBWyr/KdQRF+ZHmSPi5Mn4mnOuh2vr9LXjneixidIqpc4XYTMwvMJGc9RbpGlcP8TtMocsiYQuzDMdT2tHnMOpUE0zkYpU/kWnEsWokp5ktgyTWFlZluGPT8opAApkDM7IGZmdmNiVtoT2F4m6uueci8qy5luUW0v1ForuNVTJImMUzs4Nly5gBvY+kVl1yklFI3OXBRqKomzMYqc7MAzEBV2sNQYmqLEBIq5k1JiyJq3yk/LfsD3ipYvixwvFJDTLDzRmZdrKdNIpHE3Hi4bjU9JJe1gFW4IU+oj0Oki4pSZ7rBgU8SL/xJjdZijBJcpqipYZpUlRcg7G8QOF+DFdiJQ185paXDvLG5N9REv4XYbXYpMn402dBN+6lqBa3ci/7xtvDOGp//ALj5iulz19Y6ksjy8CNqxWM+CeEaXB6VZNLI8mQouVtYxfqKjFPTlmQFt9T1haStPTUqC1h1PWPTpgyqB841tvGyGHYrZlll8jCT7+WC/Mdyf6QznsZktrKAF1a/QQhjE801OzmYVlgXy3/SIj+LCZTgEMNcq662t17xbQ3HG+SPqMSWir2XN5i5swPY2tETiWPvNnhcp5ezfKP94d1VCa7Rfmvcn8UNjJpKVfMeVmCn5l1uPWKhCTN1xgiRwuuZWSa6smf8O5ynraPVAWRiMypBKlNmXrbtDZqpVHmjQWsGUan0gJdQa6WhzZsx6i0a/wCvBjbV2OsUxyZiGsx7i19N7WiMnVbZgiEZ2OVeoGn6QTFKyVLxJUAvIACTF7E7wwnzPvpnk5nVebMRYKNrjvDFGUgE0iRVR5wZ5l2C83fWF5dUGEwXyIZmXL394g1YTrSyW8sfMw0YgdoctjBmS3k0qy3myrmYznX0MaYxUUJk9zHf8TlqzKRla/It9/aJD+BzcQlzqTEg1NLmS8yMpuPQe8V2lqqXPLSfVCbUbjyl5QIs9LxDQyaczi2aYp5Jbtq5EZ5zSY1Y3VjiXhcrBGWpSzLKlAlbWzqO8Z/xJiE/HMQmVMtciTmubG4QDpErifG0zFKCqoFXJ5zc4UcwA6CIKnUUFNyMMut2337iKgnfIqUq4FZNEzSTMqeeYCM3r2Ij04zKGnLJJ+U3XoIaDGmUzPJTznAtzfKIi/iK9ZmedMM1PxK3y39oYqiJcmwtG1RPxhZsxGzMTde5jQcDw0UM6RNIyicCVJN7ekV7BZSPMluzZr673t6xbcPo3mVEoKSZN+Vr2AO5gFxKzLllaLDVTkp6ctcABbnXUD1jN6rCZk+tmVAknyZj3Mwgxq1HgMvFAxXEJMvJ0fc2HURXeI65JLGgM1JpVbp5Y03i8nz5YjHLbwQHBWKUuCVlRNaX5jMmUZjpeGmKVUurrnnrdUmc2W19IRqKeTMmtkYK62IXYX2Jh2MLWnozMMw2J1HS3SKUrjQiceRhXTFaSzZAFCa9jEYtcDlVxmGbMbHuNBElT038RmCnDBJKHO1u3aInGqVJM5fJUL+E20/OBcXVoCMox7PPLNSz5SzZRlz7X9oZY1Op8Llo02Yb/MZZ+ZugAERc7GnbLJoWRmuVNRMP3ctRuYz/AI48UsP4ZmTUpKhcWxgqRNqnIIRrbJ0h+PBKfJJZF6LBxDjNBgdIKziKeJdIOenw2W3PMPdvSOe/Erxgq+MqoS5t6bDqc2pqNDYL6m28VDiji+ux/EHn1FS02dc5rHly9orOWZVzFDcwO3rHWx4/GhDe4VqKqZWTMxNztl2EekyVQEscovsesKrKlSxe22m1zeJKhwlp2WdUDRfwftGhRQD4QnR0JqLzZqssgDlB3v8A2iMbEHVmAy2BsIs2PzRh+FsLWdxZR6RQmluzE5v0imqGR5XJsTPN8m18ul7m1zfTSEZ01p1TKlSpu7Z7ba+vrBJswKouy21BuNrbWiJnVwkstzZmYFcu4tHktLjbmmfUvyeojHE8Y1x6W1HiU+W7XddNOphhT1ha9jyqenUwfGJjtVNmOZjuxO57iI5/uxdCACMpttfuI9UfLmqdD+qr2rJZac13K2yntEbMcrJYfi7+naDLZpZf8OxLbiEZijLY/UGJw2He1WOsPu0tgfwkD9IGVUPRzkmpYNtl6Gx/eEaeaZCk2vmOkBUNmUDKQLXHqbw7sz9HZn2bPtRT+HMJHDmKL8ZgFYwlT5c5rlQdMy32IjVvtBfZZ4d488M34j4Ml/xSr0miZJ5p8oX1B76R8+OH6x6BpUxToSbgdY6T8GvtRcQ+GqLJpZ6zZDaNJmfLYi31FobiyJ/GQOTH1KJzXjXDlTgtdUU825nU7FXsMv59ocYHjtbgtVJqaWe0ichvmXQmO2OJPDHgH7RMs13DOIJhPFlUmadRzABJnTLa29Y4/wDEDw9xPw+4krsIxSWZdRSvksvMtu4PaAyYnHlBQyJ8SNe4F8TqfGquRVGf/CcdUhTUK1kmdsw7mOiuHePErJkuTikoUlZoPOU3lzOxv3MfPqhqptHNVyMzbFdrjoY1DhfxoqsNneRNQT8Naw8iYbkW3I7Rgkr9DZQS5O+ZeICXS/d5WDMCGU6EdhBZE+ajEpYAkFbd/QxhvAfifIqJK/wuqWYky2ahqX+UdQp7xplLxdIrkWWgamqjvLmaW9oyyi4FRNFwWUfNJmHzSwu56xakmKirflFozbBccellkz5gBseWHlZ4gypCPcBHHLLsb37mIsijGmMWOUpcFuxXEpdPJ5nVAdnbaKVik6XiDTBKYuh/ENve/aGFHjC49OBqW+S5Vb6Ed7doljLlsySpEk3ZedbWFuwjBlyPIjp4sax8sjsNw/yUE/zTMlknmUWtC9RXGTU+alQiACxBH6j1ibp8PmNTJLLimlsLhVFyB6wnSYPS07O8xBOmIdcw3+kZXi+jZ5IjBsZqKrKkmQ0wNYibbUe/pEnT4vVUrZVFgtgW2v7Q6ppwlq/3RGbQEaW9LdokKOhNVlZ8pVBoDoT2go45L+rFTnGuUILxs1D/AJ8t5bWN7HcesKNjNBicrzJU9JeZdczAEf7w2r51Kq5aun8x72AO0Yt4gcaYbSGrpcODz69QVYymsiXOtu8MeaePiRgzRxwjuKJ4wcVfxzjSoEmeTTUgEqVmN1JO5IjMcQqJte8xAq+WtxlUarbQm3aH9X8Z5s1AnmIAxDXu1vXvEFNxubTeWk+jPlm7JY6t2X6xhyLySs8vOsk2x/Q0VBU0NQ02paRUyyCmgKsp7COhPCXzKTgeUJTtMF7lv2FvzjnDD5ZrpwVJeYIbZCNQoPTvHQXhXiUv4Kqw5piZribKKiylbf3hS4TR19Hirlmg0+LNRrMqDlVpaFgVFgQBf87w+wfxAkcQSRLSWXqGlFnRdQnqe0QVJhUzFJkyXfy0J1Podxb6Rc8H4Rw/BaHyqWly5hd2/Eb+sIyaZZ4No6ssUZdmM8W4etLisz4ecTLv5ktiL5SfT3MOMFnfCy2d/wDO2Wbey7cxHrFg4swn4esGc3LMFd1XTL3H6CKfUVD4fij00wqgtnlMx0cbH6x4vVaWWLmjn6zRvElkj0aFSN8TS/8Ajt5kptfMW+ZgRv8A7QXFuHK2oltIYTKYzVUhfw6dBEh4c06TsFGgmzZbFdDYr1i51GEvXlGq58zLLXlANxG3QfjVkXlmNwYdyU2YHiXg3iPE2JI9VWpJWUcyKo6D8JMZk32f+J5nFtTiuLUypgdPPBbyNWmqDuRHaNPhcnKD5Yz3B20JiTmYfIFIUbKUOpVtQfQCPTQhKK46PRx1Uo/Ey7hn+HTKGV8HLCpLUIgUWFrRapMlpjIHySh8vNpceneI3FuERg/mYjhnI4F3kAclj29YQwPGFxzMr5pbyRa8zSNWGi5Jy5Rb2qJDTEl5rEb/AO0MqrEy04+WmVL27HTrDBRmlu6tZBpdt4a1GLSKWmecSHsTybxqdoCMd3Qjicypqqoq4sNsh6jvCVVJeTJVSoHUWMMKjEp1VafTlXmHQ6fKIicUqK6XczM0zMNBL10PWDjXZsS4plmw6nFQsxkazKQRY6knQiHX8KlrnQZiRoALad/eM5w3iOrwnEknGUryxqVF9V2v7xoDY9TYhRrNpQAxQMmXU+sascoyVIz5YyTtCOJUaeWguFPy+n/t7xFTkelkzZoXoebYE7Xh7MxDPm85VCnY9L9PziPxzGJSUrS5dvLCkM7nlU9YParEKTIKdNac5LG8wra/VoGorEo5J8yYq5hlVCdl6/WKVjnG8tfMk4axnuou0wDQn0PvDHA6qqqs5qrmadbE3tfp7w2LXSKfJLY5xPPlzvhqEhFPMxbf2ERMnHn8sqswo7/Mx6d4lP8ACsuYc02omJlJu19faIbEOHqaTMY0syZUPaw5uUmEZIy7RIziuGSlPiSlLLdntt2Pp3hPCauuNa06o5pmYCWLGyjqRCeE4POo0kvPmWuOR83Mp6kjtE5NxaStIUlZmcfNMWxBA7iFRjb5GyzUqQyqHOG1JInmdMY6sNxCkmZPxGY1j8PKUcw3J7wEilabL+JmIXMwZkl9NOx/pE/S4NM+FlTphEhG5nlsNPaNcYnOyZUyNFH8NKcS1yoovlOzfWJut4Nl0eH0Exak1M2ol+ZMljZL/hh9Lp5Q8tV5iOZC/UHb6Q5VJtRJ0/ywbfUfhg3FUJ3MjMMwuTLqAJf3Q0UdRLHrE3UTmoPuULIjNdXb+g6wnQlRPK2uvRbb+8PaqZnmZ6nXKlpaEdPSFOKAlNDSqlzqmleqpqgioli722YdobcK4xRyZzpXYY1TVbecWvCfmL8DOl0yTWqprarlNivpCuH4FjEyZLEigYMozNn0tfYn0hCxu7Yp5KRB19FVTMTm1UtTLlO55SumXsIlcVaZVYLTrRKTLYc4vrcdL9IccS0dZS05GJVUvzQtvJlm6g/3jN8a4+XhmTOafXLKljalRwWb1vDVBydJGfduTLxL4l4f4SwNJVIj12MTQVmy2Nwt+hPSMh4w48pqSXNqcZqUcKfMSip9AD2Noyvj/wC0BNqmmLh8hZAOmdfxHveMRxjiSqxKc/mz3miY2rXubxvx4OVYHJfeP/GCux0haYfCUo5VkyjYAX/WMtqMTnVE5iWa4vbXT3gJcmZVMFcmwtodOsOZdLLTYWtrfeNnEegbGsulzANst4d/DjaSpLttl6QtJpWquT5VtftErR0ay+VRmfLdb6bQSi32DaEMPwcS2zzDdyLW3tE3KkiVqdW6+vaAlquUEjLc3C+sKhspv0h6SQDfJV+NnsspQdd2ioZm7/rE7xRUF6wIdcm3rELm/wBKwt9miPCL7VVgWWGbKjWsgA3PeIGdXF5wcta2p/pHq6u81zbaGAYb7mMGnxKEeezr6zWPLkJWsVWlJMY2P4jEaz6nt0ESchvOpyCL6WK9xEZMl/DvkYXI29o1R/ZyZ8D2hAmSJkthaGswAKFtYrofUwrQ1ARjfQ7CFp0ktM8qVzuBZs2gHWK9lx65GKsVBHSCs5yjXVbgZoPMl8zG/wD7G+8IOTcLa3W8OXDESRMYTMvTpm3VrfnE42dZYdbtl0FtLRXsKzZDpmN98sTsrO1PzG5JyewhHuzRHlE9wz4gYhwzXJPpJrSJykZXRiD7xb8T8Tk4uCycUlLNq5lx583c363jH6q6I+UjNtDR50+TMVmJzW+YHX6Q+M3XIDxLsuOKYTJzzVkNfI1lN75ogJ9LNo5pVg2mptvr0g1DxA8uWZc0A33Vtx6iJuZiUrElDWFrAX66RHTBTa4YzwniCpweoWZTzWWYrXV9bj0IjY+CfHqYJ3l4xLFUraCZns3vGL1WG5VZpXQ6a9IZKryWU2KhYRtT7C/w7RwjxBWopUqaGvl1AbTyZz6qo6AwaTj1dimMineRMlMeUK4urKdyDHH+FcSVWGzFKTCMtvxbRrPBvjhUYdTrIq5onqOUM+pT2jJl06fRow5XjfJ0jw5NmfxWXSS54zq1hMJsMvaNPo6iZ50tDNtMGrEN22jmzhfi3CMTnGop6t6OsJznMbqf+XjV8C4lyrJkzHWpVCM06Wd762jnSxOPCR1PNDJ75NekT5GgzGbyhszttEmrSpcssq+ZfbKN4pFPidHXTAJc1XmHmAvYLFmkYlLWSioS5Xdrwld0ySh9EhJaXVWQny+pNusevOlvMyczbIx7dY9JrKaYQAVlt07tD2fMliTklBbMLnutt/qY0Rq+DPK12UDxGxWbS4PUPLdpHly9GYfNeOZ5+OUcucJnlnds2Y2YltMxPb0jr/iPCBjWHeRMlqsmYbFmW57gxmGK/Z7wnFGAWXMyKLZtsp7iMOowZMkrizlarE83TowP+JUDyUyzBmy2uulzfU/SG0zB53GFatLRSBLSnurzjqGv09xG5VX2a8GanZQ0wTj+JfxX6mLDwx4cUXCGEpTLeY66tNcc0w30B+kIjp5qXyMWn0ct3Jgi8FNw9LKiTNlsoy5tyEt3i3cN8HYnhiy8YqAMLoSLo048z9VAEW/jDD5stWWWEeUPwdQL6AfWIgs/F8uUamtny6ylXIst1JlBQNNOnvBrauGel/jtJOJeOGaiYy3mCwmHzAqN0jRaesGT8LXGlozrhujn1DU8tkEtpaBX6rF4p8tO6ylOe9x+kJwycbSHZMa4K5x6i1VD92moPNmNoxvi6nlecsiW5qacL5jG/wArW1F+wjV+PcQdJyUyjcXJ9htGPcSYe0xfu2YMpzhNbN3vCM2GOSDTR1MWOMoKM1aNM8EMQSVTtSAeYGAcOpvmJ3H0jal8moksSvlMh3H6XjlfwrxaqwXGlXy2STMGbW9946cSYzS1nI2bOoy5dyOt40aOKjHazDqsKxtbSUlrJanl5FysTsesNK2YkySQDYrBZeIfCTEbKGVdAo3sIa4jVS2Zpiqyqbtp+H0jbkiqpGaH9uQiHNJVXN1U3AB6+sRONcPB1erpVtPtqZf9YfNJmTJDTJLhHUdTv3j1DOmKPveZQcpK9iIw7WujdZS5mNU8ul+FGUTF+dXOt+pio8RVTVEkykmWRjoSem8W3jjhrNUebITyJy25hs1thGU45Q1lLPDTprSXXnFvlGsaYpyRqjUOUT0vGJ1FLdKeZcsAddgIe4dxhMoZTrW06zNMmf13ihyeLJlLmUypLObkZTfMO4hVuOlmM6TKPzlUgkLpZoiTj2XvhJ/Jl7xGZR41h5nykEhm1IHzHsPqYjMAxCZhs5pMyWbZjmufl02itDi+vYFJFMiC3KxGgv0A6xFmXiU5SJ1X5c2ZvbS3/BD4xfaQEskaovOMcWLLnBc4J2Cj9IqWLUOJcUZxNnulLmBRFGjd7xHycLZJw/zJyKf8xhdb+kXLCMPrcZly1kzlULplUW9LH8o0QtmGU6IzCOHaejky5QRFS9yCNYlpmFUsmlaUJiKL/eve2b1HtElJ4dl08xZU+c86aQRc7JbpFd4gwULMs1Qy/eAkltGU7w3bJGd5ExviGJSpGSVMnFpKjMVVtbdICrxqnmyFl4dQGU9udt2PrCcvDcPk+YssTKmaxASWup07RK4fThKN1elmUlSTlky/LOa3rEUJNgPIo9EDUU9RMkGbMzMmuZJfzRN4LwfXY5SypdHKeYsz7w5RYC25v2i1YfgsjAMFqMRxNWTE9DT4e34xbdol6rHsRXD6YzTLppLKD8PR6L7MehjQsaj2Z5ZZSYyXhUYfQ09HPnJPqwflkG5UwtXNLkush5omT1sGZhuIe4TVTZM9qqnkKGy2Vm1UE/1iHrKJq7EhOUZipLPlGx6mJKkuBW63yKvK8hsrBpYW2W/VehhxIXKFZGyNrn7H1EOK6sqGoqZ6lUlJJ5Q1tXHrEXWY1QSadBna+Yi0oW/OFbipSXommp86JMkzFtL2lkateFcySKiVUTpkp5P4s2yxQcY8YKDAMPnI8yVLN/Lyi2YCMV4q8eaeXMqFlzWntf5S/KPaL2NiWzq3FvErBcHTPTqk2oChDMWwVR7xnvG32lMNwmhmUS1Cq7EhmkmxIP8AvHHnEni3i2JNlktkRnvlQkLa0Z9iGIVNcxadOM1yb5RciNkMchG1G98ZfaaqK6km0sp7AXAe9zf1jBeIONq7GphadPZyW3uTaIedRz59yUaWL/iMJpTiW4zDOR0h6xqP+h8JUgnmT6rRmZrWvmFraQeVIVWudYUlqzDk1VjfMd4XWn/Edl/F1g0mDZ4XmAZQbd2hzKpRoWOt7kekGlyiFsunX3hZGDLc6sO0HtFtiktRoRoP+aQ6WYFv1FrHW1obyboNQdd4WW19QTaLKQ+lsG/+pta949OneXKZrajbW0J08wLbcg7EweeA0tgRvB+idlD4hR/OufwnmN+p6RExPcTTlaoRLaAWiA07GEsaP/Mzaalu/SD5dgDodjCa8oHS3SAaZmUAC1za0K/ZK5sksNnHMEbVWPTcQ5xSkK5P5wt/pEVSzzJmAjcN8sW2XT/xGjBpk82ZLQs/e0WMfK5KsihZil/kvEkjfEOSVNjobdu8NKiTqGUEa21H9Id4TMlpOCTz93vvYjpaI+wfXApWYPOkaasFAZGP4lPaGk3D2mS3K8rovy9W9ouFHSq8z4WrlkTFGeUzfoR6Q+w3B2wfFKOpxOkvRzDdnUXCKdM14dFO7QlzsomGWaXpyktY36ROrKmy5bC2Qldztbv7xqnHn2csRwvhFeNsCkPieBTzeYkkF3Rf5haMulZZ1JmVi6rtmOgPY/TpCJR9miElRE1V0VtbG8Rk5jMmBr7aCJaqUHNcdLjrEMbDN79IJDWFmsWyjYCFaSsenfU3EM6i7GwPTSCrNYtlyi/aCpGZ3ZZKfFi6qpOnbraJNaiRUSwr6k/y6WinBip0NjDiTXvL3PX9IqiJljqsNIYlLOvdephmqzZbNcWa9+UQ1o8amS+w/aH0vEPMFyBZtiu47wIcbfDHFDj1RQzcyuy2Olr394uvD/i7iWEuQKhlTuCde9oz+ZkY3zdfqB6wQyMqNkbMnSAlFPsNPadNcK+PwM2nWtlrlW+fKbFT0jeeEfFzBcYVLVfk8oAWab3MfO2XNmyuYE3vcxLYfxZW0MzMk5wN99ozywRbHxzSj0z6f4bxNRtMU5kmSxdsykGLHJxGhmypbo2wzDXWPmrgPjZiuGTBlntlsFCZjZh3v0jTuHvtO1VO2SZNV+XJlvcW7XjNLT8jfNu7O36riXyacymaWxOmdTcexiObHpssu8seWzDKGJ6d/eObKDx3w+tYFiUmPYnI9xFmofEyiqJizJeIqcrZVWfrmJ0EIkskehsNku2b5hNZKxBiocB8ucS2OjQpizCqlMvlhHdw4mEaiw2EZRw7xUlZXS5vnJluCxlm5XuPaNBl8QSJqrmOUXNsw1t3gLlt57I4xjLhlE4uo2p1mOyMWF7N1VesZzQ1jTcUSXKkzTK+ZstxfUbxtuOY1hc2ytMWcSNQRv6xWaWZQrW5klS0d7/dra5GmsYZY3J2zqY8q20SmH4kuG5tbowB/OHq8TUs7EKZJbh5sxsoRTreG5k08zlCqbjRFO5O8K4FgVDMximqJahJstvnI/S39YXHTy3WA5Rat9kVxzMeZjDL8OxmLsbaAesVF6NcQmtJnKJJB1zaCNyxLCJdS7M4CsBZi3QH16mK7VcKUqzZkusGXPzA21/0/SN3hqLFR1Xoy3hfDwvG1NLQGYmgzt8t+0bLLrGoUCy2XyzqDftvEJO4Zk4RR3pXHmFrIxGqnrDWqxJzKMtnAdRlsevqIRt2dDpZPIy5NXyKiQrq2ZgALjYX3gJk8ZWy2YZSAv8ALpFPw6smU7eU4sCwAtse0S8iYZc7IBpMBGcnU39IJW1TFOMUx3LvJkzHaYW10Reh6n2hKXWMredLmZdPpDPEvisNnKtsyt1v+HqINMoJlXh7zKaYglrqJZ3jPOLujTBRaFmxJMRl+SQZjE8xbYREYrw7TV8lkmJYkcitv9DDnDcPedLe03y5jC4W2n1had5iV3ltmy8uq/h7wiW6PKGfozDFPCurzr/DZckq2maYfl6m8QGJcGScPqElVPEVLnk6tLpRexPQxvyiVLk72LBidem0UTEfD/BhVT66XIyVMw+YxXqekdDDqUltmjJPHKTtFc4do6DDaVikha+e40nztl13AifncLs0n4iYA5flzZdDfrCeAYUJ2ZkLBVYpMLdDvF3wanNdMl0hbKg0Cw/yX0Zp/EquB8OpKp1lTQXlSzdJeXrfcQrSyjw7ikyjaSiS6hs4nZRmHpF8XAVpZwyguQeZiNBaK/4gYSJ2Ft0mDmWZe1vWNEXtM2/c6I3KaKdUS/JSbMmKcpZr2vvYxWeKsN8yTLnzJVlVsqHqe4h5w3jkuhkzFrH+JmsQVmMeZLesJcTcTU9UxQlpsu95a23/ALRp8sWhbi1IjqelfD51PiFCQKyXz8y3UenvE3J48xOomT50+RLnVLZWSZ5Q5SIq7cYSqWWVmKJeueaX5QsR9V4k4bSyQDOlJbcdDAOUvQVR9luxSqmY3LWpqfMmVAG9rG3b2hFpkpQtJPqQJc1bhl2B7GMZx7x2o5VQSk0MWPJr0irVfjHW4sUlUFFNnOtxmlqSPeDUZzVCJTUWdKSOKqfAKWdSGYJ2U5lJ6W7RB1XjVQ8PyZ8yW0pJ03R3axKgxgMnDOPOKZgZwuHyTdvPnMRYdiPWGmJeF8mnV5+NcQebMbmMin1HoCY0R08nVmOWoimX3jL7R8iopjKULOznSZfW462jNK/xO4l4pumF0U9pbfygrb1PpCWBUOGYbWs9PhZrJuyvNXMo/OLXOn11VLCzKiThMg6eXTkZ3A3+kbI6SPsyy1LfRmmKcM4zUSjVYviaU2U2EsHMze0QlLgE/Eq1abC6CoxFgbLNZbLm9TF+rqrBKCvBc/GzJYuGmHSG2JeK0ulkiVSLKp1AsPhxlEPWOMQPJOQgfCc0tL5uOV8ulAUN8PINyYhp1ZgeASZiUlOrPtnmG5EQeMcdVVerqrAA/iDEmKzPqGnuzEk3XfuTBypdDIp+2LYriTVk52VQMxvZTp7RHLIBYs23XSF1kk6n5QpF763hUrewzWOmh7QnbfI29vQj5JlqCxs1tfQQsujWflLHlN73EBfe1zmF/UX2jwvfN8ptbXvbWK2k/wAFF5LhRcHe3XSDW5ANjezWgovr0HQ/pCycxOWx5bX9YjKFJZLAXGh1sIXVM7b6b/7QktpdtTt/wQpfYMcqwJEPFZFC6ZeupuRDHGMSl0NPztzbgL1g1RVS6SVMz5cttTfUxR8WxB8Vq1CKb/Kq94u+C0N6yqmYhUFgpYnYdRBxhrkbN+USuHouCqXmKGqHHXWwhJp0xmJudTfeACsYqeUC+jbe0e01KtrYAH/TAqBYG+p2g9hmBC3IFz6CFDAuYeYgvougiy8G4iKfEFp5kzy6eZcOb62isqpJUaXPUbQ7p5nkTkZWKm9iV7QUSW+iz45gYFc8uQSsg6yWY/5nWK3LYqwzfMpJf3jbOF8LofE/hR8HppUybxcDeUotlRV1A9zFZxzwpxKXwjW4/SyWmzsNmmVi1MBdpXTNbtByhatClPa6ZJcGcPnxSoWw6hLDimlAaikqbJPl2+X3jpv7Kvhzwp4jVmKcDcYLU0XFygJU01QLCWttFS+8cZ8E8VVPCWMUWI4ZNaVUSpitLnofl679o7z8L+KuHfHtaLEMMqpeCeLGGWmy63ME+Ntrkb0O0THOnyLnFrlGqcLcE4z9lvFpnDWKSRjXA1cGWknTpebyQ26t6RzZ9p/7LFPR1VVxRwJKAoWvNm0KnQk6kr6W7R9CvDPxQwXx4wOfwvxPIWg4ppFNPU0M7c20zD0v1Ec/eLfC2LeB9ZWimE7FuH5it9zfNNlKdyvpG2MYzVC3NwPlpWAymmXDB1BHMtteukQrfN3J1LCNi8XsNoMXxqpxjDSlOZ7/AHkjbU9T62jH5ytJnTEIsb2ynrGKePxujo4pqcRtPGhIFzb84bZvLPcKL+sOp3LLzDZTewhq3I3fUrfpbeBBkuRVWOW7Ncb/AN4GZMbNYFrWtcf0hIMG1tlvuvS5gs1iASOVfQ/LBfYm19Cyscxub6Wh1LmZQoJJFthpDCQbiwG2tr7CHanlP7iFsOLp2OlrHUAHWwt6/WHEmuBADaZdbRGZgGBBvCmbTbWKoYpbuCw0lUs9udh+WkD/AA1JhJLEgnddIr8ua0uYLN9IdriT5WDXt0tBVwRxfpkj/BZociVPsb3yt19BCUyhxCmXmp2ZN1MswSnxl5ZWxAA6Hp7RIS+JgpYliMwtrFqmA5SXYyl41UU9gzvKPYgjaJei45rKUEpPYgnUk7eohtUY5JqEAdUdrf5mUXhmkumrjzS1W5sLb37QDjH6KU2aHgvi9XULJlnTRvrm3vF2wv7Q9dTlZi1LODofON9ow6bw+iyS9PV6/iRhqD2iLmS58lySVYnQWMB44sYpq+zqyk+0G8wXm+Q7NqSBE3T+N2G1k0l5KShcHMjj9445WsqJWUgkDYqIXk49Nl25mC63F94RLBFjo5pRO7cP8W8HmS1JmTZa5sx5x7RZcJ8VsLEwTErSp2HmW1j58SeMaqTcJMJUW67Q8p/EGtktnE9gd/rFPT8cBeeXVn06pvFbDa5UzVEllsLhiLmE8Q8QJFcZSnyGG4JcZh2EfN6l8VK6Wf8APIA2JMSsnxgrZJdvOzLmtmZj+UV4XVALJzZ9GP8AEtHVyUZ5K3OpZHHaKniWMUsmo5H8xGOVmZgSLxxOnjliKrk89kAFzZ9oVXxsxFszifmZdAvQwmWnbDjmkujtClxuS9YpM3PLlqEK33YdYnV4sw/4pFDsFvYMR1jhSl8bK1ACZzMy6I17Xh+vjlUtMDvUNkstxm2t/W8LemY5ai/7Hc1fjFLXZRKmMwUaNe+kJtj8ulp/KuyZRmOlrjaOLKX7QVZS6rNYANfLm0hSu+0NVVT5jMaZMA2z2Fu0JlpZyfAUNTR2dT8T01PMlS2OjWU5jv1vCFfxVT1WISpg0ZhbMSAL+o6f7xxHP8da7K5M1rkkAhr213EM5njbX1DzLzC4Y3IZjrAvRzaoetYkztfE+LpMmcqkKANbZhuNSPaGc7jaklt9+Zflsuc840U7AxxLVeMVdVarNGVjzDMTEfW+KFW8sJ5zFb3NzuO0RaDkn82ztef4iUFLU+YjyZedACpaykg/vaFpPjRQU87N58lHsblWGtv2jhGZx9WziVM/MScyqdl03hlN4umBhzeYb3vc9rGNcdHwjFLUbrO/a77Q2HXXNOu6jW59NPeM446+0ZSV1OyF7gaZUJ19/rHJK8WTcuQPdujEnbpHmxyZOZSVBJ1941R0y9mZZuTeF8cJ+VPhKZpr6XIW1j3MReJ+I/EeJS2US/KbZ5hOn0jJKfiSplg2soPzWtDuTjTTMrvNKi17ZtjGmOnihc9RN9F5nVGMYtMC1WMSJCi17HNb/eHdLwzgPmNMxLGqupVjqsq9tIzZ8QkybB2zBj30N+vvErQcUU8iUieXLzC3zNvGmOKBilPJJmkUVLwxSTH/AIZgbVlQV2nAsGP9IsdHJ4grPLNHh8jCqZb5WyhbH19Izih8VRRSAqCVKuc3KNfzhOq8ZWEzNnZnX/Xp7WjXGONCdmSRtUvhSpnGdKxfiDyZYl+Y7SzcXuNvrGb8XY1h2A10+XTM1QgYhXnC3SM9xbxlrJhcJlysdr3HrGe49xdUYhUO86a0xz1J6dIuWSMego6d3cjT8U8SFClKeYskKMpyCx/3is4hx3NnMBLYrpZWvcgdfzjNJmKs9xbMehgiV7M4zki2xvGR5GzTHHCJaKrGZtRfO40OkN5k55m7Ee20R9DMDsvXNt/ph7AturD4XQb5juR7Qvc8ttSDc+vpDdbQsrBhaxU2uG7+kNXKKYPy8wN2J1HaBINgpFwcpHt3gVV2YAkZun+8Be6jKeZv0vEYIP8AOyk3ZTb26Qa5dnvsDZTHlyqRroCL+w6QVlCra+wB979PeKCoWy5SFY5ST83SDqwltcrqpucsIiYvmkZrENYp30hWXdcpOhHToYFlCyi+rNcX094GdOl00lnmsFA1Nz1hvUVXw9lQKzdRfYRC1rTsUnjXJTruR1gX9EQGJ1lRjMy0iWVlDTPaE6ZJWG07qgDzDoZp3B9IXauWTJ8qnFumeGJ0ux1J/IQIYOYzDcm/vAX9D+ceZtNSIb+eO6/lFEPKAALi+tmHUn0hRZi5iWPpcftCOlhbtZb76dYNswtew1F+x2hf+h/sPMGVgDpY6AQui2sOjaML9ISWX3Jv2hRBvbQRPZI/2JnhfinEuDsWlYhhtQ1NVIbeYja2jt3hWdwvivAUjj6iqkeYqiTxLhMxrnEVbSyKPxRwX8t+h9o2L7MvizK8L/ELDKquppNfQrNFqWsF5VybBiIdCW189AZce+Nx7JD7QHg7R8E/BcZ8JSpj8AY1MtJVjdqGbuZT9te/aM94U4nreF8WkV9HUzKedLYN5itZhY337R9JPELwfpP8M1nEOGu3EPh7xV95xDh0hQRh01tVmyQBoFvc2jgLxn8GcS8GuJkoKg/HYNWD4jCsSXVaiSdgTtcDpvBTx/8A6QrHO/hI7H8OfH7hvxRw2hqsSqV4f46oVVJWKyTk+ItqA/fSN3wrxewnxswmu4O4nrJeCcRSh5VLi0kAqeoI7husfIukxCdRsoR2vLJYkaEG2kXbhXxaxnC6qhR5+ZaduScx5wTuImLLtZJYXJWja/tN+CFT4f8AFXwVRLFNUz0zyqqWv/i1t9QEbYNHK/ENHUUVbMpKqV5U+VoWy2tp+pjqkfagn8UYBXcMcZU3+IuGKjWS823xFG42eW2+8c78VFxMqczGuppjkpPP+ZLXpm9bQ/M1JWDhk4dlEsMtr6EG0MJhOaxFze47xIzpJlFivOul26wzqJQcmZfNbcDoIxm2XPKGzc6gE5iR16nvANzKTYP1PcwLKQATpc3OboekCRlvrZr5Sw6wQnn2GVtQL8zb6bDpeHMuZml3JGt9NrQzLnzGa2UnQr3hdeaV0BhQyg0v5gbb9IdbZbG5P6wyDZWBJIYagnp6Q4Rs1ydHXUDv6xC1QrsxFtTAXvp9YDNe2uYb37GAdivKO9/p2iBWemMdwNCbCEHnlVFhf3g0y0tWUH1Cw2ntlUJ2Nl94kexbsVNZpYDTpC0uu8qYtjr01iNLb9ib2gP19IJA2WNcamMpXPYj/msE/iRa+igHoIr4YrsbXgbnLYEkRe0rhE4azSwy3hJpitv9B6xEZm3Bg3mNcC/rFbH2MUkSl1Yn9LR5myqbnTaI1ajKSbZvWPGe7deb+kQhJWtrfW0AjW+bqNR0vEd8VMNrGwA0MB5zXvf6xKZVkmJ22pt19YH4nLYZ8txrr+kRQnMvXXpAZzmOum594lP6JaJdZzanOT3sf2gfjHDLza6ge3rEQs11O+npBSx1NzpcRNt9k3Il2rjqLsOpuYD45ll/MSCb3B2iLZi3U22gM2W9j9RF7fom4kxXFVFzZd/m6wD1oUhgzDToYi7k9THr5uvpE2v2DuJNcQ0F2IvBmxBWFi5iK00F496xNqJuJUVvKAH0v9f+oUasYKSXB7WiFy5vTrHtekXtKsmZeIkt/mXP6Q7l4syS7Lcfza7+0V3S9xoYHO2o6RZZOvijsTqp7a/pBxjDS1sGv9dIrsB9LxLZRPNjExmuGs1vxbQi2KMynnNj6a/SIk973/pAa9/yi7ZLXolP4s6qVBYgbW2hNsSfQKdN/wA4YBtzHhqthvvFO2GpC8yomEgFrAdoRYlvmOpjxvpfWAO8TgFhVXL1gSR10EegDpfQMeimICKyah5bWU2K9IlaTFkdcr/NEDMU52LHOfmuvRu0HVrsutri+WLRC2JMWYtwYUVgFGpHNqvpbeK/RVTXClspX5W/pEnLqmex0B6walXBTJHMG2Y5ltYmDKV+Um1rajeGiMWUkg3v1g3bSLtFjoXmBFbQrr9PWDABmXe9yx/tDJq5ZbNc5vw3ht/EJnmbjbTWBciEk1RKRQ0zQ21PrDOfijVBEuUMoJvc7wyVZtaxMw5Zd4leHaOjm1U16lrLLUWQ7uRASkRREpLJRyHMxs7tuT2hhOnGdYLyyxsBvC1cqzqt8huoY5b/AIR2hCWPKZgeZjAp2rDqgmYr82rX+kFZm1tvCc6dbUaNuYPR1Sowzrm6W7xdk7G1RmKi5sb2tDfyniZrvInMnl8yr8hI19RDf4U/yn8oFckY3l2UdTbSDabk2A/4IIt8ll6i0Arrks2UnW97wP7GV9DtBmW5PN1a+0CrHQA/QjSG8qy2UnU8zewgQxXVmuTqLnp0iA0OLjIQDcX6wKMVynYjYwhma3Yn0hQMbWvcwXqil8XZ2V9jv7X9X4fzJfCuPuKjA58zIRPYlSpGx/KN5+0BwLhWJcF4jXYZhRx7gKsAnTJUgl52EzW182WN8lz0/KPmBJmtJmBwxDLrcHWOqfs2fa6xLgCZLwfGG+OwuawVlmG4AtoCDuPSH45L+rE5IbvlEwri7g6fwfXGQ81Kmlmfe0s5To6HYnrf3iDWY0qYbizDc947Q8bPAfDPFCZM4v4UxejTGK6V5v8Ah6W62KDVig2BJubRyFiWB1FHVVMubLaVMp28qZJmCzI19vWKyY2uYhY8nG19hKXFvLy5+msP2rHNPN8t1WZOQo9xfeK3M5SVK/8A17W0hWVVNKYEP8v4ughSk6GuKG1RRzKaeFUFV9dR66x6u+DnYKkmXLy4jnu77ArEotUs+UUm8w9NAYjZ+HLMYFCw+l4q/sP1SK+ZZS5YGx5j1EEZTqx5lPfrE5Mw6ZLWw1/0HrEfOpSo2KkfhaIn9AOJHZjlt+Dr3hWW34dxa4He0EeVMXcbEQRc1rgWMXw+SlxwKrzTS2YG+uvSHUrLYOpvlBGo19rQ1lpmYXsA2nt6wvnKgPmGZTv/ADQt9hijMqrb5stiD39YUbN3+bpCGy2+XTJr2OpgZZzbWCt94qm97DpE/wBLBm8pOmrHTtfrCE45SdAehvp7Qs7DRVY6Lf63MNZt0UgnN0i0DLoS/O/W8ej0ehok9Ho9Hvc2iEPR6Cq5N7jL2j2fc/SIQNHrfSCPfuL2ty+sBmLtoDtYfmIrkgp/6nWPddt9IQzDOegDb9vWBYai91ykMb/uIsgrm1t13gMwDC53gj82bLck7A6CAbrzAFtRfce0QgozZGAAu36QVphzAqeUHMfaE2ZmygA6jlDdb7wdmAA2GhUHqD2IiEDZsszmFiu3NYawXM219jbNCZFwR1t/+ze0ebMzLzeYNDEIL5iWBAzDa8AHzdeUAA/7QTzC7BSbC+3vBWZUv16ZT+E7RCA5ll5hYgLoD1gdQ1gSSozZvwg9YLYMbb7LzaeseOaxUEqOotoPSK5ILK2ZcxGUfv6waEFbmIzajQrA5idb3IGW0WQWj0JZ27EWX5e5hS4LWDfL+GIQGPQH4r3+kDEIej0ej0Qh6DC+nbr/AEgVXcHQdG7wZub8Ngu/t0iB0EF7E35usBlhTKWvdlJ69NYK9ha2kQugvy62v6QTMA1iuY7j+0HJ63EFbKGX8J9dogH+Bdbfzs3Nl2gRZmygfMPm6aHaCsxyg2II0uNYOvbqIhQ6ox5kwna2t4kJILTLfp39YiZbGWbhsnYDW/vDpK42vYK3vFop8k3JmchIa9t2hKZULlLI3Ltc7kxHU8yom8oVVX31MOlVJTcwLv8AymIyCLU86osU5V/FfvCsmRJo/m+9mQq9Vewlv7tbQ+kI/DujKHXJ+L84HrkurDTKgzP9K7WhNJjjVeUG0FmFVJJa4G0ItVBco2tAt2HVDhqjy1JJ5joYaTKkrraw9DCMxmnDLeyi9mbr6CAWXmZsqkgDVTvFdF9i0ycsyUDlvbmg9HLZlJte5uIVpqH5mmaBtMp6dofSpKopINl/FMtobdosoTp6c5iDqx/IQf4wrp5g/OGOIYkP8un5V/E3f2iJ+If+aLRB9flUqLjpbr6wCqWBFuXQG/pCjyXlkIwyt/Kd1MFKhbm99fzgBlgc3nKw+a/fSDZeULYZwPxHrBRYZkABB0zHpBzlmWOXMVOq+sV0UzzKC1wGb36Qa5uARcQZW5V1ubX/ANoNmtp1PSLAu+z18rD8oOkwoyso2N4Tz3Y8py2+bpAZiGt1tpYRLZOImteD/ikvCWNS3xEzZlPbJ5ysc8nqCsXnini7APF7iqpnYxVSsHmeRkkV1NLASZlGmcDdj3jm9ZmQ3tsOX0h1Tzmp8uRiVvexvb2jTHI1GmV44yfBa8e4bnYfOCzFyl+aXr869D9Yrk6S0vMScvXL/SHf8fZvLaZNmTsosPMJLAdhDqY0uup86ACYxuPT3hL+wqceGRUmobMuYct/p9YVk1Jy/PltvaPT6NpN7DU7kQybNLa4OVrBQvaBDv6JRZxII3J2g06XIqlBmCxPWIuVUMtxbKOo7woK262t7RCxzP4XnVCs1JMVsovkfr7RXp1OUmBWXI66ZO/eLPS4k0kIUNv7QGIYeKzDXrhMUOW1l/iIgk00K5KqFAB0vL/mO9+0KDm1HUWI7QZpCrcg6k7R6XJZpnMbXPzQAxMKt1awF/U/8+n0gc5W4vbqIWxCnNFPRBNWbmF8w6Q3az6A6r06mKr7C4YLvm1XQgb9AeohrMXN8u172hfL8paxA5r9AYbs2a5bcxar0Ll0Fj0euY9+voIaKAzd48TlS9rm+0BpMU2a4Bj0xcymxN7fMBEIFvnJzWIX5Qu5j2bmA1APNr+0BpcDobFTt/zrAG2hUEG+ixCAKxZiWXUG919Qf7QfMFWWdbXJGuov3grD+U/NvbS0ebmBA1ubGw7RCAZvLS1sptqx19f3j0zMygvqDry9OtoBuVQSwVteXcR5hs18pOu/5xRaBNzbUlgOUD9LwVQoYX6WAPW99hHtLB9VB6X3/wBo8tlsOuth76flFkBJJ0JzNzWA32gFUMzDTNoLx5RlXQDLpcfpACYZLC2o6gbgRCjxtuSMw3J1P0gcuVgtje9svX1grZlUD8Vsu0HsuY621vmvoIhAvmfOl87EaN1FtYFvQc1gx+sEY5WFhYbDufaPXy3/ABG+/b3iiwVmA37367wYtqLEhQLL69yYJcDKBr0uIMDzEgWJuYlks8dLiwITc9+31jwJyk7/ALi3WB0EvXQfMV/rA2zOSefv9IsoPmKqSttr5W31gwVVYEZma2/c2gBzKpzBgLtr69DAZVDW5h/Kx221iEFegj0ArhgAt7WvAxCHo9Ho9EIGVjYW3HQ7QZScwZWzWFtYIP8ALA6Db0gQM1utogafJ4tlt3gsCfm1N9YP5TtqF09Iqydid/Y+8ASG0sSBrf8ApAtydbGC5MxXSy3N4sEK0zyyxvobED+kGzBfS/TrCsulcsCVIS+9r69oW8uVIS7MqzDqG3+lusRck5EZNK85SQbQ8kUyybm+ZvaLJwn4d8T8bVCycHwaoqARczZimWoHckxp6fZ3kcLylmcU47Ilz3UMtJTnMSf5TDo45ewHOK6MWkrNq5yyZEt585uUS5Ckke3pFyw/wixydTipxRUwqlZcw85vvLe0aD/jnAeBVaRwxhkmVMUZBUTlDP6nWKPxFxhieMMZlTOZgzXtfT6ekE4xj2Bu3dEJi0rD8Dz09OfiCdC7DWIGqq3qSC/LpYGFa5y3lkG5N8x76w0vlB0J6i0IdS6HfoRYkkkgAnUE7ADeGwQZgNz1hdZZObILDcW1h3T0BWXr828LoIbSaV5hsdVGgFokJdGJZVwbHY54cS1EuXqbd4Y1mMpJusoZ26sP2i/ZTHdROSQuaaRvcRDVuLGeMouksfh7wzq69pznM3NcWHS0NXYmzG5LXHtE9gh/OLWINgQQR7QlB+ptsSCfTT/eFPh1PVvygiGiTKGkx6WctpNRurd4ruLYHNw4kOLLuGvD+S7yZiMGsq6hR+GLLhtdTYgrSK5BMzaA6XW8Lg1NGjJieFmdZQNQOa/y30Pr9IMVOljy3uT1MWribgubhn38i86nYcv+m8VnmlsAQpNrN6Rco12L3BGtzG2u2kGZtdNRluGgrEXPTbXtHnS1+7f8tAED5hmGW/8ASAFluNjubnrAZh8raqLbQVvlNtU9YssFnGmtyNT6Q5kTM6kMfW14YmYq300H6x6XO8t7dTBJEH7jNqBZuh/rBqWueTMXmy5T+cFlsGF762gk2SrWN7bG3eKdju0WSnxCVVS0B1dt4RqqBpmYqByjMD3ivLMaQw8olGGgiYpcYMtEVhmk9L7xLFuNcjadTsmYgEgGxP8AaEAdr6RYG+GxKWnkfdzLHNm1F4jqzD2ltqLnSLL3cjFWK2N7EG8OPjnEsA6trcw2mS8pa4sAYKeh3MU1ZbYLBdLr/wBwVVuws1iDpfaAzc3MbCPHTQHW/WJ7FSJSTT01VSgT5F5m5dDCFZh8qnpj5UzzA3SaLZfrCNPWNTzCyEjXaLPhXE1LNlqtZSy58sdGAvBAP48lDeWV5d/bUf8AcJTEGYAb/wCqNWXhvg3iKSDnnYZVNzMVtkv3tETinhbNp7TaCvp8TlTGuF2bsIPbfQH', '2019-10-10 18:20:47', '2019-10-10 18:20:47', '2019-10-10 18:20:47', 0),
	(1371, '-LqpT0ewas3hFhb6ieuG', 475, 87, 15, 'photo', 'http://hako.lc/images/message/31425791.png', '2019-10-10 18:40:09', '2019-10-10 18:40:09', '2019-10-10 18:40:09', 0),
	(1372, '-LrXZUb5pyKm7B3O8yo8', 482, 1, 45, 'text', 'Nhân test', '2019-10-19 12:50:59', '2019-10-19 12:50:59', '2019-10-19 12:50:59', 0),
	(1373, '-LrXZe3ZRUqNuIJxVENz', 482, 1, 45, 'text', 'Nhân test 2', '2019-10-19 12:51:42', '2019-10-19 12:51:42', '2019-10-19 12:51:42', 0),
	(1374, '-LrXZkwMV2fx0hATKAMj', 482, 1, 45, 'text', 'Nhân test 2', '2019-10-19 12:52:10', '2019-10-19 12:52:10', '2019-10-19 12:52:10', 0),
	(1375, '-LrXZoA5OtSQ22iowqOu', 482, 1, 45, 'text', 'Nhân test 3', '2019-10-19 12:52:23', '2019-10-19 12:52:23', '2019-10-19 12:52:23', 0),
	(1376, '-LrXaMqlpcqUNpxm3nM7', 482, 1, 45, 'text', 'Nhận text 3', '2019-10-19 12:59:11', '2019-10-19 12:59:11', '2019-10-19 12:59:11', 0),
	(1377, '-LrXaZEvmnEM9O2zGlim', 482, 1, 45, 'text', 'Nhận text 3', '2019-10-19 13:00:02', '2019-10-19 13:00:02', '2019-10-19 13:00:02', 0),
	(1378, '-LrXbIXqXBalsnRA7Xmp', 482, 1, 2, 'text', 'Nhận text 3', '2019-10-19 13:03:16', '2019-10-19 13:03:16', '2019-10-19 13:03:16', 0),
	(1379, '-LrXfKe1ZcicvMRSWBXi', 482, 1, 2, 'text', 'nghỉ test rồi', '2019-10-19 13:20:53', '2019-10-19 13:20:53', '2019-10-19 13:20:53', 0),
	(1380, '-LrXgz82IltZgq6DNzkj', 482, 1, 2, 'text', 'test lần này nữa thôi', '2019-10-19 13:28:05', '2019-10-19 13:28:05', '2019-10-19 13:28:05', 0),
	(1381, '-LrXhzKGALp210WxShEm', 482, 1, 2, 'text', 'tắt nha', '2019-10-19 13:32:28', '2019-10-19 13:32:28', '2019-10-19 13:32:28', 0),
	(1382, '-LrgfjHvf9ijM4wEkc0M', 482, 1, 2, 'text', 'tắt nha', '2019-10-21 11:58:47', '2019-10-21 11:58:47', '2019-10-21 11:58:47', 0),
	(1383, '-Lrgfpx20d33TwajEuc9', 482, 1, 2, 'text', 'lại', '2019-10-21 11:59:15', '2019-10-21 11:59:15', '2019-10-21 11:59:15', 0),
	(1384, '-LrghS-6CNfV1EE4VSoi', 482, 1, 2, 'text', 'lại', '2019-10-21 12:06:17', '2019-10-21 12:06:17', '2019-10-21 12:06:17', 0),
	(1385, '-LrghXBw_Ztajzm5Y-cT', 482, 1, 2, 'text', 'tôi muốn mua nó', '2019-10-21 12:06:38', '2019-10-21 12:06:38', '2019-10-21 12:06:38', 0),
	(1386, '-LrgkUqhAYI3VuMOjcwv', 482, 1, 2, 'text', 'tôi không bán', '2019-10-21 12:19:35', '2019-10-21 12:19:35', '2019-10-21 12:19:35', 0);
/*!40000 ALTER TABLE `messages` ENABLE KEYS */;

-- Dumping structure for table hakobiya_03.migrations
CREATE TABLE IF NOT EXISTS `migrations` (
  `id` int(10) unsigned NOT NULL,
  `migration` varchar(255) COLLATE utf8mb4_unicode_ci NOT NULL,
  `batch` int(11) NOT NULL
) ENGINE=InnoDB DEFAULT CHARSET=utf8mb4 COLLATE=utf8mb4_unicode_ci;

-- Dumping data for table hakobiya_03.migrations: ~9 rows (approximately)
/*!40000 ALTER TABLE `migrations` DISABLE KEYS */;
INSERT INTO `migrations` (`id`, `migration`, `batch`) VALUES
	(6, '2018_06_14_063704_create_language_table', 1),
	(7, '2018_06_15_043108_create_admin_table', 1),
	(10, '2018_06_18_022909_create_put_category_table', 2),
	(11, '2018_06_18_021632_create_put_table', 3),
	(12, '2018_06_18_021941_create_put_images_table', 3),
	(13, '2018_06_19_134811_create_messages_table', 4),
	(15, '2014_10_12_000000_create_users_table', 5),
	(0, '2018_06_20_112422_create_category_table', 6),
	(0, '2018_06_20_112705_create_category_title_table', 6);
/*!40000 ALTER TABLE `migrations` ENABLE KEYS */;

-- Dumping structure for table hakobiya_03.notification
CREATE TABLE IF NOT EXISTS `notification` (
  `notification_id` int(11) NOT NULL AUTO_INCREMENT,
  `user_id` int(11) NOT NULL,
  `title` varchar(255) COLLATE utf8mb4_unicode_ci DEFAULT NULL,
  `body` text COLLATE utf8mb4_unicode_ci,
  `link` varchar(255) COLLATE utf8mb4_unicode_ci DEFAULT NULL,
  `type` tinyint(4) NOT NULL,
  `id` int(11) DEFAULT NULL,
  `status` tinyint(4) DEFAULT NULL,
  `date_created` timestamp NOT NULL DEFAULT CURRENT_TIMESTAMP ON UPDATE CURRENT_TIMESTAMP,
  PRIMARY KEY (`notification_id`)
) ENGINE=InnoDB AUTO_INCREMENT=16 DEFAULT CHARSET=utf8mb4 COLLATE=utf8mb4_unicode_ci;

-- Dumping data for table hakobiya_03.notification: ~4 rows (approximately)
/*!40000 ALTER TABLE `notification` DISABLE KEYS */;
INSERT INTO `notification` (`notification_id`, `user_id`, `title`, `body`, `link`, `type`, `id`, `status`, `date_created`) VALUES
	(12, 1, 'api.message_notification_title', 'api.message_notification_content_type_2', '2', 1, 2, 1, '2019-09-23 14:56:28'),
	(13, 1, 'api.message_notification_title', 'api.message_notification_content_type_2', '2', 1, 2, 0, '2019-09-19 14:46:21'),
	(14, 1, 'api.message_notification_title', 'api.message_notification_content_type_2', '2', 1, 2, 0, '2019-09-19 14:46:25'),
	(15, 13, 'api.message_notification_title', 'api.message_notification_content_type_2', '', 2, 177, 0, '2019-10-09 13:21:19');
/*!40000 ALTER TABLE `notification` ENABLE KEYS */;

-- Dumping structure for table hakobiya_03.password_resets
CREATE TABLE IF NOT EXISTS `password_resets` (
  `email` varchar(255) COLLATE utf8mb4_unicode_ci NOT NULL,
  `token` varchar(255) COLLATE utf8mb4_unicode_ci NOT NULL,
  `created_at` timestamp NULL DEFAULT NULL
) ENGINE=InnoDB DEFAULT CHARSET=utf8mb4 COLLATE=utf8mb4_unicode_ci;

-- Dumping data for table hakobiya_03.password_resets: ~0 rows (approximately)
/*!40000 ALTER TABLE `password_resets` DISABLE KEYS */;
/*!40000 ALTER TABLE `password_resets` ENABLE KEYS */;

-- Dumping structure for table hakobiya_03.payment
CREATE TABLE IF NOT EXISTS `payment` (
  `payment_id` int(11) NOT NULL AUTO_INCREMENT,
  `user_id` varchar(14) NOT NULL DEFAULT '0',
  `payment_date` datetime DEFAULT NULL,
  `payment_amount` int(11) NOT NULL DEFAULT '0',
  `actual_payment` int(11) DEFAULT NULL,
  `current_balance` int(11) DEFAULT NULL,
  `payment_email` varchar(200) NOT NULL DEFAULT '',
  `payment_correspondence` tinyint(1) NOT NULL DEFAULT '0',
  `payment_status` tinyint(1) NOT NULL DEFAULT '0',
  `payment_stop` tinyint(1) NOT NULL DEFAULT '0' COMMENT '1 stop, 0 no',
  `created_at` timestamp NOT NULL DEFAULT CURRENT_TIMESTAMP,
  `updated_at` timestamp NULL DEFAULT NULL,
  PRIMARY KEY (`payment_id`),
  KEY `payment_id` (`payment_id`),
  KEY `user_id` (`user_id`),
  KEY `payment_id_2` (`payment_id`),
  KEY `payment_id_3` (`payment_id`),
  KEY `user_id_2` (`user_id`)
) ENGINE=MyISAM AUTO_INCREMENT=115 DEFAULT CHARSET=utf8;

-- Dumping data for table hakobiya_03.payment: 24 rows
/*!40000 ALTER TABLE `payment` DISABLE KEYS */;
INSERT INTO `payment` (`payment_id`, `user_id`, `payment_date`, `payment_amount`, `actual_payment`, `current_balance`, `payment_email`, `payment_correspondence`, `payment_status`, `payment_stop`, `created_at`, `updated_at`) VALUES
	(90, '7', '2019-03-28 16:25:31', 210000, 100000, NULL, 'nakagawa.kemshirogac005@gmail.com', 1, 0, 1, '2019-03-28 14:25:31', '2019-04-21 13:30:35'),
	(94, '11', '2019-10-08 15:12:34', 300, 300, NULL, 'zaq.barran@gmail.com', 1, 0, 0, '2019-04-16 10:40:15', '2019-10-08 15:12:34'),
	(93, '11', '2019-04-16 12:20:26', 300, NULL, NULL, 'info@picuapp.com', 1, 0, 0, '2019-04-16 10:20:26', '2019-04-16 10:23:10'),
	(92, '11', '2019-04-16 12:10:16', 1000, NULL, NULL, 'zaq.barran@gmail.com', 1, 0, 0, '2019-04-16 10:10:16', '2019-04-16 10:22:08'),
	(91, '7', '2019-04-12 21:12:10', 0, NULL, 50000, 'nakagawa.kenshirogac005@gmail.com', 1, 0, 0, '2019-04-12 19:12:10', '2019-04-21 13:30:37'),
	(96, '85', '2019-08-30 12:25:59', 100, NULL, NULL, 'linhchannguyen94@gmail.com', 0, 0, 0, '2019-08-30 12:25:59', '2019-08-30 12:25:59'),
	(97, '11', '2019-10-08 15:33:42', 500, 500, NULL, 'ttt@gmail.com', 1, 0, 0, '2019-10-08 13:05:03', '2019-10-08 15:33:42'),
	(98, '11', '2019-10-08 15:32:27', 500, 500, NULL, 'ttt@gmail.com', 1, 0, 0, '2019-10-08 13:05:24', '2019-10-08 15:32:27'),
	(99, '11', '2019-10-08 15:08:33', 500, 500, NULL, 'ttt@gmail.com', 1, 0, 0, '2019-10-08 13:05:26', '2019-10-08 15:08:33'),
	(100, '11', '2019-10-08 16:30:50', 500, 500, NULL, 'ttt@gmail.com', 1, 0, 0, '2019-10-08 13:05:30', '2019-10-08 16:30:50'),
	(101, '11', '2019-10-08 15:52:16', 500, 500, NULL, 'ttt@gmail.com', 1, 0, 0, '2019-10-08 13:06:03', '2019-10-08 15:52:16'),
	(102, '11', '2019-10-08 18:14:47', 500, 500, NULL, 'ttt@gmail.com', 1, 0, 0, '2019-10-08 13:06:05', '2019-10-08 18:14:47'),
	(103, '11', '2019-10-08 16:32:08', 500, 500, NULL, 'ttt@gmail.com', 1, 0, 0, '2019-10-08 13:06:06', '2019-10-08 16:32:08'),
	(104, '11', '2019-10-08 15:33:12', 500, 500, NULL, 'ttt@gmail.com', 1, 0, 0, '2019-10-08 13:06:08', '2019-10-08 15:33:12'),
	(105, '6', NULL, 500, NULL, NULL, 'ttt@gmail.com', 0, 0, 0, '2019-10-08 13:06:09', NULL),
	(106, '7', NULL, 110000, NULL, 100000, 'ttt@gmail.com', 0, 0, 0, '2019-09-25 13:06:10', NULL),
	(107, '11', '2019-10-08 14:52:52', 500, 500, NULL, 'ttt@gmail.com', 1, 0, 0, '2019-09-24 13:06:11', '2019-10-08 14:52:52'),
	(108, '6', NULL, 500, NULL, NULL, 'ttt@gmail.com', 0, 0, 0, '2019-10-08 13:06:13', NULL),
	(109, '7', '2019-11-04 09:23:07', 500, 73, 4999500, 'ttt@gmail.com', 1, 0, 0, '2019-09-28 13:06:14', '2019-11-04 09:23:07'),
	(110, '11', '2019-10-08 14:45:20', 500, 500, NULL, 'ttt@gmail.com', 1, 0, 0, '2019-10-08 13:06:15', '2019-10-08 14:45:20'),
	(111, '3', '2019-10-08 19:13:01', 300, 300, NULL, 'sb-glfgy154112@personal.example.com', 1, 0, 0, '2019-10-08 18:54:09', '2019-10-08 19:13:01'),
	(112, '2', '2019-10-10 17:23:23', 200, 200, 2800, 'sb-dasnb107840@business.example.com', 1, 0, 0, '2019-10-08 19:03:34', '2019-10-10 17:23:23'),
	(113, '2', '2019-11-04 09:25:40', 200, 0, 2600, 'quocbinh@gmail.com', 2, 0, 0, '2019-11-04 09:19:04', '2019-11-04 11:41:56'),
	(114, '2', '2019-11-04 11:41:06', 200, 0, 2400, 'quocbinh@gmail.com', 2, 0, 0, '2019-11-04 09:19:04', '2019-11-04 11:41:14');
/*!40000 ALTER TABLE `payment` ENABLE KEYS */;

-- Dumping structure for table hakobiya_03.popup
CREATE TABLE IF NOT EXISTS `popup` (
  `popup_id` int(11) NOT NULL AUTO_INCREMENT,
  `view_count` int(11) DEFAULT '0',
  `click_count` int(11) DEFAULT '0',
  `interval_time` int(11) DEFAULT NULL,
  `day_start` date DEFAULT NULL,
  `day_end` date DEFAULT NULL,
  `time_start` time DEFAULT NULL,
  `time_end` time DEFAULT NULL,
  `last_time_post` datetime DEFAULT NULL,
  `status` tinyint(3) DEFAULT '1',
  `created_at` datetime DEFAULT NULL,
  `updated_at` datetime DEFAULT NULL,
  `jp_title` varchar(45) COLLATE utf8mb4_unicode_ci DEFAULT NULL,
  `jp_link` varchar(200) COLLATE utf8mb4_unicode_ci DEFAULT NULL,
  `jp_description` varchar(500) COLLATE utf8mb4_unicode_ci DEFAULT NULL,
  `jp_img` varchar(45) COLLATE utf8mb4_unicode_ci DEFAULT NULL,
  `os` tinyint(3) DEFAULT '1' COMMENT '1 mean android ,2 mean ios',
  PRIMARY KEY (`popup_id`)
) ENGINE=InnoDB AUTO_INCREMENT=5 DEFAULT CHARSET=utf8mb4 COLLATE=utf8mb4_unicode_ci;

-- Dumping data for table hakobiya_03.popup: ~4 rows (approximately)
/*!40000 ALTER TABLE `popup` DISABLE KEYS */;
INSERT INTO `popup` (`popup_id`, `view_count`, `click_count`, `interval_time`, `day_start`, `day_end`, `time_start`, `time_end`, `last_time_post`, `status`, `created_at`, `updated_at`, `jp_title`, `jp_link`, `jp_description`, `jp_img`, `os`) VALUES
	(1, 0, 0, 123, '2019-11-29', '2019-11-29', '08:00:00', '20:00:00', '2019-10-11 15:44:29', 2, '2019-10-03 17:40:16', '2019-11-29 18:14:31', NULL, NULL, NULL, NULL, 1),
	(2, 0, 0, 123, '2019-11-29', '2019-11-30', '08:00:00', '20:00:00', '2019-10-11 15:44:29', 2, '2019-10-03 17:43:30', '2019-11-29 18:14:34', NULL, NULL, NULL, NULL, 2),
	(3, 0, 0, NULL, NULL, NULL, NULL, NULL, '2019-10-11 15:44:29', 1, '2019-10-11 15:42:16', '2019-10-11 15:42:16', '1', '2', '3', NULL, 1),
	(4, 0, 0, 12, '2019-11-28', '2019-11-29', '08:00:00', '22:00:00', NULL, 1, '2019-10-24 15:40:12', '2019-11-29 18:13:38', '?tr', 'tret', '?tr', NULL, NULL);
/*!40000 ALTER TABLE `popup` ENABLE KEYS */;

-- Dumping structure for table hakobiya_03.popup_info
CREATE TABLE IF NOT EXISTS `popup_info` (
  `id` int(11) NOT NULL AUTO_INCREMENT,
  `popup_id` int(11) NOT NULL,
  `language_id` int(11) NOT NULL,
  `title` varchar(45) DEFAULT NULL,
  `link` varchar(200) DEFAULT NULL,
  `description` varchar(500) DEFAULT NULL,
  `img` varchar(45) DEFAULT NULL,
  `created_at` datetime DEFAULT NULL,
  `updated_at` datetime DEFAULT NULL,
  PRIMARY KEY (`id`)
) ENGINE=InnoDB AUTO_INCREMENT=13 DEFAULT CHARSET=latin1;

-- Dumping data for table hakobiya_03.popup_info: ~12 rows (approximately)
/*!40000 ALTER TABLE `popup_info` DISABLE KEYS */;
INSERT INTO `popup_info` (`id`, `popup_id`, `language_id`, `title`, `link`, `description`, `img`, `created_at`, `updated_at`) VALUES
	(1, 1, 2, 'en', '5', '6', 'popup_en_img_1_Thu_Oct_03_2019_17_40.png', '2019-10-03 17:40:16', '2019-10-03 17:40:16'),
	(2, 1, 1, 'ja', '2', '3', 'popup_jp_img_1_Thu_Oct_03_2019_17_40.png', '2019-10-03 17:40:16', '2019-10-03 17:40:16'),
	(3, 1, 3, 'vi', '8', '9', 'popup_vn_img_1_Thu_Oct_03_2019_17_40.png', '2019-10-03 17:40:16', '2019-10-03 17:40:16'),
	(4, 2, 2, 'en', '5', '6', 'popup_en_img_2_Thu_Oct_03_2019_17_43.png', '2019-10-03 17:43:30', '2019-10-03 17:43:30'),
	(5, 2, 1, '1', '2', '3', 'popup_jp_img_2_Thu_Oct_03_2019_17_43.png', '2019-10-03 17:43:30', '2019-10-03 17:43:30'),
	(6, 2, 3, 'vi', '8', '9', 'popup_vn_img_2_Thu_Oct_03_2019_17_43.png', '2019-10-03 17:43:30', '2019-10-03 17:43:30'),
	(7, 3, 2, '4', '5', '6', 'popup_en_img_3_Fri_Oct_11_2019_15_42.png', '2019-10-11 15:42:16', '2019-10-11 15:42:16'),
	(8, 3, 1, '1', '2', '3', 'popup_jp_img_3_Fri_Oct_11_2019_15_42.png', '2019-10-11 15:42:16', '2019-10-11 15:42:16'),
	(9, 3, 3, '7', '8', '9', 'popup_vn_img_3_Fri_Oct_11_2019_15_42.png', '2019-10-11 15:42:16', '2019-10-11 15:42:16'),
	(10, 4, 2, '44', '44', '44rrrrrrr', 'popup_en_img_4_Thu_Oct_24_2019_16_10.png', '2019-10-24 15:40:12', '2019-10-24 15:40:12'),
	(11, 4, 1, '?tr', 'tret', '?tr', 'popup_jp_img_4_Thu_Oct_24_2019_16_10.png', '2019-10-24 15:40:12', '2019-10-24 15:40:12'),
	(12, 4, 3, 'êr', '?', 'êr', 'popup_vn_img_4_Thu_Oct_24_2019_16_10.png', '2019-10-24 15:40:12', '2019-10-24 15:40:12');
/*!40000 ALTER TABLE `popup_info` ENABLE KEYS */;

-- Dumping structure for table hakobiya_03.products
CREATE TABLE IF NOT EXISTS `products` (
  `product_id` varchar(20) CHARACTER SET utf8mb4 COLLATE utf8mb4_unicode_ci NOT NULL,
  `language_id` int(11) NOT NULL DEFAULT '0',
  `user_id` int(11) NOT NULL DEFAULT '0',
  `product_thumbnail` text,
  `product_url` text,
  `product_title` varchar(255) CHARACTER SET utf8 COLLATE utf8_estonian_ci DEFAULT NULL,
  `product_type` tinyint(1) NOT NULL DEFAULT '0' COMMENT '0 single, 1 multi',
  `product_product` varchar(255) NOT NULL DEFAULT '' COMMENT 'tên sản phẩm',
  `product_quantity` int(11) NOT NULL DEFAULT '0',
  `product_weight` int(11) NOT NULL DEFAULT '0',
  `product_comment` text NOT NULL,
  `product_note` text NOT NULL,
  `category_id` varchar(20) CHARACTER SET utf8mb4 COLLATE utf8mb4_unicode_ci NOT NULL,
  `product_nation` varchar(255) DEFAULT '' COMMENT 'quốc gia',
  `product_view` int(11) NOT NULL DEFAULT '0',
  `product_delivery_date` timestamp NULL DEFAULT NULL,
  `product_payment_method` varchar(255) NOT NULL DEFAULT '' COMMENT 'phương thức thanh toán',
  `product_region` varchar(50) DEFAULT NULL,
  `product_address` varchar(255) NOT NULL DEFAULT '',
  `product_map` varchar(255) NOT NULL DEFAULT '',
  `product_price` int(11) NOT NULL DEFAULT '0',
  `product_money` varchar(10) NOT NULL DEFAULT '¥' COMMENT 'đơn vị tiền tệ',
  `total_amount` int(11) DEFAULT '0',
  `product_compensation` int(11) NOT NULL DEFAULT '0' COMMENT 'tiền công',
  `product_bill` tinyint(1) NOT NULL DEFAULT '0',
  `product_delicate` tinyint(1) NOT NULL DEFAULT '0',
  `product_popular` tinyint(1) NOT NULL DEFAULT '0',
  `product_new` tinyint(1) NOT NULL DEFAULT '0',
  `product_status` tinyint(1) NOT NULL DEFAULT '0',
  `product_confirm` tinyint(1) DEFAULT '0' COMMENT '1: confirm, 0 : unconfirm',
  `created_at` timestamp NULL DEFAULT NULL,
  `updated_at` timestamp NULL DEFAULT NULL,
  `product_cancel` tinyint(4) DEFAULT '0' COMMENT '1: cancel, 0 : not cancel',
  PRIMARY KEY (`product_id`),
  KEY `user_id` (`user_id`),
  KEY `product_id` (`product_id`),
  KEY `product_status` (`product_status`),
  KEY `language_id` (`language_id`),
  KEY `language_id_2` (`language_id`),
  KEY `user_id_2` (`user_id`),
  KEY `product_id_2` (`product_id`),
  KEY `product_status_2` (`product_status`),
  KEY `language_id_3` (`language_id`)
) ENGINE=InnoDB DEFAULT CHARSET=utf8 COMMENT='product';

-- Dumping data for table hakobiya_03.products: ~136 rows (approximately)
/*!40000 ALTER TABLE `products` DISABLE KEYS */;
INSERT INTO `products` (`product_id`, `language_id`, `user_id`, `product_thumbnail`, `product_url`, `product_title`, `product_type`, `product_product`, `product_quantity`, `product_weight`, `product_comment`, `product_note`, `category_id`, `product_nation`, `product_view`, `product_delivery_date`, `product_payment_method`, `product_region`, `product_address`, `product_map`, `product_price`, `product_money`, `total_amount`, `product_compensation`, `product_bill`, `product_delicate`, `product_popular`, `product_new`, `product_status`, `product_confirm`, `created_at`, `updated_at`, `product_cancel`) VALUES
	('105', 2, 8, '["http:\\/\\/app.hakobiya.net\\/images\\/products\\/ofyd3k9bO1kTaaLtUoHymVQKexMS0RT6iEBccsxz.jpeg","http:\\/\\/app.hakobiya.net\\/images\\/products\\/LtOkzUHOI5OjgLPSaT6TBVTSaGRUdAyKwg73Bdsf.jpeg"]', '["https:\\/\\/www.google.com\\/search?q=iphone&tbm=isch&ved=2ahUKEwjDtsH2-MnhAhUQyZQKHfUHDyQQ2-cCegQIABAC&oq=iphone&gs_l=mobile-gws-wiz-img.3..0l5.329158.335620..336272...6.0..1.528.2579.0j8j2j0j1j1......0....1.......0..0i10j0i30j0i10i30.HKtnJ1F2iq0&ei=hDKwXMPkBpCS0wT1j7ygAg&client=ms-android-google&prmd=ivn"]', 'oppo11', 0, 'oppo11', 1, 0, 'oppo', '', '113', '設定なし', 13, '2019-04-29 23:52:00', '', 'Hanoi', '', '', 48000, '¥', 0, 5000, 0, 1, 0, 0, 2, 1, '2019-04-12 13:53:35', '2019-10-12 11:01:37', 0),
	('107', 1, 155, '', '[""]', 'test', 0, 'test', 1, 0, 'test', '', '92', '2', 28, '2019-04-29 14:33:00', '', 'Tokyo', '', '', 40800, '¥', 0, 5000, 0, 0, 0, 0, 1, 1, '2019-11-14 14:33:53', '2019-10-12 13:29:18', 0),
	('109', 1, 6, '["http:\\/\\/app.hakobiya.net\\/images\\/products\\/p7PhgXgdHs2irqwEYKZwVhA7Wwd0SxhIbz8LlYqe.jpeg","http:\\/\\/app.hakobiya.net\\/images\\/products\\/6z5Lycn8HNqPbibhNMwXBFr3RnPrTcwMwvCTdFqy.jpeg"]', '[""]', 'aa', 1, 'aa', 1, 0, 'aa', '', '148', '2', 0, '2019-04-13 15:42:00', '', 'Tokyo', 'ggjk', 'https://www.google.com/maps/@35.68123620000001,139.7671248?z=15', 500, '¥', 0, 6, 0, 0, 0, 0, 0, 0, '2019-11-13 15:46:13', '2019-09-24 13:56:34', 0),
	('121', 1, 31, '["http:\\/\\/app.hakobiya.net\\/images\\/products\\/RiIBf4CFbejxZ0aEKjPIBPGIRrZ4COrsdmQRApyj.jpeg"]', '[""]', 'PNY USB', 0, 'PNY USB', 1, 10, 'USB 8GB', '個人用に欲しいと思っています', '102', '1', 8, '2019-04-25 01:22:00', '', 'Tokyo', '浅草寺前', '', 2000, '¥', 0, 500, 0, 0, 0, 0, 1, 0, '2019-11-12 11:23:38', '2019-04-16 11:23:38', 0),
	('122', 1, 31, '', '["ddddddddddddddddddddd"]', 'peace', 0, 'peace', 1, 20, 'ベトナム　タバコ', 'dddqwe', '151', '1', 7, '2019-04-27 15:25:00', '', 'Tokyo', 'dfsdaffdddddddddddddddddddddddddddddddddddddddddddddddddddddddddddddddddddddddddd', 'dddddddddddddddddddddddddddddddddddddddddddddddddddddddddddddddddddddddddddddddddddddddddddddddddddddddddddddddddddddddd', 200, '¥', 0, 200, 0, 0, 0, 0, 4, 1, '2019-11-05 11:25:43', '2019-10-15 10:22:05', 0),
	('123', 1, 31, '["http:\\/\\/app.hakobiya.net\\/images\\/products\\/P4EIOfKIPU9X8FjObXe88iwsZlfSkgMdPi2fFhdR.jpeg"]', '[""]', 'peace', 0, 'peace', 1, 20, 'ベトナム　タバコ', '', '151', '2', 11, '2019-04-27 03:26:00', '', 'Tokyo', '', '', 200, '¥', 0, 300, 0, 0, 0, 0, 1, 0, '2019-04-16 13:27:30', '2019-09-24 13:56:36', 0),
	('124', 1, 31, '["http:\\/\\/app.hakobiya.net\\/images\\/products\\/BdAtboGryf6e7MH0A3XWZWs4npxQZe8rvAwj9PFH.jpeg"]', '[""]', 'タイプc変換デバイス', 0, 'タイプc変換デバイス', 1, 0, 'usb コネクタ', '', '102', '1', 8, '2019-04-26 02:28:00', '', 'Osaka', '', '', 100, '¥', 0, 20, 0, 0, 0, 0, 1, 0, '2019-04-16 13:29:01', '2019-09-24 13:56:47', 0),
	('125', 1, 31, '["http:\\/\\/app.hakobiya.net\\/images\\/products\\/JwIVY7Kh9W2AoZJibLTSRYZ9PLftIdHr6J3wkWhw.jpeg"]', '[""]', 'フリックス　ボールペン　黒', 0, 'フリックス　ボールペン　黒', 1, 0, '黒ボールペン', '', '139', '2', 2, '2019-04-27 03:30:00', '', 'Osaka', '', '', 120, '¥', 0, 200, 0, 0, 0, 0, 1, 0, '2019-04-16 13:30:33', '2019-09-24 13:56:57', 0),
	('126', 1, 31, '["http:\\/\\/app.hakobiya.net\\/images\\/products\\/yT8kSF2F2JdWmkxqORQvhYcWQaWpx3wpS0qitzPU.jpeg"]', '[""]', 'シリンダーケース　ホワイト', 0, 'シリンダーケース　ホワイト', 1, 0, 'メガネケース　至急！', '', '129', '1', 4, '2019-04-27 04:14:00', '', 'Tokyo', '', '', 200, '¥', 0, 500, 0, 0, 0, 0, 1, 1, '2019-04-16 14:15:16', '2019-10-12 11:02:45', 0),
	('127', 1, 6, '["http:\\/\\/app.hakobiya.net\\/images\\/products\\/WCiDPUCmMhkpk7XuDgOFFjV8EOYUfyiOXCcNZmE1.jpeg"]', '[""]', 'Quần jean', 0, 'Quần jean', 1, 0, 'Quần jean', 'Tôi muốn làm quà lưu niệm!', '44', '2', 0, '2019-04-20 09:25:00', '', 'Tokyo', '東京駅', '', 500, '¥', 0, 100, 0, 0, 0, 0, 0, 0, '2019-11-24 07:26:23', '2019-09-24 13:57:23', 0),
	('128', 1, 6, '["http:\\/\\/app.hakobiya.net\\/images\\/products\\/WCiDPUCmMhkpk7XuDgOFFjV8EOYUfyiOXCcNZmE1.jpeg"]', '[""]', 'スキニー', 0, 'スキニー', 1, 0, 'ジーンズ', 'お土産用にほしいです！', '44', '2', 7, '2019-04-20 09:25:00', '', 'Tokyo', '東京駅', '', 500, '¥', 0, 100, 0, 0, 0, 0, 4, 0, '2019-11-14 07:26:37', '2019-10-15 10:21:46', 0),
	('129', 1, 6, '["http:\\/\\/app.hakobiya.net\\/images\\/products\\/xzfcU0IvCep2cqmebFTDF4oc3FsRKzsWIvVpL609.jpeg"]', '[""]', 'カゴバッグ', 0, 'カゴバッグ', 1, 0, 'カゴバッグ', 'お土産用にほしいです！', '119', '2', 5, '2019-04-20 09:25:00', '', 'Tokyo', '東京駅', 'https://www.google.com/maps/@35.6790665,139.76970509999998?z=15', 500, '¥', 0, 100, 0, 0, 0, 0, 1, 0, '2019-04-18 07:33:13', '2019-09-24 13:57:19', 0),
	('130', 1, 6, '["http:\\/\\/app.hakobiya.net\\/images\\/products\\/8gJZn72ESQooQSCUkD8DDSqDCdDtOiefQwN4OCsw.jpeg"]', '[""]', 'カゴバッグ青', 0, 'カゴバッグ青', 1, 0, 'カゴバッグ青', 'お土産用にほしいです！', '119', '2', 0, '2019-04-20 09:25:00', '', 'Tokyo', '東京駅', '', 500, '¥', 0, 200, 0, 0, 0, 0, 1, 0, '2019-04-18 07:34:18', '2019-09-24 13:57:17', 0),
	('131', 1, 6, '["http:\\/\\/app.hakobiya.net\\/images\\/products\\/v6HDJe17Zrk4T5DELAHqUlGJkzIDwIUKyY1Hjfbn.jpeg"]', '["https://www.lazada.com.ph/#"]', 'OPPO', 0, 'OPPO', 1, 0, 'OPPO', 'お土産用にほしいです！', '92', '2', 7, '2019-04-20 09:25:00', '', 'Tokyo', '東京駅', 'https://www.google.com/maps/@35.6978186,139.77658309999998?z=15', 500, '¥', 0, 20000, 0, 0, 0, 0, 1, 0, '2019-04-18 07:35:02', '2019-09-24 13:57:14', 0),
	('132', 1, 6, '["http:\\/\\/app.hakobiya.net\\/images\\/products\\/uVSNbR0BZJeEXklcsdj9rDDPaRlHJZlEKdUBdpCF.jpeg"]', '["https://www.lazada.com.ph/#"]', 'お菓子', 0, 'お菓子', 1, 0, 'お菓子', '写真のものがほしいです！', '106', '2', 2, '2019-04-18 07:36:00', '', 'Tokyo', '秋葉原駅', 'https://www.google.com/maps/@35.697444499999996,139.77651029999998?z=15', 100, '¥', 0, 200, 0, 0, 0, 0, 1, 0, '2019-11-25 07:36:46', '2019-09-24 13:57:13', 0),
	('133', 1, 6, '["http:\\/\\/app.hakobiya.net\\/images\\/products\\/EwjRXcN0JbCf6a08XSadc9kcjx3lhfV6nfFq30wO.jpeg"]', '[""]', 'Lime pepper solt', 0, 'Lime pepper solt', 5, 0, 'Lime pepper solt', 'おみやげ用にほしいです！', '111', '2', 1, '2019-04-14 11:00:00', '', 'Tokyo', '東京駅', '', 500, '¥', 0, 50, 0, 1, 0, 0, 1, 0, '2019-04-18 07:37:16', '2019-09-24 13:57:25', 0),
	('134', 1, 6, '["http:\\/\\/app.hakobiya.net\\/images\\/products\\/BI7f7Xxs5Xo0UPhqJ8Gvgf2rxALiq9OqdEaFbTA0.jpeg"]', '[""]', 'Lime pepper solt', 0, 'Lime pepper solt', 5, 0, 'Lime pepper solt', 'おみやげ用にほしいです！', '111', '2', 1, '2019-04-14 11:00:00', '', 'Tokyo', '東京駅', '', 500, '¥', 0, 50, 0, 1, 0, 0, 1, 0, '2019-04-18 07:37:30', '2019-09-24 13:57:08', 0),
	('135', 1, 6, '["http:\\/\\/app.hakobiya.net\\/images\\/products\\/WHsi2xQlVxtQSkjPiZMV6XgpCqbbxpw8ZD9WuXmU.jpeg"]', '[""]', 'Lime pepper solt', 0, 'Lime pepper solt', 5, 0, 'Lime pepper solt', 'おみやげ用にほしいです！', '111', '2', 1, '2019-04-14 11:00:00', '', 'Tokyo', '東京駅', '', 500, '¥', 0, 50, 0, 1, 0, 0, 1, 0, '2019-11-14 07:37:45', '2019-09-24 13:57:10', 0),
	('136', 1, 6, '["http:\\/\\/app.hakobiya.net\\/public\\/images\\/products\\/1554733887_1.jpg"]', '[""]', 'ROMNO pour homme', 0, 'ROMNO pour homme', 1, 0, 'ROMANO', 'おみやげ用にほしいです！', '84', '2', 0, '2019-04-13 11:00:00', '', 'Tokyo', '東京駅', '', 1200, '¥', 0, 700, 0, 1, 0, 0, 1, 0, '2019-04-18 07:38:15', '2019-09-24 13:57:27', 0),
	('137', 1, 6, '["http:\\/\\/app.hakobiya.net\\/public\\/images\\/products\\/1554733887_1.jpg"]', '[""]', 'ROMNO pour homme', 0, 'ROMNO pour homme', 1, 0, 'ROMANO', 'おみやげ用にほしいです！', '84', '2', 0, '2019-04-13 11:00:00', '', 'Tokyo', '東京駅', '', 1200, '¥', 0, 700, 0, 1, 0, 0, 4, 0, '2019-04-18 07:38:19', '2019-10-15 10:19:00', 1),
	('138', 1, 6, '["http:\\/\\/app.hakobiya.net\\/public\\/images\\/products\\/1554733887_1.jpg"]', '[""]', 'ROMNO pour homme', 0, 'ROMNO pour homme', 1, 0, 'ROMANO', 'おみやげ用にほしいです！', '84', '2', 0, '2019-04-13 11:00:00', '', 'Tokyo', '東京駅', '', 1200, '¥', 0, 700, 0, 1, 0, 0, 1, 0, '2019-04-18 07:38:23', '2019-09-24 13:58:05', 0),
	('139', 1, 6, '["http:\\/\\/app.hakobiya.net\\/images\\/products\\/t7l7QyICq2WkdpWEsyVTgxNJjlmah4i1wcso01gS.jpeg"]', '[""]', '米麺', 0, '米麺', 1, 0, '米麺', '食べたいです。', '104', '1', 0, '2019-04-18 04:39:00', '', 'Tokyo', '', '', 30, '¥', 0, 100, 0, 0, 0, 0, 1, 0, '2019-04-18 07:39:48', '2019-09-24 13:58:07', 0),
	('140', 1, 6, '["http:\\/\\/app.hakobiya.net\\/images\\/products\\/lPw0ndwW8NR28UmrFZv7wZXOApXShcH6qIlsE5Wf.jpeg"]', '[""]', '乾麺', 0, '乾麺', 1, 0, '乾麺', '', '104', '1', 0, '2019-04-20 10:40:00', '', 'Tokyo', '', '', 20, '¥', 0, 200, 0, 0, 0, 0, 0, 0, '2019-04-18 07:40:30', '2019-09-24 13:59:06', 1),
	('141', 1, 6, '["http:\\/\\/app.hakobiya.net\\/images\\/products\\/lPw0ndwW8NR28UmrFZv7wZXOApXShcH6qIlsE5Wf.jpeg"]', '[""]', '乾麺', 0, '乾麺', 1, 0, '乾麺', '', '104', '1', 6, '2019-04-20 10:40:00', '', 'Tokyo', '', '', 20, '¥', 0, 200, 0, 0, 0, 0, 1, 0, '2019-04-18 07:40:37', '2019-10-10 11:15:03', 0),
	('142', 1, 6, '["http:\\/\\/app.hakobiya.net\\/images\\/products\\/WCiDPUCmMhkpk7XuDgOFFjV8EOYUfyiOXCcNZmE1.jpeg"]', '[""]', 'スキニー', 0, 'スキニー', 1, 0, 'ジーンズ', 'お土産用にほしいです！', '44', '2', 1, '2019-04-20 09:25:00', '', 'Tokyo', '東京駅', '', 500, '¥', 0, 100, 0, 0, 0, 0, 1, 0, '2019-04-18 07:40:59', '2019-09-24 13:57:57', 0),
	('143', 1, 6, '["http:\\/\\/app.hakobiya.net\\/images\\/products\\/WCiDPUCmMhkpk7XuDgOFFjV8EOYUfyiOXCcNZmE1.jpeg"]', '[""]', 'スキニー', 0, 'スキニー', 1, 0, 'ジーンズ', 'お土産用にほしいです！', '44', '2', 4, '2019-04-20 09:25:00', '', 'Tokyo', '東京駅', '', 500, '¥', 0, 100, 0, 0, 0, 0, 1, 0, '2019-04-18 07:41:03', '2019-09-24 13:57:31', 0),
	('144', 1, 6, '["http:\\/\\/app.hakobiya.net\\/images\\/products\\/WCiDPUCmMhkpk7XuDgOFFjV8EOYUfyiOXCcNZmE1.jpeg"]', '[""]', 'スキニー', 0, 'スキニー', 1, 0, 'ジーンズ', 'お土産用にほしいです！', '44', '2', 2, '2019-04-20 09:25:00', '', 'Tokyo', '東京駅', '', 500, '¥', 0, 100, 0, 0, 0, 0, 1, 0, '2019-04-18 07:41:08', '2019-10-10 11:14:52', 1),
	('145', 1, 6, '["http:\\/\\/app.hakobiya.net\\/images\\/products\\/HW62pVStvGYIUpx39Aqhk54nc2jc4JQQDVh72jaS.jpeg"]', '[""]', 'カゴバッグ', 0, 'カゴバッグ', 1, 0, 'カゴバッグ', '', '119', '2', 0, '2019-04-18 10:42:00', '', 'Tokyo', '', '', 200, '¥', 0, 500, 0, 0, 0, 0, 0, 0, '2019-04-18 07:42:24', '2019-09-24 13:57:35', 0),
	('146', 1, 6, '["http:\\/\\/app.hakobiya.net\\/images\\/products\\/HW62pVStvGYIUpx39Aqhk54nc2jc4JQQDVh72jaS.jpeg"]', '[""]', 'カゴバッグ', 0, 'カゴバッグ', 1, 0, 'カゴバッグ', '', '119', '2', 3, '2019-04-18 10:42:00', '', 'Tokyo', '', '', 200, '¥', 0, 500, 0, 0, 0, 0, 1, 0, '2019-04-18 07:42:29', '2019-09-24 13:57:37', 0),
	('147', 1, 6, '["http:\\/\\/app.hakobiya.net\\/images\\/products\\/HW62pVStvGYIUpx39Aqhk54nc2jc4JQQDVh72jaS.jpeg"]', '[""]', 'カゴバッグ', 0, 'カゴバッグ', 1, 0, 'カゴバッグ', '', '119', '2', 1, '2019-04-18 10:42:00', '', 'Tokyo', '', '', 200, '¥', 0, 500, 0, 0, 0, 0, 1, 0, '2019-04-18 07:42:34', '2019-09-24 10:41:13', 0),
	('148', 1, 6, '["http:\\/\\/app.hakobiya.net\\/images\\/products\\/ZortdqL64Fmqj40I9rUpBpXMmpNvKxLTPB2IHFDU.jpeg"]', '["https://www.lazada.com.ph/#"]', 'コーヒー', 0, 'コーヒー', 1, 0, 'コーヒー', 'お土産用にほしいです！', '111', '2', 8, '2019-04-20 10:44:00', '', 'Tokyo', '', 'https://www.google.com/maps/@35.6982335,139.77651029999998?z=15', 20, '¥', 0, 200, 0, 0, 0, 0, 1, 0, '2019-04-18 07:44:27', '2019-09-24 13:52:40', 0),
	('149', 1, 6, '["http:\\/\\/app.hakobiya.net\\/images\\/products\\/uxnhPGT1FRXh0Tz1Z7zNTSvofWcH8lYAELkMixvE.jpeg"]', '[""]', 'フォー', 0, 'フォー', 1, 0, 'フォー', 'お土産用にほしいです！', '111', '2', 0, '2019-04-20 10:44:00', '', 'Tokyo', '', '', 20, '¥', 0, 200, 0, 0, 0, 0, 0, 0, '2019-04-18 07:44:33', '2019-04-18 07:45:11', 0),
	('15', 1, 1, '["http:\\/\\/app.hakobiya.net\\/public\\/images\\/products\\/1553592311_1.jpg"]', '[""]', 'マウス', 0, 'マウス', 1, 0, 'マウス', '明日ほしいです。', '100', '1', 0, '2019-03-30 16:19:00', '', 'Hanoi', '', '', 1000, '¥', 0, 500, 0, 0, 0, 0, 0, 1, '2019-03-26 16:25:12', '2019-12-02 10:07:54', 0),
	('150', 1, 6, '["http:\\/\\/app.hakobiya.net\\/images\\/products\\/uxnhPGT1FRXh0Tz1Z7zNTSvofWcH8lYAELkMixvE.jpeg"]', '[""]', 'フォー', 0, 'フォー', 1, 0, 'フォー', 'お土産用にほしいです！', '111', '2', 2, '2019-04-20 10:44:00', '', 'Tokyo', '', '', 20, '¥', 0, 200, 0, 0, 0, 0, 1, 0, '2019-04-18 07:45:19', '2019-04-18 07:45:19', 0),
	('151', 1, 6, '["http:\\/\\/app.hakobiya.net\\/images\\/products\\/41sZrQYzP2qxLWvpf6PdZJET34CBdkxVtdXj4Eh5.jpeg"]', '["https://www.lazada.com.ph/#"]', 'フォー', 0, 'フォー', 1, 0, 'フォー', 'お土産用にほしいです！', '111', '2', 43, '2019-04-20 10:44:00', '', 'Tokyo', '', 'https://www.google.com/maps/@35.6792596,139.7698005?z=15', 20, '¥', 0, 200, 0, 0, 0, 0, 1, 1, '2019-04-18 07:45:43', '2019-11-04 13:36:49', 0),
	('152', 1, 6, '["http:\\/\\/app.hakobiya.net\\/images\\/products\\/HW62pVStvGYIUpx39Aqhk54nc2jc4JQQDVh72jaS.jpeg"]', '["https://www.lazada.com.ph/#"]', 'カゴバッグ', 0, 'カゴバッグ', 1, 0, 'カゴバッグ', '', '119', '2', 6, '2019-04-18 10:42:00', '', 'Tokyo', '', '', 200, '¥', 0, 500, 0, 0, 0, 0, 1, 0, '2019-04-18 07:48:46', '2019-09-24 13:51:19', 0),
	('153', 1, 6, '["http:\\/\\/app.hakobiya.net\\/images\\/products\\/WCiDPUCmMhkpk7XuDgOFFjV8EOYUfyiOXCcNZmE1.jpeg"]', '["https://www.lazada.com.ph/#"]', 'スキニー', 0, 'スキニー', 1, 0, 'ジーンズ', 'お土産用にほしいです！', '44', '2', 14, '2019-04-20 09:25:00', '', 'Tokyo', '東京駅', 'https://www.google.com/maps/@35.6982335,139.77651029999998?z=15', 500, '¥', 0, 100, 0, 0, 0, 0, 1, 1, '2019-04-18 07:49:23', '2019-11-04 15:49:07', 0),
	('154', 1, 6, '["http:\\/\\/app.hakobiya.net\\/images\\/products\\/lPw0ndwW8NR28UmrFZv7wZXOApXShcH6qIlsE5Wf.jpeg"]', '["https://www.lazada.com.ph/#"]', '乾麺', 0, '乾麺', 1, 0, '乾麺', '', '104', '1', 17, '2019-04-20 10:40:00', '', 'Tokyo', '', '', 20, '¥', 0, 200, 0, 0, 0, 0, 4, 0, '2019-04-18 07:50:27', '2019-10-15 13:51:41', 1),
	('155', 3, 50, '["http:\\/\\/app.hakobiya.net\\/images\\/products\\/SpXNSNWcogipFCOMD54IHyTjoV6hUIpSu4kFde5C.jpeg"]', '[""]', 'Mi tôm hai san', 0, 'Mi tôm hai san', 2, 0, 'Mi tôm', '', '87', '2', 9, '2019-04-24 02:03:00', '', 'Osaka', 'osaka tokyo', '', 2000, '¥', 0, 100, 0, 1, 0, 0, 1, 0, '2019-04-22 17:04:31', '2019-04-22 17:04:31', 0),
	('157', 3, 50, '["http:\\/\\/app.hakobiya.net\\/images\\/products\\/HHxzRyulAsxfaTNlXkTMoIey1Vez8WYe7cAxdACm.jpeg"]', '[""]', 'keo dua', 0, 'keo dua', 2, 0, 'bánh k1eb9o ha noi', '', '106', '2', 11, '2019-04-23 22:19:00', '', 'Ho Chi Minh', '', '', 1000, '¥', 0, 100, 0, 0, 0, 0, 1, 1, '2019-04-22 17:20:28', '2019-11-04 15:47:38', 0),
	('158', 3, 50, '["http:\\/\\/app.hakobiya.net\\/images\\/products\\/Ugu7PPCL04G9CL7BYottJ9jJveIEi7XbA661a9MF.jpeg"]', '[""]', 'hanh ngo', 0, 'hanh ngo', 1, 0, 'chua cong kha', '', '57', '2', 0, '2019-04-22 06:39:00', '', 'Ho Chi Minh', '', '', 10, '¥', 0, 10, 0, 1, 0, 0, 0, 0, '2019-04-22 17:26:10', '2019-09-24 13:52:35', 0),
	('159', 3, 50, '["http:\\/\\/app.hakobiya.net\\/images\\/products\\/YgQqICm8dY1Ia3TcHBezJtQDD7XUCH94QO0QKr3g.jpeg"]', '[""]', '12', 1, '12', 2, 0, '12', '', '58', '2', 0, '2019-04-22 19:43:00', '', 'Ho Chi Minh', '', '', 100, '¥', 0, 100, 0, 0, 0, 0, 0, 0, '2019-04-22 17:28:48', '2019-09-24 13:51:11', 0),
	('160', 3, 52, '["http:\\/\\/app.hakobiya.net\\/images\\/products\\/2XNckau7gKaIlTAD73bkOON0ZtULQgV3TUtBTPRo.jpeg"]', '[null]', 'Mi tôm hảo hảo', 0, 'Mi tôm hảo hảo', 2, 0, 'Mi tôm Hảo Hảo', '', '109', '設定なし', 19, '2019-04-22 21:16:00', '', 'Ho Chi Minh', '', '', 1200, '¥', 0, 10, 0, 0, 0, 0, 1, 0, '2019-04-23 10:17:44', '2019-09-22 21:43:10', 0),
	('162', 3, 56, '["http:\\/\\/app.hakobiya.net\\/images\\/products\\/CMgSi3hOuY8fHTYTgm7hhfv0Ukc7RjbBslpC7ZR0.jpeg"]', '[""]', 'Yukata', 1, 'Yukata', 3, 0, 'Yukata', '', '126', '1', 6, '2019-04-25 08:00:00', '', 'Ho Chi Minh', '', '', 2500, '¥', 0, 300, 0, 0, 0, 0, 1, 1, '2019-04-23 13:22:42', '2019-11-04 13:36:35', 0),
	('163', 3, 56, '["http:\\/\\/app.hakobiya.net\\/images\\/products\\/EtzrPnBzIp2O2OBycrTxCMWJhz1PB8zwmUkERjf2.jpeg"]', '[""]', 'Figture', 0, 'Figture', 1, 0, 'Figture', '', '143', '1', 30, '2019-04-30 08:00:00', '', 'Hanoi', '', '', 3500, '¥', 0, 0, 0, 1, 0, 0, 1, 0, '2019-04-23 13:28:46', '2019-09-22 21:12:11', 0),
	('164', 1, 56, '["http:\\/\\/app.hakobiya.net\\/images\\/products\\/2Mc4pLTxT818Ntgi7vAKcKLAxZTyg7HQbi3kJHtm.jpeg","http:\\/\\/app.hakobiya.net\\/images\\/products\\/YpbxQFXUjprY8SIa6KWv92p3irRCYG7yO8s9OEsP.jpeg","http:\\/\\/app.hakobiya.net\\/images\\/products\\/2zlDAdELVaHLfZ8lAq3ercaP9pHERlwDMqSkl4Xo.jpeg"]', '[""]', 'Figture', 0, 'Figture', 1, 0, 'figture', '', '143', '1', 6, '2019-05-10 04:00:00', '', 'Osaka', '', '', 3000, '¥', 0, 200, 0, 1, 0, 0, 1, 0, '2019-04-23 13:55:45', '2019-09-24 13:50:25', 1),
	('165', 2, 6, '["http:\\/\\/app.hakobiya.net\\/images\\/products\\/RYxDxI0tGARsFaU8991BLW205FlH6hzo8j3jJge3.jpeg"]', '[""]', 'Hao Hao', 0, 'Hao Hao', 2, 0, 'Hao Hao 23/4', '', '52', '2', 5, '2019-04-23 21:48:00', '', 'Ho Chi Minh', '', '', 10, '¥', 0, 10, 0, 0, 0, 0, 1, 1, '2019-04-23 15:48:55', '2019-11-04 15:47:21', 1),
	('166', 1, 57, '["http:\\/\\/app.hakobiya.net\\/images\\/products\\/UVwskWr6MS9Ha6ob6z4ybZ5GQyP4Jpy41S4iWvds.jpeg"]', '[""]', 'Figture', 1, 'Figture', 1, 0, 'Figture', '', '143', '2', 0, '2019-04-30 04:00:00', '', 'Osaka', '', '', 3500, '¥', 0, 200, 0, 1, 0, 0, 0, 0, '2019-04-24 16:17:53', '2019-09-24 13:51:10', 0),
	('167', 3, 57, '["http:\\/\\/app.hakobiya.net\\/images\\/products\\/kRAIxfYUBwHw3xxpQImxm0Ox0xLdd2P95Y9zfqf9.jpeg"]', '[""]', 'Figture', 1, 'Figture', 1, 750, 'figture', '', '143', '1', 0, '2019-04-30 04:00:00', '', 'Hanoi', '', '', 3800, '¥', 0, 200, 0, 1, 0, 0, 0, 0, '2019-04-24 16:21:55', '2019-09-24 13:52:29', 0),
	('168', 3, 33, '["http:\\/\\/app.hakobiya.net\\/images\\/products\\/b4ih5DpB5GqsPcs8mGhMzAZcqZEtD1eo0T68hrtO.jpeg"]', '[""]', 'Bàn phím cơ CoolKiller CK-LAZER RED', 0, 'Bàn phím cơ CoolKiller CK-LAZER RED', 2, 1010, 'bàn phím cơ', 'sử dụng cá nhân', '102', '1', 13, '2019-04-30 06:15:00', '', 'Ho Chi Minh', 'trung mỹ tây quận 12', 'https://www.google.com/maps/@10.8667716,106.64130449999999?z=15', 3200, '¥', 0, 100, 0, 1, 0, 0, 1, 1, '2019-04-25 08:18:12', '2019-11-04 15:36:16', 0),
	('169', 3, 33, '["http:\\/\\/app.hakobiya.net\\/images\\/products\\/4DR9tPgB8vrdyYNSF0lzE2tBXMZlhHVHCKQ1BuU8.jpeg"]', '[""]', 'bàn phím cơ', 0, 'bàn phím cơ', 4, 1000, 'bàn phím cơ chơi game', '', '100', '2', 18, '2019-04-27 10:18:00', '', 'Ho Chi Minh', '', '', 500, '¥', 0, 100, 0, 0, 0, 0, 1, 1, '2019-04-25 11:18:47', '2019-04-25 11:18:47', 0),
	('170', 2, 54, '["http:\\/\\/app.hakobiya.net\\/images\\/products\\/CL4RLChwU1rI951hz5EDESwMi67jDdBYUGBfijF0.jpeg","http:\\/\\/app.hakobiya.net\\/images\\/products\\/DBepIMRnH825nkfXc9ZOTUkbe35GrEaqk1Ft2rgE.jpeg"]', '["www.google.com"]', 'Figure Saber', 0, 'Figure Saber', 1, 250, 'Figure Aturia', 'It is an easy broken product. Please becareful. If anything broken, won\'t pay for it.', '148', '2', 0, '2019-04-27 18:30:00', '', 'Ho Chi Minh', '117 D Bach Dang', '', 20000, '¥', 0, 500, 0, 0, 0, 0, 0, 0, '2019-04-25 13:21:00', '2019-04-25 13:21:00', 0),
	('171', 2, 54, '["http:\\/\\/app.hakobiya.net\\/images\\/products\\/CL4RLChwU1rI951hz5EDESwMi67jDdBYUGBfijF0.jpeg","http:\\/\\/app.hakobiya.net\\/images\\/products\\/DBepIMRnH825nkfXc9ZOTUkbe35GrEaqk1Ft2rgE.jpeg"]', 'www.google.com', 'Figure Saber', 0, 'Figure Saber', 1, 250, 'Figure Aturia', 'It is an easy broken product. Please becareful. If anything broken, won\'t pay for it.', '148', '2', 11, '2019-04-27 18:30:00', '', 'Ho Chi Minh', '117 D Bach Dang', '', 20000, '¥', 0, 500, 0, 0, 0, 0, 1, 0, '2019-04-25 13:21:29', '2019-04-25 13:21:29', 0),
	('172', 1, 57, '["http:\\/\\/app.hakobiya.net\\/images\\/products\\/1h0ULnMPumtpDP01IVH4Oxaa30j2S4VJY6lxJdqy.jpeg"]', '[""]', 'Yukata', 0, 'Yukata', 5, 0, '浴衣', 'Mua về làm quà. Cần những màu nổi', '38', '2', 16, '2019-04-30 04:30:00', '', 'Ho Chi Minh', '', '', 7000, '¥', 0, 250, 0, 0, 0, 0, 1, 0, '2019-04-25 13:23:07', '2019-09-24 13:51:25', 0),
	('173', 3, 33, '["http:\\/\\/app.hakobiya.net\\/images\\/products\\/bkKv5HYuflgcGkc3KH99QsbOkhgulQqCdenQNlNs.png"]', '["www.google2323.com"]', 'iphone 6 màu đen', 0, 'iphone 6 màu đen', 2, 0, 'iphone 6', 'mi', '92', '1', 4, '2019-04-27 13:01:00', '', 'Ho Chi Minh', '', '', 5000, '¥', 0, 200, 0, 1, 0, 0, 1, 1, '2019-04-25 15:01:56', '2019-11-04 13:32:52', 0),
	('174', 3, 33, '["http:\\/\\/app.hakobiya.net\\/images\\/products\\/dobOwq3GzEx2R4WP4xQcizGICDwueBUKArsKMelw.jpeg"]', '[""]', 'iphone 6 32G trắng', 0, 'iphone 6 32G trắng', 1, 0, 'iphone 6 32G', 'mua tặng bạn', '92', '2', 10, '2019-04-26 14:36:00', '', 'Ho Chi Minh', '', '', 600, '¥', 0, 100, 0, 0, 0, 0, 1, 0, '2019-04-25 16:37:15', '2019-09-24 13:51:04', 0),
	('175', 3, 33, '["http:\\/\\/app.hakobiya.net\\/images\\/products\\/dobOwq3GzEx2R4WP4xQcizGICDwueBUKArsKMelw.jpeg"]', '[""]', 'nokia', 0, 'nokia', 1, 200, 'nokia đen nhám', '', '92', '2', 7, '2019-04-27 15:26:00', '', 'Ho Chi Minh', 'quận 12', '', 300, '¥', 0, 50, 0, 0, 0, 0, 1, 0, '2019-04-25 17:26:51', '2019-09-24 13:51:41', 0),
	('176', 3, 13, '["http:\\/\\/app.hakobiya.net\\/images\\/products\\/dobOwq3GzEx2R4WP4xQcizGICDwueBUKArsKMelw.jpeg"]', '["www.google2323.com"]', 'wifi rooter', 0, 'wifi rooter', 1, 0, 'wifi rooter', '', '68', '2', 0, '2019-05-08 16:48:00', '', 'Tokyo', '', '', 2000, '¥', 0, 700, 0, 0, 0, 0, 1, 0, '2019-04-28 16:50:40', '2019-09-24 13:51:14', 0),
	('177', 3, 13, '["http:\\/\\/app.hakobiya.net\\/images\\/products\\/Is2kAdA5gLmlzXfX9Qf0H7qDJaNdQFHXAmwN07x3.jpeg"]', '["www.google2323.com"]', 'wifi rooter', 0, 'wifi rooter', 1, 0, 'wifi rooter', '', '68', '2', 9, '2019-05-08 16:48:00', '', 'Tokyo', '', 'https://www.google.com', 2000, '¥', 0, 700, 0, 0, 0, 0, 1, 0, '2019-04-28 16:51:13', '2019-09-24 13:51:05', 0),
	('178', 1, 64, '["http:\\/\\/app.hakobiya.net\\/images\\/products\\/QmKlUimM7ZJEKVf3BrJdm40Ih5Qo65KBpiBMzpEq.jpeg","http:\\/\\/app.hakobiya.net\\/images\\/products\\/k20KIXyWunFWDEFrbiKrKb5KQ2IGJv48DfAYG8FY.jpeg"]', '["https://www.amazon.co.jp/pallo-%E3%83%9E%E3%83%AB%E3%83%81%E3%83%A2%E3%83%8B%E3%82%BF%E3%83%BC%E3%82%B9%E3%82%BF%E3%83%B3%E3%83%89-BNC-00301W-JP-%E3%83%9B%E3%83%AF%E3%82%A4%E3%83%88%E3%80%81%E6%80%A5%E9%80%9FUSB%E5%85%85%E9%9B%BB-%E3%83%9E%E3%83%AB%E3%83%81USB%E3%83%8F%E3%83%96%E4%BB%98%E3%81%8D/dp/B06XYHWMSJ/ref\\u003dsr_1_fkmrnull_1?__mk_ja_JP\\u003d%E3%82%AB%E3%82%BF%E3%82%AB%E3%83%8A\\u0026keywords\\u003dWOODY+Fast+Charging+Hub\\u0026qid\\u003d1556647052\\u0026s\\u003dcomputers\\u0026sr\\u003d1-1-fkmrnull","https://www.amazon.co.jp/pallo-Starter-%E3%83%9E%E3%83%AB%E3%83%81%E3%83%A2%E3%83%8B%E3%82%BF%E3%83%BC%E3%82%B9%E3%82%BF%E3%83%B3%E3%83%89-BNC-00101W-JP-%E3%83%9B%E3%83%AF%E3%82%A4%E3%83%88%E3%80%81%E5%8F%8E%E7%B4%8D%E3%83%88%E3%83%AC%E3%82%A4%E4%BB%98%E3%81%8D%E3%83%99%E3%83%BC%E3%82%B7%E3%83%83%E3%82%AF%E5%9F%BA%E6%9C%AC%E5%9E%8B/dp/B06XYMVQBQ/ref\\u003dpd_bxgy_147_2/357-7181939-6049843?_encoding\\u003dUTF8\\u0026pd_rd_i\\u003dB06XYMVQBQ\\u0026pd_rd_r\\u003d89ccfdbd-6b71-11e9-b5d7-cf39c31a776f\\u0026pd_rd_w\\u003dSLQHG\\u0026pd_rd_wg\\u003d3JJHB\\u0026pf_rd_p\\u003d2d39d87c-5ff4-47a9-a2d0-79fb936a2d97\\u0026pf_rd_r\\u003dKKJP4N7JJBP7GC6BNVAK\\u0026psc\\u003d1\\u0026refRID\\u003dKKJP4N7JJBP7GC6BNVAK"]', 'モニター台', 1, 'モニター台', 1, 2560, 'モニター台2つ', 'けんへ\n宜しく', '102', '2', 11, '2019-05-10 10:00:00', '', 'Ho Chi Minh', 'レストラン', '', 14000, '¥', 0, 1000, 0, 1, 0, 0, 4, 0, '2019-05-01 01:13:21', '2019-10-15 09:23:50', 1),
	('179', 1, 49, '["http:\\/\\/app.hakobiya.net\\/images\\/products\\/a61D3aYgukFXgWQ04CXZnUQRUiImVqC8zwoNT57i.png"]', '["https://www.facebook.com/marketplace/shops/item/1918250954918156/?referral_story_type\\u003dshop_pdp_share_deep_link\\u0026referral_code\\u003dshops_pdp_share"]', 'GLEN SHIRT DRESS', 0, 'GLEN SHIRT DRESS', 1, 0, 'WEPHOBIA', 'こちらのドレスの代理購入をお願いしたいです。', '38', '1', 8, '2019-05-11 13:00:00', '', 'Tokyo', '渋谷ヒカリエ2階、入り口前で待ち合わせをお願いします。', 'https://www.google.com/maps/@35.6591041,139.703742?z=15', 8370, '¥', 0, 1000, 0, 0, 0, 0, 1, 0, '2019-05-02 05:00:33', '2019-09-24 13:50:47', 0),
	('180', 1, 6, '["http:\\/\\/app.hakobiya.net\\/images\\/products\\/yT8kSF2F2JdWmkxqORQvhYcWQaWpx3wpS0qitzPU.jpeg"]', '["www.google.com"]', 'コーヒー', 0, 'コーヒー', 1, 0, 'コーヒー', 'お土産用にほしいです。', '111', '1', 12, '2019-05-09 10:07:00', '', 'Tokyo', 'address', 'map', 10, '¥', 0, 10, 0, 0, 0, 0, 1, 0, '2019-05-08 10:07:22', '2019-09-24 13:51:32', 0),
	('181', 3, 73, '["http:\\/\\/app.hakobiya.net\\/images\\/products\\/e84eTLUq12sDx04jmcJmCFZEbBAQU8UNx8JK0GyN.jpeg"]', '["www.google.com"]', 'búp bê nhỏ', 1, 'búp bê nhỏ', 2, 0, 'búp bê', 'búp bê Samurai nhỏ', '148', '設定なし', 7, '2019-05-31 16:30:00', '', 'Ho Chi Minh', 'abcdef', 'https://www.google.com/maps/@-5.0909439999999995,112.17040999999999?z=15', 2000, '¥', 0, 250, 0, 0, 0, 0, 0, 0, '2019-05-27 17:09:52', '2019-09-22 21:48:14', 0),
	('183', 2, 73, '["http:\\/\\/app.hakobiya.net\\/images\\/products\\/6aZ5ngF8bl68pJP6Y0y4f48W9meSO1FdLq4BsEvY.jpeg"]', '["www.google.com"]', 'búp bê samurai', 0, 'búp bê samurai', 2, 300, 'búp bê Samurai cỡ nhỏ', 'Búp bê Samurai cao cỡ 1 gang tay', '148', '1', 15, '2019-05-31 18:30:00', '', 'Ho Chi Minh', 'Trần Xuân Hoà', 'https://www.google.com/maps/@10.752460899999999,106.66713949999999?z=15', 500, '¥', 0, 100, 0, 1, 0, 0, 1, 0, '2019-05-28 10:41:23', '2019-09-24 13:51:16', 0),
	('184', 2, 87, '["http:\\/\\/app.hakobiya.net\\/images\\/products\\/n2SxkUUHBYSUQ4EsFOpB5CQDJBi4Ao9kOxE9c8Qv.jpeg"]', '["www.nokia.com"]', 'Nokia 7 plus', 0, 'Nokia 7 plus', 2, 600, 'Điện thoại Nokia', '2 điện thoại Nokia 7 plus mới', '92', '1', 16, '2019-05-30 04:00:00', '', 'Ho Chi Minh', 'abcdef', 'https://www.google.com/maps/@10.321490800000001,106.63862499999999?z=15', 20000, '¥', 0, 250, 0, 1, 0, 0, 1, 0, '2019-05-28 11:24:51', '2019-09-24 13:51:36', 0),
	('192', 1, 87, '[]', '', '123', 1, '123', 2, 0, '', '', '0', '', 0, '2019-10-08 10:00:00', '', 'Saigon', '', '', 10, '¥', 0, 5, 1, 1, 0, 0, 1, 0, '2019-10-08 10:27:56', '2019-10-08 10:27:56', 0),
	('196', 1, 87, '["http:\\/\\/hako.lc\\/images\\/products\\/X3P46EvlpcgXl4lOWRBHRFFCXs8N1nfMiWObBpPG.jpeg"]', 'https://www.google.com.vn/', '456A', 1, '456A', 12, 0, '', '', '0', '', 0, '2019-10-08 10:40:00', '', 'SaiGon', '', '', 50, '¥', 0, 2, 1, 1, 0, 0, 1, 0, '2019-10-08 10:55:59', '2019-10-08 10:55:59', 0),
	('27', 1, 11, '["http:\\/\\/app.hakobiya.net\\/public\\/images\\/products\\/1554703591_1.jpg"]', '[""]', 'romano pro', 0, 'romano pro', 1, 200, 'I need this shampoo', 'I need this one\nif you can bring, pls contact me', '88', '2', 19, '2019-04-20 11:00:00', '', 'Tokyo', 'tokyo station', 'https://www.google.com/maps/@35.68123620000001,139.7671248?z=15', 500, '¥', 0, 500, 0, 0, 0, 0, 1, 0, '2019-04-08 13:06:31', '2019-09-24 13:53:11', 0),
	('28', 1, 12, '["http:\\/\\/app.hakobiya.net\\/public\\/images\\/products\\/1554718852_1.jpg"]', '[""]', 'BMBココナッツ石鹸', 0, 'BMBココナッツ石鹸', 1, 0, 'ココナッツ石鹸1000円分', '1000円分で買える分だけ買ってきてください。', '88', '2', 12, '2019-04-16 10:30:00', '', 'Tokyo', '成田空港', '', 1000, '¥', 0, 500, 0, 0, 0, 0, 1, 0, '2019-04-08 17:20:52', '2019-09-24 13:53:51', 0),
	('29', 1, 12, '["http:\\/\\/app.hakobiya.net\\/public\\/images\\/products\\/1554719189_1.jpg"]', '[""]', 'ベトナムのお菓子', 0, 'ベトナムのお菓子', 1, 0, 'ベトナムのお菓子', 'ベトナムの方のお勧めで5000円分お願いします！', '106', '2', 9, '2019-04-17 10:30:00', '', 'Tokyo', '', '', 5000, '¥', 0, 1000, 0, 0, 0, 0, 1, 0, '2019-04-08 17:26:29', '2019-09-24 13:54:13', 0),
	('30', 1, 12, '["http:\\/\\/app.hakobiya.net\\/public\\/images\\/products\\/1554719562_1.jpg"]', '[""]', '333ビール', 0, '333ビール', 7, 0, 'ベトナムビール', '好きなビールなので6本欲しいです。', '150', '2', 17, '2019-04-15 10:30:00', '', 'Tokyo', '', '', 1200, '¥', 0, 500, 0, 0, 0, 0, 1, 0, '2019-04-08 17:32:42', '2019-04-08 17:32:42', 0),
	('31', 1, 12, '["http:\\/\\/app.hakobiya.net\\/public\\/images\\/products\\/1554720380_1.jpg"]', '[""]', 'ココナッツキャラメル', 0, 'ココナッツキャラメル', 2, 0, 'キャラメル', 'キャラメルを2000円分おねがい。味はココナッツです。', '106', '2', 7, '2019-04-17 10:30:00', '', 'Tokyo', '', '', 2000, '¥', 0, 1000, 0, 0, 0, 0, 1, 0, '2019-04-08 17:46:20', '2019-09-24 13:54:10', 0),
	('33', 1, 12, '["http:\\/\\/app.hakobiya.net\\/public\\/images\\/products\\/1554721489_1.jpg"]', '[""]', 'ネスレコーヒー', 0, 'ネスレコーヒー', 1, 0, 'コーヒー', 'ネスレコーヒーを3箱お願いします。', '111', '2', 27, '2019-04-17 10:30:00', '', 'Tokyo', '', '', 1000, '¥', 0, 500, 0, 0, 0, 0, 1, 0, '2019-04-08 18:04:49', '2019-09-24 13:54:07', 0),
	('34', 1, 20, '["http:\\/\\/app.hakobiya.net\\/public\\/images\\/products\\/1554723370_1.jpg"]', '[""]', '東芝 TOSHIBA microSDXC 128GB 90MB/s', 0, '東芝 TOSHIBA microSDXC 128GB 90MB/s', 1, 3, '東芝 TOSHIBA microSDXC 128GB 90MB/s', '3個お願いいたします。', '92', '1', 0, '2019-04-24 11:30:00', '', 'Tokyo', '東京駅', 'https://www.google.com/maps/@35.68123620000001,139.7671248?z=15', 1000, '¥', 0, 500, 0, 0, 0, 0, 0, 0, '2019-04-08 18:36:10', '2019-09-24 13:54:04', 0),
	('35', 1, 20, '["http:\\/\\/app.hakobiya.net\\/public\\/images\\/products\\/1554723375_1.jpg"]', '[""]', '東芝 TOSHIBA microSDXC 128GB 90MB/s', 0, '東芝 TOSHIBA microSDXC 128GB 90MB/s', 1, 3, '東芝 TOSHIBA microSDXC 128GB 90MB/s', '', '92', '1', 23, '2019-04-24 11:30:00', '', 'Tokyo', '東京駅', 'https://www.google.com/maps/@35.68123620000001,139.7671248?z=15', 1000, '¥', 0, 500, 0, 0, 0, 0, 1, 1, '2019-04-08 18:36:15', '2019-11-04 15:31:05', 0),
	('36', 1, 20, '["http:\\/\\/app.hakobiya.net\\/public\\/images\\/products\\/1554723838_1.jpg"]', '[""]', 'ベトナム ドライマンゴー', 0, 'ベトナム ドライマンゴー', 3, 0, 'ベトナム ドライマンゴー', '3個お願いします。', '106', '1', 0, '2019-04-24 11:30:00', '', 'Tokyo', '東京駅', 'https://www.google.com/maps/@35.68123620000001,139.7671248?z=15', 1000, '¥', 0, 500, 0, 0, 0, 0, 0, 0, '2019-04-08 18:43:58', '2019-09-24 13:54:00', 0),
	('37', 1, 20, '["http:\\/\\/app.hakobiya.net\\/public\\/images\\/products\\/1554723845_1.jpg","http:\\/\\/hakobija.local:8080\\/public\\/images\\/products\\/1568873810_0.png"]', '[null]', 'ベトナム ドライマンゴー', 0, 'ベトナム ドライマンゴー', 3, 0, 'ベトナム ドライマンゴー', '3個お願いします。', '106', '設定なし', 30, '2019-04-24 11:30:00', '', 'Tokyo', '東京駅', 'https://www.google.com/maps/@35.68123620000001,139.7671248?z=15', 480, '¥', 0, 500, 0, 0, 0, 0, 1, 0, '2019-04-08 18:44:05', '2019-04-11 16:12:19', 0),
	('38', 1, 20, '["http:\\/\\/app.hakobiya.net\\/public\\/images\\/products\\/1554724239_1.jpg"]', '[""]', 'ZIPPO ライター ベトナム戦争戦没者慰霊日 ロゴ', 0, 'ZIPPO ライター ベトナム戦争戦没者慰霊日 ロゴ', 1, 55, 'ZIPPO ライター', 'もしありましたらお願いいたします。', '152', '1', 16, '2019-04-24 11:30:00', '', 'Tokyo', '東京駅', 'https://www.google.com/maps/@35.68123620000001,139.7671248?z=15', 1000, '¥', 0, 5000, 0, 0, 0, 0, 1, 0, '2019-04-08 18:50:39', '2019-09-24 13:53:56', 0),
	('39', 3, 22, '[]', '[""]', 'banh xoai', 0, 'banh xoai', 2, 0, 'banh', '', '61', '2', 11, '2019-04-18 06:13:00', '', 'Ho Chi Minh', 'Hà Nội', '', 500, '¥', 0, 500, 0, 0, 0, 0, 1, 0, '2019-04-08 20:15:30', '2019-09-24 13:54:26', 0),
	('40', 3, 22, '["http:\\/\\/app.hakobiya.net\\/public\\/images\\/products\\/1554729339_1.png"]', '[""]', 'banh xoai', 0, 'banh xoai', 2, 0, 'banh', '', '61', '2', 16, '2019-04-18 06:13:00', '', 'Ho Chi Minh', 'Hà Nội', '', 500, '¥', 0, 500, 0, 0, 0, 0, 1, 0, '2019-04-08 20:15:41', '2019-09-24 13:54:30', 0),
	('401-05-07-0000000001', 1, 87, '["http:\\/\\/hako.lc\\/images\\/products\\/kn18mJU6hhuTPARzlBPoW84kS5aexdA0NkCJ946a.jpeg"]', '["https://www.google.com.vn/"]', '456A', 1, '456Adcdf', 12, 0, '', '', '401-05-07', '', 0, '2019-10-08 10:40:00', '', 'SaiGon', '', '', 50, '¥', 0, 2, 1, 1, 0, 0, 1, 0, '2019-10-08 17:43:50', '2019-10-08 17:43:50', 0),
	('42', 1, 6, '["http:\\/\\/app.hakobiya.net\\/public\\/images\\/products\\/1554731387_1.jpg"]', '[""]', 'Lime pepper solt', 0, 'Lime pepper solt', 5, 0, 'Lime pepper solt', 'おみやげ用にほしいです！', '111', '2', 0, '2019-04-14 11:00:00', '', 'Tokyo', '東京駅', '', 500, '¥', 0, 50, 0, 1, 0, 0, 0, 0, '2019-04-08 20:38:31', '2019-09-24 13:54:33', 0),
	('43', 1, 6, '["http:\\/\\/app.hakobiya.net\\/public\\/images\\/products\\/1554733745_1.jpg"]', '[""]', 'Lime pepper solt', 0, 'Lime pepper solt', 5, 0, 'Lime pepper solt', 'おみやげ用にほしいです！', '111', '2', 33, '2019-04-14 11:00:00', '', 'Tokyo', '東京駅', '', 500, '¥', 0, 500, 0, 1, 0, 0, 1, 0, '2019-04-08 21:29:05', '2019-09-24 13:56:01', 0),
	('44', 1, 6, '["http:\\/\\/app.hakobiya.net\\/public\\/images\\/products\\/1554733887_1.jpg"]', '[""]', 'ROMNO pour homme', 0, 'ROMNO pour homme', 1, 0, 'ROMANO', 'おみやげ用にほしいです！', '84', '2', 1, '2019-04-13 11:00:00', '', 'Tokyo', '東京駅', '', 1200, '¥', 0, 700, 0, 1, 0, 0, 0, 0, '2019-04-08 21:31:28', '2019-09-24 13:56:05', 0),
	('45', 1, 6, '["http:\\/\\/app.hakobiya.net\\/public\\/images\\/products\\/1554734077_1.jpg"]', '["mimitest"]', 'ROMNO wax', 0, 'ROMNO wax', 1, 0, 'ROMANO', 'おみやげ用にほしいです！', '129', '2', 15, '2019-04-13 11:00:00', '', 'Tokyo', '東京駅', '', 350, '¥', 0, 300, 0, 1, 0, 0, 1, 0, '2019-04-08 21:34:37', '2019-04-11 15:23:57', 0),
	('46', 1, 6, '["http:\\/\\/app.hakobiya.net\\/public\\/images\\/products\\/1554733887_1.jpg"]', '[""]', 'ROMNO pour homme', 0, 'ROMNO pour homme', 1, 0, 'ROMANO', 'おみやげ用にほしいです！', '84', '2', 13, '2019-04-13 11:00:00', '', 'Tokyo', '東京駅', '', 1200, '¥', 0, 700, 0, 1, 0, 0, 1, 0, '2019-04-08 21:39:54', '2019-04-08 21:39:54', 0),
	('47', 1, 6, '["http:\\/\\/app.hakobiya.net\\/public\\/images\\/products\\/1554734695_1.jpg"]', '[""]', 'nescafe 3in1', 0, 'nescafe 3in1', 3, 0, 'nescafe', '1000円分ほしいです！', '111', '2', 19, '2019-04-06 11:00:00', '', 'Tokyo', '品川駅', '', 750, '¥', 0, 300, 0, 0, 0, 0, 1, 0, '2019-04-08 21:44:56', '2019-09-24 13:56:08', 0),
	('48', 1, 6, '["http:\\/\\/app.hakobiya.net\\/public\\/images\\/products\\/1554735130_1.jpg"]', '[""]', 'oppo f9 64GB', 0, 'oppo f9 64GB', 1, 0, 'oppo f9 64GB', '', '92', '2', 17, '2019-04-09 11:00:00', '', 'Tokyo', 'Tokyo station', '', 8700, '¥', 0, 2000, 0, 1, 0, 0, 1, 0, '2019-04-08 21:52:10', '2019-09-24 13:56:12', 0),
	('49', 1, 6, '["http:\\/\\/app.hakobiya.net\\/public\\/images\\/products\\/1554736286_1.jpg"]', '[""]', 'ベトナム　フォー　チキン味', 0, 'ベトナム　フォー　チキン味', 5, 0, 'Pho', '食べてみたいのでほしいです！', '104', '2', 18, '2019-04-09 11:10:00', '', 'Tokyo', '羽田空港', '', 300, '¥', 0, 300, 0, 0, 0, 0, 1, 0, '2019-04-08 22:11:27', '2019-09-24 13:56:17', 0),
	('50', 1, 6, '["http:\\/\\/app.hakobiya.net\\/public\\/images\\/products\\/1554736435_1.jpg"]', '[""]', 'ベトナムフォー　牛肉味', 0, 'ベトナムフォー　牛肉味', 5, 0, 'フォー　beef', 'とてもほしいです！', '104', '2', 28, '2019-04-09 11:13:00', '', 'Tokyo', '羽田空港', '', 300, '¥', 0, 300, 0, 0, 0, 0, 1, 0, '2019-04-08 22:13:55', '2019-09-24 13:56:14', 0),
	('52', 1, 7, '["http:\\/\\/app.hakobiya.net\\/public\\/images\\/products\\/1554784246_1.jpg"]', '[""]', 'yfy', 0, 'yfy', 1, 0, 'vhc', '', '74', '2', 0, '2019-04-09 09:30:00', '', 'Ho Chi Minh', '', '', 1000, '¥', 0, 10, 0, 0, 0, 0, 0, 1, '2019-04-09 11:30:46', '2019-12-02 10:15:31', 0),
	('54', 2, 1, '["http:\\/\\/app.hakobiya.net\\/public\\/images\\/products\\/1554784316_1.png"]', '[""]', 'test', 0, 'test', 1, 0, 'hg', '', '35', '1', 0, '2019-04-09 09:31:00', '', 'Hanoi', '', '', 123, '¥', 0, 23, 0, 0, 0, 0, 0, 1, '2019-04-09 11:31:56', '2019-12-02 10:03:21', 0),
	('60', 1, 30, '["http:\\/\\/app.hakobiya.net\\/public\\/images\\/products\\/1554869398_1.jpg"]', '["mmmmmmmmmmmmmmmmmmmmmmmmmmmmmmmmmmmmmmmmmmmm"]', 'ベトナムのお土産詰め合わせセット', 0, 'ベトナムのお土産詰め合わせセット', 1, 1000, 'ベトナムのお土産が欲しい', 'ベトナムにいったことがないので、ベトナムのお土産が欲しいです。\n\n全て飲食物だと嬉しいです。\n中身はお任せしますので、買えるだけ買ってきてください。', '111', '2', 31, '2019-04-13 10:00:00', '', 'Tokyo', '', '', 2000, '¥', 0, 1500, 0, 0, 0, 0, 1, 1, '2019-04-10 11:09:58', '2019-11-04 15:49:19', 0),
	('63', 1, 31, '["http:\\/\\/app.hakobiya.net\\/public\\/images\\/products\\/1554875165_1.jpg","http:\\/\\/app.hakobiya.net\\/public\\/images\\/products\\/1554875165_2.jpg","http:\\/\\/app.hakobiya.net\\/public\\/images\\/products\\/1554875166_3.jpg"]', '[""]', 'son tung', 0, 'son tung', 2, 350, 'ベトナムコーヒー', '日常で使う分で欲しいです。\n汚れ傷は特に気にしません', '111', '2', 41, '2019-04-15 13:44:00', '', 'Tokyo', '', '', 750, '¥', 0, 200, 0, 0, 0, 0, 1, 0, '2019-04-10 12:46:06', '2019-04-11 18:08:04', 0),
	('63-0000000001', 1, 87, '["http:\\/\\/hako.lc\\/images\\/products\\/eWdLGIZH9baUw4B9DW7885CVG908sLcN5kImic1e.jpeg"]', '["https://www.google.com.vn/"]', '456A', 1, '456Adcdf', 12, 0, '', '', '63', '', 0, '2019-10-08 10:40:00', '', 'SaiGon', '', '', 50, '¥', 0, 2, 1, 1, 0, 0, 1, 0, '2019-10-08 17:15:24', '2019-10-08 17:15:24', 0),
	('74', 3, 33, '["http:\\/\\/app.hakobiya.net\\/public\\/images\\/products\\/1554897054_1.jpg"]', '[""]', 'Vinh', 0, 'Vinh', 1, 68000, 'mua người giống trong hình', 'làm quà tặng', '152', '2', 7, '2019-04-11 16:49:00', '', 'Ho Chi Minh', 'quận 12 thành phố Hồ Chí Minh', 'https://www.google.com/maps/@10.8671531,106.6413322?z=15', 10, '¥', 0, 20, 0, 1, 0, 0, 2, 1, '2019-04-10 18:50:55', '2019-11-04 15:29:30', 0),
	('75', 3, 35, '["http:\\/\\/app.hakobiya.net\\/public\\/images\\/products\\/1554897160_1.jpg"]', '[""]', 'denim 008', 0, 'denim 008', 1, 700, 'XL denim jacket', 'Muốn làm quà tặng', '43', '1', 33, '2019-05-10 12:30:00', '', 'Ho Chi Minh', 'Thu Duc district', 'https://www.google.com/maps/@10.8658286,106.77824729999999?z=15', 5000, '¥', 0, 200, 0, 0, 0, 0, 1, 1, '2019-04-10 18:52:41', '2019-11-04 15:49:31', 0),
	('76', 3, 34, '["http:\\/\\/app.hakobiya.net\\/public\\/images\\/products\\/1554897224_1.jpg"]', '[""]', 'minahogo2', 0, 'minahogo2', 1, 0, 'sách', '', '141', '1', 10, '2019-04-11 16:53:00', '', 'Ho Chi Minh', '', '', 2000, '¥', 0, 10, 0, 0, 0, 0, 1, 0, '2019-04-10 18:53:45', '2019-09-24 13:56:26', 0),
	('77', 3, 34, '["http:\\/\\/app.hakobiya.net\\/public\\/images\\/products\\/1554897238_1.jpg"]', '[""]', 'minahogo2', 0, 'minahogo2', 1, 0, 'sách', '', '141', '1', 0, '2019-04-11 16:53:00', '', 'Ho Chi Minh', '', '', 2000, '¥', 0, 10, 0, 0, 0, 0, 0, 0, '2019-04-10 18:53:59', '2019-09-24 13:56:32', 0),
	('78', 3, 37, '["http:\\/\\/app.hakobiya.net\\/public\\/images\\/products\\/1554897251_1.jpg"]', '[""]', 'Trà sữa bobapop', 0, 'Trà sữa bobapop', 1, 0, 'Đồ uống', '', '107', '2', 25, '2019-04-30 16:00:00', '', 'Ho Chi Minh', '', '', 500, '¥', 0, 200, 0, 1, 0, 0, 1, 0, '2019-04-10 18:54:11', '2019-09-24 13:54:56', 0),
	('79', 3, 34, '["http:\\/\\/app.hakobiya.net\\/public\\/images\\/products\\/1554897256_1.jpg"]', '[""]', 'minahogo2', 0, 'minahogo2', 1, 0, 'sách', '', '141', '1', 11, '2019-04-11 16:53:00', '', 'Ho Chi Minh', '', '', 2000, '¥', 0, 10, 0, 0, 0, 0, 1, 0, '2019-04-10 18:54:16', '2019-09-24 13:57:02', 0),
	('80', 3, 1, '["http:\\/\\/app.hakobiya.net\\/public\\/images\\/products\\/1554897277_1.jpg"]', '[""]', 'minahogo2', 0, 'minahogo2', 1, 0, 'sách', '', '141', '1', 17, '2019-04-11 16:53:00', '', 'Ho Chi Minh', '', '', 2000, '¥', 0, 10, 0, 0, 0, 0, 1, 1, '2019-04-10 18:54:38', '2019-12-02 10:07:51', 0),
	('85', 3, 37, '["http:\\/\\/app.hakobiya.net\\/public\\/images\\/products\\/1554959155_1.jpg"]', '[""]', 'Trà xanh không độ', 0, 'Trà xanh không độ', 15, 455, 'O độ', '', '107', '2', 15, '2019-04-10 10:04:00', '', 'Ho Chi Minh', '', '', 5000, '¥', 0, 100, 0, 0, 0, 0, 1, 0, '2019-04-11 12:05:56', '2019-09-24 13:56:53', 0),
	('94', 1, 1, '["http:\\/\\/app.hakobiya.net\\/images\\/products\\/wIFXHajtYHV2ew3ILfgq4Ed1J3FBl4hZ8jA8sFva.jpeg"]', '[""]', 'CHON THUONG HANG', 0, 'CHON THUONG HANG', 1, 0, 'ベトナムコーヒー', '100g 10袋入 1650円', '152', '2', 15, '2019-04-30 15:30:00', '', 'Osaka', '大阪府泉南郡熊取町', '', 1650, '¥', 0, 50, 0, 0, 0, 0, 1, 0, '2019-04-11 15:34:52', '2019-04-11 15:34:52', 0),
	('A-0000000001', 2, 144, '["http:\\/\\/hako.lc\\/images\\/products\\/QphhZMVFWHFdtkfRivqWUnpUdnn2DsDLBG0LiSMr.jpeg"]', '["https://www.google.com.vn"]', 'dcd', 1, 'v', 100, 0, '', '', 'A', '', 0, '2019-10-08 10:40:00', '', 'SaiGon f', '', '', 5000, '¥', 0, 2, 1, 1, 0, 0, 1, 0, '2019-10-09 17:08:54', '2019-10-09 17:09:35', 0),
	('A-0000000002', 2, 87, '["http:\\/\\/hako.lc\\/images\\/products\\/9y9KB3n209SlkVh7CUMPEaGCmEAA0bIU6fhUGD06.jpeg"]', '["https://www.google.com.vn"]', 'dcd', 1, 'v', 100, 0, '', '', 'A', '', 0, '2019-10-08 10:40:00', '', 'SaiGon f', '', '', 500, '¥', 0, 2, 1, 1, 0, 0, 1, 0, '2019-10-14 13:11:35', '2019-10-14 13:11:35', 0),
	('D0101-0000000001', 1, 87, '["http:\\/\\/hako.lc\\/images\\/products\\/l4Tu6xAiXgTGesBTtjGT3rDfsPJdARodOLLY5osP.jpeg"]', '["https://www.google.com.vn/"]', '456A', 1, '456Adcdf', 12, 0, '', '', 'D0101', '', 0, '2019-10-08 10:40:00', '', 'SaiGon', '', '', 50, '¥', 0, 2, 1, 1, 0, 0, 1, 0, '2019-10-08 16:53:51', '2019-10-08 16:53:51', 0),
	('D0101-0000000002', 1, 87, '["http:\\/\\/hako.lc\\/images\\/products\\/cx0kEmRojWI1KF4E6lMzwcIumoOIYSzf5IIozubt.jpeg"]', '["https://www.google.com.vn/"]', '456A', 1, '456Adcdf', 12, 0, '', '', 'D0101', '', 0, '2019-10-08 10:40:00', '', 'SaiGon', '', '', 50, '¥', 0, 2, 1, 1, 0, 0, 1, 0, '2019-10-08 16:53:54', '2019-10-08 16:53:54', 0),
	('D0101-0000000003', 1, 87, '["http:\\/\\/hako.lc\\/images\\/products\\/lPyRjh4aYoTNQWHCSK4T0biUjmPQVBdUM86Wri7S.jpeg"]', '["https://www.google.com.vn"]', 'test now', 1, 'test now', 100, 0, '', '', 'D0101', '', 0, '2019-10-08 10:40:00', '', 'SaiGon', '', '', 5090, '¥', 0, 2, 1, 1, 0, 0, 4, 0, '2019-10-09 16:51:33', '2019-10-15 10:28:58', 1),
	('D0201-0000000001', 1, 87, '["http:\\/\\/hako.lc\\/images\\/products\\/gzYlMqa4TuLSa2qyRXofnrCJqecAGPn5PT8m3a1R.jpeg"]', '["https://www.google.com.vn/"]', '456A', 1, '456A', 12, 0, '', '', 'D0201', '', 0, '2019-10-08 10:40:00', '', 'SaiGon', '', '', 50, '¥', 0, 2, 1, 1, 0, 0, 1, 0, '2019-10-08 11:54:05', '2019-10-08 11:54:05', 0),
	('D0201-0000000004', 1, 87, '["http:\\/\\/hako.lc\\/images\\/products\\/oe2ZvldQ9FPbeLIvfVHgaSjZA8NzYEngAZMgFHc3.jpeg"]', '["https://www.google.com.vn/"]', '456A', 1, '456Adcdf', 12, 0, '', '', 'D0201', '', 0, '2019-10-08 10:40:00', '', 'SaiGon', '', '', 50, '¥', 0, 2, 1, 1, 0, 0, 1, 0, '2019-10-08 16:46:19', '2019-10-08 16:46:19', 0),
	('D0201-0000000005', 1, 87, '["http:\\/\\/hako.lc\\/images\\/products\\/bZuXk87bY9qafnzAELmIaw029ePsJ873kHnZbeW5.jpeg"]', '["https://www.google.com.vn/"]', '456A', 1, '456Adcdf', 12, 0, '', '', 'D0201', '', 0, '2019-10-08 10:40:00', '', 'SaiGon', '', '', 50, '¥', 0, 2, 1, 1, 0, 0, 1, 0, '2019-10-08 16:46:21', '2019-10-08 16:46:21', 0),
	('D0201-0000000006', 1, 87, '["http:\\/\\/hako.lc\\/images\\/products\\/TX4nnQsPQ31PgS5Z7dYfvi9p3xwO9l3erDal2VSN.jpeg"]', '["https://www.google.com.vn/"]', '456A', 1, '456Adcdf', 12, 0, '', '', 'D0201', '', 0, '2019-10-08 10:40:00', '', 'SaiGon', '', '', 50, '¥', 0, 2, 1, 1, 0, 0, 1, 0, '2019-10-09 11:26:14', '2019-10-09 11:26:14', 0),
	('D0201-0000000007', 1, 87, '["http:\\/\\/hako.lc\\/images\\/products\\/wInZp4HSjdLtnvhZTkhqUtrMEWYqz3RksDeL1PL8.jpeg"]', '["https://www.google.com.vn/"]', '456A', 1, '456Adcdf', 12, 0, '', '', 'D0201', '', 0, '2019-10-08 10:40:00', '', 'SaiGon', '', '', 50, '¥', 0, 2, 1, 1, 0, 0, 1, 0, '2019-10-09 11:26:17', '2019-10-09 11:26:17', 0),
	('D0201-0000000008', 1, 87, '["http:\\/\\/hako.lc\\/images\\/products\\/EHWl5Yqn7tIS6MnDhiM6bssSWBGTJD7UGvXedXDJ.jpeg"]', '["https://www.google.com.vn/"]', '456A', 1, '456Adcdf', 12, 0, '', '', 'D0201', '', 0, '2019-10-08 10:40:00', '', 'SaiGon', '', '', 50, '¥', 0, 2, 1, 1, 0, 0, 1, 0, '2019-10-09 11:26:18', '2019-10-09 11:26:18', 0),
	('D0201-0000000009', 1, 87, '["http:\\/\\/hako.lc\\/images\\/products\\/1x3P7oFIFTrbP1FuyZj2TBfzH7wZ4k6N4KLkLq1x.jpeg"]', '["https://www.google.com.vn/"]', '456A', 1, '456Adcdf', 12, 0, '', '', 'D0201', '', 0, '2019-10-08 10:40:00', '', 'SaiGon', '', '', 50, '¥', 0, 2, 1, 1, 0, 0, 1, 0, '2019-10-09 11:26:19', '2019-10-09 11:26:19', 0),
	('D0201-0000000010', 1, 87, '["http:\\/\\/hako.lc\\/images\\/products\\/kgtgre1SMXLoIXInh1gNfEoqhjqP8r4MXOI4ezjD.jpeg"]', '["https://www.google.com.vn/"]', '456A', 1, '456Adcdf', 12, 0, '', '', 'D0201', '', 0, '2019-10-08 10:40:00', '', 'SaiGon', '', '', 50, '¥', 0, 2, 1, 1, 0, 0, 1, 0, '2019-10-09 11:26:21', '2019-10-09 11:26:21', 0),
	('D0201-0000000011', 1, 87, '["http:\\/\\/hako.lc\\/images\\/products\\/1qq2IEXNZ1zk9v5wxSd2hP79N0afgxpnebnjYQNc.jpeg"]', '["https://www.google.com.vn/"]', '456A', 1, '456Adcdf', 12, 0, '', '', 'D0201', '', 0, '2019-10-08 10:40:00', '', 'SaiGon', '', '', 50, '¥', 0, 2, 1, 1, 0, 0, 1, 0, '2019-10-09 11:26:22', '2019-10-09 11:26:22', 0),
	('D0201-0000000012', 1, 87, '["http:\\/\\/hako.lc\\/images\\/products\\/ukFxowLwn3oYNtxXVX2CHkC9XXyx5Mup3pQZg3EV.jpeg"]', '["https://www.google.com.vn/"]', '456A', 1, '456Adcdf', 12, 0, '', '', 'D0201', '', 0, '2019-10-08 10:40:00', '', 'SaiGon', '', '', 50, '¥', 0, 2, 1, 1, 0, 0, 1, 0, '2019-10-09 11:26:23', '2019-10-09 11:26:23', 0),
	('D0201-0000000013', 1, 87, '["http:\\/\\/hako.lc\\/images\\/products\\/i5936kY4Nb0JRWWCAVixKVDNBPEqSldNQ03E4EbL.jpeg"]', '["https://www.google.com.vn/"]', '456A', 1, '456Adcdf', 12, 0, '', '', 'D0201', '', 0, '2019-10-08 10:40:00', '', 'SaiGon', '', '', 50, '¥', 0, 2, 1, 1, 0, 0, 1, 0, '2019-10-09 11:26:25', '2019-10-09 11:26:25', 0),
	('D0201-0000000014', 1, 87, '["http:\\/\\/hako.lc\\/images\\/products\\/xnTD3rzndrmVI2D27b43X9TQTFAgYqjLanY36JOp.jpeg"]', '["https://www.google.com.vn/"]', '456A', 1, '456Adcdf', 12, 0, '', '', 'D0201', '', 0, '2019-10-08 10:40:00', '', 'SaiGon', '', '', 50, '¥', 0, 2, 1, 1, 0, 0, 1, 0, '2019-10-09 11:26:26', '2019-10-09 11:26:26', 0),
	('D0201-0000000015', 1, 87, '["http:\\/\\/hako.lc\\/images\\/products\\/YPeO0pUEjqTBS062KzAarmqYe6cjr2WWFY169yLk.jpeg"]', '["https://www.google.com.vn/"]', '456A', 1, '456Adcdf', 12, 0, '', '', 'D0201', '', 0, '2019-10-08 10:40:00', '', 'SaiGon', '', '', 50, '¥', 0, 2, 1, 1, 0, 0, 1, 0, '2019-10-09 11:26:27', '2019-10-09 11:26:27', 0),
	('D0201-0000000016', 1, 87, '["http:\\/\\/hako.lc\\/images\\/products\\/T862Nr8unb68C0OXyKQIbEbZ2sUqxmgrkW7fWMzu.jpeg"]', '["https://www.google.com.vn/"]', '456A', 1, '456Adcdf', 12, 0, '', '', 'D0201', '', 0, '2019-10-08 10:40:00', '', 'SaiGon', '', '', 50, '¥', 0, 2, 1, 1, 0, 0, 1, 0, '2019-10-09 11:26:28', '2019-10-09 11:26:28', 0),
	('D0201-0000000017', 1, 87, '["http:\\/\\/hako.lc\\/images\\/products\\/1gHuT2KhQuVmpba0qT3pgbTCk3ogYZrAGPubJFcn.jpeg"]', '["https://www.google.com.vn/"]', '456A', 1, '456Adcdf', 12, 0, '', '', 'D0201', '', 0, '2019-10-08 10:40:00', '', 'SaiGon', '', '', 50, '¥', 0, 2, 1, 1, 0, 0, 1, 0, '2019-10-09 11:26:29', '2019-10-09 11:26:29', 0),
	('D0201-0000000018', 1, 87, '["http:\\/\\/hako.lc\\/images\\/products\\/GCFEiC4Jt4i9vklBBB3vwhHwx86xW6dLj9SIkiBo.jpeg"]', '["https://www.google.com.vn/"]', '456A', 1, '456Adcdf', 12, 0, '', '', 'D0201', '', 0, '2019-10-08 10:40:00', '', 'SaiGon', '', '', 50, '¥', 0, 2, 1, 1, 0, 0, 0, 0, '2019-10-09 11:26:36', '2019-10-09 11:26:36', 0),
	('D0201-0000000019', 1, 87, '["http:\\/\\/hako.lc\\/images\\/products\\/Z9HMHUjJWnKOyXzr6KWSA4DM8DGcwFfmmG5dqq1T.jpeg"]', '["https://www.google.com.vn/"]', '456A', 1, '456Adcdf', 12, 0, '', '', 'D0201', '', 0, '2019-10-08 10:40:00', '', 'SaiGon', '', '', 50, '¥', 0, 2, 1, 1, 0, 0, 1, 0, '2019-10-09 11:26:38', '2019-10-09 11:26:38', 0),
	('D0201-0000000020', 1, 87, '["http:\\/\\/hako.lc\\/images\\/products\\/pdajpFRnlwzOTemjzT8p9mGguIB3xUe5WhBY6KIU.jpeg"]', '["https://www.google.com.vn/"]', '456A', 1, '456Adcdf', 12, 0, '', '', 'D0201', '', 0, '2019-10-08 10:40:00', '', 'SaiGon', '', '', 50, '¥', 0, 2, 1, 1, 0, 0, 1, 0, '2019-10-09 11:26:39', '2019-10-09 11:26:39', 0),
	('D0201-0000000021', 1, 87, '["http:\\/\\/hako.lc\\/images\\/products\\/AtlAtQBqjM2YPS0HoUTxw0qjiVkFilvIS8oAoU7I.jpeg"]', '["https://www.google.com.vn/"]', '456A', 1, '456Adcdf', 12, 0, '', '', 'D0201', '', 0, '2019-10-08 10:40:00', '', 'SaiGon', '', '', 50, '¥', 0, 2, 1, 1, 0, 0, 0, 0, '2019-10-09 11:26:40', '2019-10-09 11:26:40', 0),
	('D0201-0000000022', 1, 87, '["http:\\/\\/hako.lc\\/images\\/products\\/UksHKyeR18GCn3oa2kvjfqiLfXp1SDa4IRgZIUQs.jpeg"]', '["https://www.google.com.vn"]', '456A', 1, '456Adcdf', 12, 0, '', '', 'D0201', '', 0, '2019-10-08 10:40:00', '', 'SaiGon', '', '', 50, '¥', 0, 2, 1, 1, 0, 0, 1, 0, '2019-10-09 11:42:23', '2019-10-09 11:42:23', 0),
	('D0201-0000000024', 1, 87, '["http:\\/\\/hako.lc\\/images\\/products\\/Y2Z29me7XnCEoe4PlM49FlBKGMDA7rQyY8i1OTwl.jpeg"]', '["https://www.google.com.vn"]', '456A', 1, '456Adcdf', 12, 0, '', '', 'D0201', '', 0, '2019-10-08 10:40:00', '', 'SaiGon', '', '', 50, '¥', 0, 2, 1, 1, 0, 0, 1, 0, '2019-10-09 16:17:25', '2019-10-09 16:17:25', 0),
	('D0201-0000000025', 1, 87, '["http:\\/\\/hako.lc\\/images\\/products\\/vERyj9TzLjQXUpNkg43hEMcwJ8K2f12E82evsQD7.jpeg"]', '["https://www.google.com.vn"]', 'hoai nam', 1, '456Adcdf', 100, 0, '', '', 'D0201', '', 0, '2019-10-08 10:40:00', '', 'SaiGon', '', '', 5090, '¥', 0, 2, 1, 1, 0, 0, 4, 0, '2019-10-09 16:17:15', '2019-10-16 09:06:39', 0),
	('D0201-0000000026', 1, 87, '["http:\\/\\/hako.lc\\/images\\/products\\/d5hLE0ZFUPTpdOQaDo7gyF7ABSfYti4LmXgUN97a.jpeg"]', '["https://www.google.com.vn"]', 'hoai nam', 1, '456Adcdf', 100, 0, '', '', 'D0201', '', 0, '2019-10-08 10:40:00', '', 'SaiGon', '', '', 5090, '¥', 0, 2, 1, 1, 0, 0, 1, 0, '2019-10-09 16:50:09', '2019-10-09 16:50:09', 0),
	('D0201-0000000027', 1, 1, '["http:\\/\\/hako.lc\\/images\\/products\\/3DEux5yt7nE8P4wImPSnSQEMvkUxo1SsuSq8cAWY.jpeg"]', '["https://www.google.com.vn"]', 'dcd', 1, 'v', 100, 0, '', '', 'D0201', '', 0, '2019-10-08 10:40:00', '', 'SaiGon f', '', '', 5000, '¥', 0, 2, 1, 1, 0, 0, 1, 1, '2019-10-09 16:54:54', '2019-12-02 10:15:19', 0),
	('D0201-0000000028', 1, 1, '["http:\\/\\/hako.lc\\/images\\/products\\/XapsfywjnALV8CGzWwcX2XfS6jF6PjPd2lktrwjO.jpeg"]', '["https://www.google.com.vn"]', 'dcd', 1, 'v', 100, 0, '', '', 'D0201', '', 0, '2019-10-08 10:40:00', '', 'SaiGon f', '', '', 5000, '¥', 0, 2, 1, 1, 0, 0, 1, 1, '2019-10-09 17:08:47', '2019-12-02 10:15:10', 0),
	('I-0000000001', 1, 1, '["http:\\/\\/hako.lc\\/images\\/products\\/7fEgjHHWvq1zpcbFXojPlLeK8O1m7wroZF0eAft9.jpeg"]', '["https://www.google.com.vn"]', 'test now', 1, 'test now', 100, 0, '', '', 'I', '', 0, '2019-10-08 10:40:00', '', 'SaiGon', '', '', 5090, '¥', 0, 2, 1, 1, 0, 0, 1, 1, '2019-10-09 16:53:59', '2019-12-02 10:15:27', 0),
	('I-0000000003', 1, 1, '["http:\\/\\/hako.lc\\/images\\/products\\/CsgA8NNoeg4oaTIcUJOiZ5X1d2iJgQLovXoeRamQ.jpeg"]', '["https://www.google.com.vn"]', 'dcd', 1, 'v', 100, 0, '', '', 'I', '', 0, '2019-10-08 10:40:00', '', 'SaiGon f', '', '', 5000, '¥', 0, 2, 1, 1, 0, 0, 1, 1, '2019-10-09 17:08:56', '2019-12-02 10:07:46', 0);
/*!40000 ALTER TABLE `products` ENABLE KEYS */;

-- Dumping structure for table hakobiya_03.product_comments
CREATE TABLE IF NOT EXISTS `product_comments` (
  `comment_id` int(11) NOT NULL AUTO_INCREMENT,
  `product_id` varchar(20) NOT NULL DEFAULT '0',
  `user_id` varchar(14) NOT NULL DEFAULT '0',
  `comment_type` tinyint(4) NOT NULL DEFAULT '0',
  `comment_content` text NOT NULL,
  `created_at` timestamp NOT NULL DEFAULT CURRENT_TIMESTAMP,
  `updated_at` timestamp NULL DEFAULT NULL,
  PRIMARY KEY (`comment_id`)
) ENGINE=MyISAM AUTO_INCREMENT=18 DEFAULT CHARSET=utf8;

-- Dumping data for table hakobiya_03.product_comments: 16 rows
/*!40000 ALTER TABLE `product_comments` DISABLE KEYS */;
INSERT INTO `product_comments` (`comment_id`, `product_id`, `user_id`, `comment_type`, `comment_content`, `created_at`, `updated_at`) VALUES
	(2, '187', '85', 1, 'Hihi', '2019-08-30 12:52:49', '2019-08-30 12:52:49'),
	(3, '187', '87', 1, 'Hihi', '2019-09-05 09:01:19', '2019-09-05 09:01:19'),
	(4, '187', '144', 1, 'ssss', '2019-09-05 11:06:29', '2019-09-05 11:06:29'),
	(5, '15', '144', 1, 'asd', '2019-09-05 11:06:50', '2019-09-05 11:06:50'),
	(6, '16', '144', 0, 'asd', '2019-09-05 11:18:43', '2019-09-05 11:18:43'),
	(7, '187', '144', 1, 'asd', '2019-09-05 12:03:06', '2019-09-05 12:03:06'),
	(8, '187', '144', 1, 'new 2', '2019-09-05 12:03:25', '2019-09-05 12:03:25'),
	(9, '180', '144', 1, 'mi test', '2019-09-21 12:33:21', '2019-09-21 12:33:21'),
	(10, '180', '144', 1, 'mi test', '2019-09-21 12:37:32', '2019-09-21 12:37:32'),
	(11, '180', '144', 1, 'mi test', '2019-09-21 12:38:41', '2019-09-21 12:38:41'),
	(12, '180', '144', 1, 'mi test', '2019-09-21 12:38:59', '2019-09-21 12:38:59'),
	(13, '180', '87', 1, 'mi test', '2019-09-21 12:39:58', '2019-09-21 12:39:58'),
	(14, '15', '87', 1, 'mi test 1', '2019-09-21 13:03:52', '2019-09-21 13:03:52'),
	(15, '15', '87', 1, 'mi test 2', '2019-09-21 13:04:19', '2019-09-21 13:04:19'),
	(16, '15', '87', 1, '2309', '2019-09-23 09:25:49', '2019-09-23 09:25:49'),
	(17, '15', '87', 2, '230922', '2019-09-23 09:26:40', '2019-09-23 09:26:40');
/*!40000 ALTER TABLE `product_comments` ENABLE KEYS */;

-- Dumping structure for table hakobiya_03.product_likes
CREATE TABLE IF NOT EXISTS `product_likes` (
  `product_like_id` varchar(20) NOT NULL,
  `product_id` varchar(20) NOT NULL,
  `user_id` varchar(14) NOT NULL,
  `state` tinyint(1) NOT NULL DEFAULT '0',
  `created_at` timestamp NOT NULL DEFAULT CURRENT_TIMESTAMP,
  `updated_at` timestamp NULL DEFAULT NULL,
  PRIMARY KEY (`product_like_id`)
) ENGINE=MyISAM AUTO_INCREMENT=158 DEFAULT CHARSET=utf8;

-- Dumping data for table hakobiya_03.product_likes: 21 rows
/*!40000 ALTER TABLE `product_likes` DISABLE KEYS */;
INSERT INTO `product_likes` (`product_like_id`, `product_id`, `user_id`, `state`, `created_at`, `updated_at`) VALUES
	('137', '30', '1', 1, '2019-04-08 11:50:56', NULL),
	('152', '179', '1', 1, '2019-05-06 13:45:47', NULL),
	('151', '171', '1', 0, '2019-04-25 04:40:46', NULL),
	('150', '168', '62', 1, '2019-04-24 23:57:41', NULL),
	('149', '168', '61', 1, '2019-04-24 23:38:36', NULL),
	('148', '168', '33', 1, '2019-04-24 23:19:46', NULL),
	('147', '164', '57', 1, '2019-04-24 05:30:58', NULL),
	('146', '163', '57', 0, '2019-04-24 05:29:13', NULL),
	('145', '128', '56', 1, '2019-04-23 04:15:54', NULL),
	('144', '78', '37', 0, '2019-04-11 03:09:14', NULL),
	('143', '47', '7', 1, '2019-04-10 02:40:14', NULL),
	('142', '50', '12', 1, '2019-04-09 02:24:13', NULL),
	('141', '38', '20', 1, '2019-04-08 13:03:33', NULL),
	('140', '33', '20', 1, '2019-04-08 13:03:15', NULL),
	('139', '29', '6', 1, '2019-04-08 11:53:22', NULL),
	('138', '33', '6', 1, '2019-04-08 11:51:20', NULL),
	('153', '177', '73', 1, '2019-05-27 16:41:36', NULL),
	('154', '168', '11', 1, '2019-08-23 16:35:48', NULL),
	('155', '185', '11', 1, '2019-08-23 16:35:57', NULL),
	('156', '184', '85', 0, '2019-08-30 09:21:14', NULL),
	('157', '187', '85', 1, '2019-08-30 09:24:53', NULL);
/*!40000 ALTER TABLE `product_likes` ENABLE KEYS */;

-- Dumping structure for table hakobiya_03.promotion
CREATE TABLE IF NOT EXISTS `promotion` (
  `promotion_id` int(11) NOT NULL AUTO_INCREMENT COMMENT 'Mã khuyến mãi',
  `promotion_name` varchar(255) NOT NULL,
  `start_time` datetime NOT NULL DEFAULT '0000-00-00 00:00:00' ON UPDATE CURRENT_TIMESTAMP,
  `end_time` datetime NOT NULL DEFAULT '0000-00-00 00:00:00' ON UPDATE CURRENT_TIMESTAMP,
  `num_percent` int(3) NOT NULL,
  `money` int(14) DEFAULT NULL,
  `quantity` int(10) DEFAULT NULL,
  `status` tinyint(1) NOT NULL,
  `type` tinyint(1) DEFAULT NULL,
  `number_share` int(10) DEFAULT '0',
  `description` varchar(255) DEFAULT NULL,
  PRIMARY KEY (`promotion_id`)
) ENGINE=InnoDB AUTO_INCREMENT=17 DEFAULT CHARSET=utf8;

-- Dumping data for table hakobiya_03.promotion: ~5 rows (approximately)
/*!40000 ALTER TABLE `promotion` DISABLE KEYS */;
INSERT INTO `promotion` (`promotion_id`, `promotion_name`, `start_time`, `end_time`, `num_percent`, `money`, `quantity`, `status`, `type`, `number_share`, `description`) VALUES
	(12, 'wwwww', '2019-11-28 00:00:00', '2019-11-28 00:00:00', 100, 0, 105, 0, 1, 0, 'qq'),
	(13, 'htht', '2019-11-08 00:00:00', '2019-11-29 00:00:00', 50, 0, 1116, 0, 1, 0, ' '),
	(14, 'en', '2019-12-03 00:00:00', '2019-12-04 00:00:00', 20, 0, 2007, 0, 1, 0, ' en'),
	(15, 'gt', '2019-12-20 00:00:00', '2019-12-28 00:00:00', 10, 0, 10, 0, 2, 50, 'ggg'),
	(16, 'eng', '2019-12-04 00:00:00', '2019-12-05 00:00:00', 0, 1000, 4, 0, 2, 5, 'dwd');
/*!40000 ALTER TABLE `promotion` ENABLE KEYS */;

-- Dumping structure for table hakobiya_03.promotion_details
CREATE TABLE IF NOT EXISTS `promotion_details` (
  `promotion_detail_id` int(11) NOT NULL AUTO_INCREMENT,
  `promotion_id` int(11) NOT NULL COMMENT 'Khóa ngoại bảng promotion',
  `promotion_code` varchar(255) NOT NULL,
  `user_id_share` varchar(14) NOT NULL,
  `user_id_use` varchar(14) NOT NULL DEFAULT '',
  `status` tinyint(4) DEFAULT NULL,
  `total` int(11) DEFAULT NULL,
  `status_share` tinyint(4) DEFAULT NULL,
  PRIMARY KEY (`promotion_detail_id`)
) ENGINE=InnoDB AUTO_INCREMENT=28 DEFAULT CHARSET=utf8;

-- Dumping data for table hakobiya_03.promotion_details: ~0 rows (approximately)
/*!40000 ALTER TABLE `promotion_details` DISABLE KEYS */;
INSERT INTO `promotion_details` (`promotion_detail_id`, `promotion_id`, `promotion_code`, `user_id_share`, `user_id_use`, `status`, `total`, `status_share`) VALUES
	(27, 2, 'YaTUi4iNDY', '87', '666114093', 0, NULL, NULL);
/*!40000 ALTER TABLE `promotion_details` ENABLE KEYS */;

-- Dumping structure for table hakobiya_03.promotion_lang
CREATE TABLE IF NOT EXISTS `promotion_lang` (
  `id` int(11) NOT NULL AUTO_INCREMENT,
  `promotion_id` int(11) NOT NULL,
  `language` varchar(255) NOT NULL,
  `title` varchar(255) DEFAULT NULL,
  `description` varchar(255) DEFAULT NULL,
  PRIMARY KEY (`id`)
) ENGINE=InnoDB AUTO_INCREMENT=37 DEFAULT CHARSET=utf8;

-- Dumping data for table hakobiya_03.promotion_lang: ~18 rows (approximately)
/*!40000 ALTER TABLE `promotion_lang` DISABLE KEYS */;
INSERT INTO `promotion_lang` (`id`, `promotion_id`, `language`, `title`, `description`) VALUES
	(19, 11, '1', 'nhật', 'Japaness'),
	(20, 11, '2', 'anh', 'EN'),
	(21, 11, '3', 'Việt Nam', 'VietNam'),
	(22, 12, '1', 'dddd', 'ddd'),
	(23, 12, '2', 'wwwww', 'qq'),
	(24, 12, '3', 'wwwww', 'ddwdw'),
	(25, 13, '1', 'hth', 'htht'),
	(26, 13, '2', 'htht', ' '),
	(27, 13, '3', 'hthh', 'hth'),
	(28, 14, '1', 'jp', 'jp'),
	(29, 14, '2', 'en', ' en'),
	(30, 14, '3', 'vi', 'vi'),
	(31, 15, '1', 'qq', 'qq'),
	(32, 15, '2', 'gt', 'ggg'),
	(33, 15, '3', 'te', 'eg'),
	(34, 16, '1', 'japan', 'dwdw'),
	(35, 16, '2', 'eng', 'dwd'),
	(36, 16, '3', 'vietnam', 'dwdw');
/*!40000 ALTER TABLE `promotion_lang` ENABLE KEYS */;

-- Dumping structure for table hakobiya_03.put
CREATE TABLE IF NOT EXISTS `put` (
  `put_id` int(10) unsigned NOT NULL AUTO_INCREMENT,
  `put_title` varchar(255) NOT NULL,
  `put_category_id` int(11) NOT NULL,
  `put_content` text NOT NULL,
  `created_at` timestamp NULL DEFAULT NULL,
  `updated_at` timestamp NULL DEFAULT NULL,
  PRIMARY KEY (`put_id`)
) ENGINE=InnoDB DEFAULT CHARSET=utf8;

-- Dumping data for table hakobiya_03.put: ~0 rows (approximately)
/*!40000 ALTER TABLE `put` DISABLE KEYS */;
/*!40000 ALTER TABLE `put` ENABLE KEYS */;

-- Dumping structure for table hakobiya_03.put_category
CREATE TABLE IF NOT EXISTS `put_category` (
  `put_category_id` int(10) unsigned NOT NULL AUTO_INCREMENT,
  `put_category_name` varchar(255) CHARACTER SET utf8mb4 COLLATE utf8mb4_unicode_ci NOT NULL,
  `created_at` timestamp NULL DEFAULT NULL,
  `updated_at` timestamp NULL DEFAULT NULL,
  PRIMARY KEY (`put_category_id`)
) ENGINE=InnoDB AUTO_INCREMENT=3 DEFAULT CHARSET=utf8;

-- Dumping data for table hakobiya_03.put_category: ~2 rows (approximately)
/*!40000 ALTER TABLE `put_category` DISABLE KEYS */;
INSERT INTO `put_category` (`put_category_id`, `put_category_name`, `created_at`, `updated_at`) VALUES
	(1, 'おしらせ', '2018-06-17 15:00:00', '2018-06-17 15:00:00'),
	(2, 'キャンペーン', '2018-06-17 15:00:00', '2018-06-17 15:00:00');
/*!40000 ALTER TABLE `put_category` ENABLE KEYS */;

-- Dumping structure for table hakobiya_03.put_images
CREATE TABLE IF NOT EXISTS `put_images` (
  `put_images_id` int(10) unsigned NOT NULL AUTO_INCREMENT,
  `put_id` int(11) NOT NULL,
  `language_id` int(11) NOT NULL,
  `put_images_name` varchar(255) NOT NULL,
  `created_at` timestamp NULL DEFAULT NULL,
  `updated_at` timestamp NULL DEFAULT NULL,
  PRIMARY KEY (`put_images_id`)
) ENGINE=InnoDB DEFAULT CHARSET=utf8;

-- Dumping data for table hakobiya_03.put_images: ~0 rows (approximately)
/*!40000 ALTER TABLE `put_images` DISABLE KEYS */;
/*!40000 ALTER TABLE `put_images` ENABLE KEYS */;

-- Dumping structure for table hakobiya_03.question_answer
CREATE TABLE IF NOT EXISTS `question_answer` (
  `id_qa` int(10) unsigned NOT NULL AUTO_INCREMENT,
  `updated_at` timestamp NOT NULL DEFAULT CURRENT_TIMESTAMP ON UPDATE CURRENT_TIMESTAMP,
  `created_at` timestamp NOT NULL DEFAULT CURRENT_TIMESTAMP ON UPDATE CURRENT_TIMESTAMP,
  `status` tinyint(4) NOT NULL,
  PRIMARY KEY (`id_qa`)
) ENGINE=InnoDB AUTO_INCREMENT=95 DEFAULT CHARSET=utf8;

-- Dumping data for table hakobiya_03.question_answer: ~13 rows (approximately)
/*!40000 ALTER TABLE `question_answer` DISABLE KEYS */;
INSERT INTO `question_answer` (`id_qa`, `updated_at`, `created_at`, `status`) VALUES
	(55, '2019-09-30 14:11:11', '2019-09-30 14:11:11', 0),
	(56, '2019-09-30 14:11:54', '2019-09-30 14:11:54', 0),
	(57, '2019-09-30 15:14:17', '2019-09-30 15:14:17', 0),
	(58, '2019-09-30 15:14:39', '2019-09-30 15:14:39', 0),
	(59, '2019-09-30 15:32:25', '2019-09-30 15:32:25', 0),
	(60, '2019-09-30 17:08:05', '2019-09-30 17:08:05', 0),
	(61, '2019-09-30 17:26:46', '2019-09-30 17:26:46', 0),
	(62, '2019-10-01 09:05:36', '2019-10-01 09:05:36', 0),
	(63, '2019-10-01 09:06:22', '2019-10-01 09:06:22', 0),
	(64, '2019-10-01 09:06:37', '2019-10-01 09:06:37', 0),
	(92, '2019-10-03 13:49:18', '2019-10-03 13:49:18', 0),
	(93, '2019-10-04 17:27:46', '2019-10-04 17:27:46', 0),
	(94, '2019-10-22 11:36:18', '2019-10-22 11:36:18', 0);
/*!40000 ALTER TABLE `question_answer` ENABLE KEYS */;

-- Dumping structure for table hakobiya_03.question_answer_translation
CREATE TABLE IF NOT EXISTS `question_answer_translation` (
  `translate_id` int(10) unsigned NOT NULL AUTO_INCREMENT,
  `id_qa` int(11) NOT NULL,
  `language_code` varchar(5) NOT NULL,
  `question` text NOT NULL,
  `answer` text NOT NULL,
  `updated_at` timestamp NOT NULL DEFAULT CURRENT_TIMESTAMP ON UPDATE CURRENT_TIMESTAMP,
  `created_at` timestamp NOT NULL DEFAULT CURRENT_TIMESTAMP ON UPDATE CURRENT_TIMESTAMP,
  PRIMARY KEY (`translate_id`)
) ENGINE=InnoDB AUTO_INCREMENT=65 DEFAULT CHARSET=utf8;

-- Dumping data for table hakobiya_03.question_answer_translation: ~23 rows (approximately)
/*!40000 ALTER TABLE `question_answer_translation` DISABLE KEYS */;
INSERT INTO `question_answer_translation` (`translate_id`, `id_qa`, `language_code`, `question`, `answer`, `updated_at`, `created_at`) VALUES
	(6, 55, 'en', 'Question 1 en', 'answer 1 en', '2019-09-30 14:11:11', '2019-09-30 14:11:11'),
	(7, 55, 'vi', 'question 1 vi', 'answer 1 vi', '2019-09-30 14:11:11', '2019-09-30 14:11:11'),
	(8, 56, 'ja', 'question 2 ja', 'answer 2 ja', '2019-09-30 14:11:54', '2019-09-30 14:11:54'),
	(9, 56, 'en', 'question 2 en', 'answer 2 en', '2019-09-30 14:11:54', '2019-09-30 14:11:54'),
	(10, 56, 'vi', 'question 2 vi', 'answer 2 vi', '2019-09-30 14:11:54', '2019-09-30 14:11:54'),
	(11, 57, 'ja', 'question 3 vi', 'answer 3 vi', '2019-09-30 15:14:17', '2019-09-30 15:14:17'),
	(12, 58, 'en', 'question 4 en', 'answer 4 en', '2019-09-30 15:14:39', '2019-09-30 15:14:39'),
	(13, 59, 'vi', 'question 5 vi', 'answer 5 vi', '2019-09-30 15:32:25', '2019-09-30 15:32:25'),
	(14, 60, 'vi', 'question 6 vi', 'answer 6 vi', '2019-09-30 17:08:05', '2019-09-30 17:08:05'),
	(15, 61, 'vi', 'question 7 vi', 'answer 7 vi', '2019-09-30 17:26:46', '2019-09-30 17:26:46'),
	(16, 62, 'ja', 'question 8 ja', 'answer 8 ja', '2019-10-01 09:05:37', '2019-10-01 09:05:37'),
	(17, 62, 'en', 'question 8 en', 'answer 8 en', '2019-10-01 09:05:37', '2019-10-01 09:05:37'),
	(18, 62, 'vi', 'question 8 vi', 'answer 8 vi', '2019-10-01 09:05:37', '2019-10-01 09:05:37'),
	(19, 63, 'ja', 'question 9 ja', 'answer 9 ja', '2019-10-01 09:06:22', '2019-10-01 09:06:22'),
	(20, 63, 'en', 'question 9 en', 'answer 9 en', '2019-10-01 09:06:22', '2019-10-01 09:06:22'),
	(21, 63, 'vi', 'question 9 vi', 'answer 9 vi', '2019-10-01 09:06:22', '2019-10-01 09:06:22'),
	(22, 64, 'ja', 'question 10 ja', 'answer 10 ja', '2019-10-01 09:06:38', '2019-10-01 09:06:38'),
	(23, 64, 'vi', 'question 10 vi', 'answer 10 vi', '2019-10-01 09:06:38', '2019-10-01 09:06:38'),
	(60, 92, 'ja', 'hello hakobiyaken', 'Hakobiyaken hello.ssss', '2019-12-03 14:13:56', '2019-12-03 14:13:56'),
	(61, 92, 'en', 'hello hakobiyaken', 'Hakobiyaken hello.', '2019-10-03 13:52:07', '2019-10-03 13:52:07'),
	(62, 92, 'vi', 'xin chào habikoya !', 'habikoya xin chào !', '2019-10-03 13:52:07', '2019-10-03 13:52:07'),
	(63, 93, 'ja', '日本語', '日本語', '2019-10-04 17:27:46', '2019-10-04 17:27:46'),
	(64, 93, 'en', 'Test', 'Test', '2019-10-04 17:27:46', '2019-10-04 17:27:46');
/*!40000 ALTER TABLE `question_answer_translation` ENABLE KEYS */;

-- Dumping structure for table hakobiya_03.report_comment
CREATE TABLE IF NOT EXISTS `report_comment` (
  `report_id` int(11) NOT NULL AUTO_INCREMENT,
  `comment_id` varchar(255) NOT NULL DEFAULT '' COMMENT 'id commnet of firebase',
  `product_id` int(11) NOT NULL DEFAULT '0' COMMENT 'report cho sản phẩm nào',
  `request_id` int(11) NOT NULL DEFAULT '0',
  `message_id` varchar(255) NOT NULL DEFAULT '',
  `user_id` int(11) NOT NULL DEFAULT '0',
  `report_type` tinyint(1) NOT NULL DEFAULT '0',
  `report_content` text,
  `report_correspondence` tinyint(1) NOT NULL DEFAULT '0' COMMENT '1- tick, 0 - don''t tick',
  `created_at` timestamp NOT NULL DEFAULT CURRENT_TIMESTAMP,
  `updated_at` timestamp NULL DEFAULT NULL,
  PRIMARY KEY (`report_id`)
) ENGINE=MyISAM AUTO_INCREMENT=12 DEFAULT CHARSET=utf8;

-- Dumping data for table hakobiya_03.report_comment: 8 rows
/*!40000 ALTER TABLE `report_comment` DISABLE KEYS */;
INSERT INTO `report_comment` (`report_id`, `comment_id`, `product_id`, `request_id`, `message_id`, `user_id`, `report_type`, `report_content`, `report_correspondence`, `created_at`, `updated_at`) VALUES
	(3, '', 180, 437, '913', 11, 2, '変な押し付けをされました', 0, '2019-03-28 10:07:19', '2019-03-28 10:07:19'),
	(4, '', 17, 0, '', 6, 5, '変な押し付けをされました', 1, '2019-04-03 16:55:19', '2019-04-12 19:29:36'),
	(5, '-LdIAe5LViW3JT3cNYLY', 17, 0, '', 6, 3, '変な押し付けをされました', 1, '2019-04-03 16:55:34', '2019-04-12 19:29:35'),
	(7, '-LdIAe5LViW3JT3cNYLY', 20, 0, '', 6, 8, '変な押し付けをされました', 1, '2019-04-04 10:13:00', '2019-08-30 17:41:56'),
	(8, '', 151, 0, '', 57, 2, 'test', 0, '2019-04-24 16:08:47', '2019-08-30 17:42:02'),
	(9, '', 151, 0, '', 54, 6, 'c', 0, '2019-04-25 14:08:22', '2019-04-25 14:08:22'),
	(10, '', 0, 472, '-LdIAe5LViW3JT3cNYLY', 52, 3, 'fgggg', 0, '2019-04-26 16:07:39', '2019-04-26 16:07:39'),
	(11, '', 177, 0, '', 73, 9, 'd', 1, '2019-05-27 16:42:31', '2019-09-10 15:24:36');
/*!40000 ALTER TABLE `report_comment` ENABLE KEYS */;

-- Dumping structure for table hakobiya_03.report_user
CREATE TABLE IF NOT EXISTS `report_user` (
  `id` int(11) NOT NULL AUTO_INCREMENT,
  `user_id` int(11) NOT NULL,
  `user_id_report` int(11) NOT NULL,
  `report_content` varchar(255) DEFAULT NULL,
  `report_status` tinyint(4) NOT NULL DEFAULT '0' COMMENT '0: chưa xác nhận, 1: đã khóa user, 2: từ chối khóa user',
  `type` tinyint(4) DEFAULT NULL,
  `created_at` timestamp NOT NULL DEFAULT CURRENT_TIMESTAMP ON UPDATE CURRENT_TIMESTAMP,
  `update_at` timestamp NOT NULL DEFAULT '0000-00-00 00:00:00',
  PRIMARY KEY (`id`)
) ENGINE=InnoDB AUTO_INCREMENT=4 DEFAULT CHARSET=utf8;

-- Dumping data for table hakobiya_03.report_user: ~3 rows (approximately)
/*!40000 ALTER TABLE `report_user` DISABLE KEYS */;
INSERT INTO `report_user` (`id`, `user_id`, `user_id_report`, `report_content`, `report_status`, `type`, `created_at`, `update_at`) VALUES
	(1, 7, 2, 'haha', 1, 1, '2019-11-29 17:49:03', '0000-00-00 00:00:00'),
	(2, 7, 2, 'haha', 1, 1, '2019-11-29 18:08:55', '0000-00-00 00:00:00'),
	(3, 7, 2, 'spam', 0, 1, '2019-11-29 17:48:56', '0000-00-00 00:00:00');
/*!40000 ALTER TABLE `report_user` ENABLE KEYS */;

-- Dumping structure for table hakobiya_03.request
CREATE TABLE IF NOT EXISTS `request` (
  `request_id` int(11) NOT NULL AUTO_INCREMENT,
  `product_id` varchar(255) NOT NULL DEFAULT '0',
  `schedule_id` int(11) NOT NULL DEFAULT '0',
  `request_qr_code` varchar(255) NOT NULL DEFAULT '',
  `user_id_request` varchar(14) NOT NULL DEFAULT '0',
  `read_user_request` int(3) DEFAULT '1',
  `user_id_receive` varchar(14) NOT NULL DEFAULT '0' COMMENT 'user tao san pham',
  `read_user_receive` int(3) DEFAULT '1',
  `request_status` int(11) NOT NULL DEFAULT '0',
  `request_payment` tinyint(1) NOT NULL DEFAULT '0' COMMENT '1 đã thanh toán,0 là chưa thanh toán',
  `schedule_departure_place` varchar(255) NOT NULL,
  `schedule_departure_day` date DEFAULT NULL,
  `schedule_departure_time` time DEFAULT NULL,
  `schedule_arrive_place` varchar(255) NOT NULL,
  `schedule_arrive_day` date DEFAULT NULL,
  `schedule_arrive_time` time DEFAULT NULL,
  `request_finish_date` timestamp NULL DEFAULT '0000-00-00 00:00:00',
  `created_at` timestamp NOT NULL DEFAULT CURRENT_TIMESTAMP,
  `updated_at` timestamp NULL DEFAULT NULL,
  `fee_ratio` float unsigned NOT NULL COMMENT 'lấy từ bảng fee có id=1khi tao request',
  `fee_fixed` int(11) NOT NULL DEFAULT '0' COMMENT 'lấy từ bảng fee có id=1khi tao request',
  `commission_fee` float NOT NULL,
  `commission_fix` int(11) NOT NULL DEFAULT '0',
  `cancel` tinyint(4) DEFAULT '0' COMMENT '1: cancel, 0 : not cancel',
  PRIMARY KEY (`request_id`),
  KEY `schedule_id` (`schedule_id`),
  KEY `schedule_arrive_day` (`schedule_arrive_day`),
  KEY `request_id` (`request_id`),
  KEY `user_id_request` (`user_id_request`),
  KEY `user_id_receive` (`user_id_receive`),
  KEY `schedule_id_2` (`schedule_id`),
  KEY `cancel` (`cancel`),
  KEY `schedule_id_3` (`schedule_id`),
  KEY `schedule_arrive_day_2` (`schedule_arrive_day`),
  KEY `request_id_2` (`request_id`),
  KEY `user_id_request_2` (`user_id_request`),
  KEY `user_id_receive_2` (`user_id_receive`),
  KEY `schedule_id_4` (`schedule_id`),
  KEY `cancel_2` (`cancel`)
) ENGINE=MyISAM AUTO_INCREMENT=490 DEFAULT CHARSET=utf8;

-- Dumping data for table hakobiya_03.request: 22 rows
/*!40000 ALTER TABLE `request` DISABLE KEYS */;
INSERT INTO `request` (`request_id`, `product_id`, `schedule_id`, `request_qr_code`, `user_id_request`, `read_user_request`, `user_id_receive`, `read_user_receive`, `request_status`, `request_payment`, `schedule_departure_place`, `schedule_departure_day`, `schedule_departure_time`, `schedule_arrive_place`, `schedule_arrive_day`, `schedule_arrive_time`, `request_finish_date`, `created_at`, `updated_at`, `fee_ratio`, `fee_fixed`, `commission_fee`, `commission_fix`, `cancel`) VALUES
	(155, '165', 454, '180.7.6', '11', 1, '87', 0, 1, 1, 'Ho Chi Minh', '2019-04-12', '01:25:00', 'Narita', '2019-09-12', '05:50:00', '2019-05-08 10:43:06', '2019-05-08 10:10:58', '2019-09-04 16:15:43', 12.5, 80, 0, 0, 1),
	(223, '165', 471, '163.57.56', '1', 1, '56', 1, 1, 0, 'Ho Chi Minh', '2019-04-25', '20:30:00', 'Osaka', '2018-10-30', '03:30:00', '0000-00-00 00:00:00', '2019-04-25 11:52:02', '2019-04-25 11:52:02', 12.5, 80, 0, 0, 1),
	(465, '165', 475, '75.56.35', '56', 1, '35', 1, 5, 0, 'Ho Chi Minh', '2019-04-25', '12:45:00', 'Haneda', '2019-04-26', '10:45:00', '0000-00-00 00:00:00', '2019-11-14 10:46:09', '2019-04-25 10:46:09', 12.5, 80, 0, 0, 1),
	(463, '165', 474, '153.57.6', '57', 1, '6', 1, 2, 0, 'Haneda', '2019-04-26', '09:31:00', 'Ho Chi Minh', '2019-04-26', '21:31:00', '0000-00-00 00:00:00', '2019-10-08 09:36:25', '2019-04-25 09:36:25', 12.5, 80, 0, 0, 1),
	(462, '165', 473, '168.62.33', '62', 1, '277189619', 1, 2, 0, 'Ho Chi Minh', '2019-04-26', '08:58:00', 'Osaka', '2019-04-30', '10:50:00', '0000-00-00 00:00:00', '2019-04-25 08:59:08', '2019-04-25 08:59:08', 12.5, 80, 0, 0, 1),
	(461, '165', 472, '121.13.31', '13', 1, '31', 1, 2, 0, 'Narita', '2019-04-25', '09:11:00', 'Haneda', '2019-04-25', '14:11:00', '0000-00-00 00:00:00', '2019-04-24 15:12:34', '2019-04-24 15:12:34', 12.5, 80, 0, 0, 1),
	(460, '165', 471, '164.57.56', '57', 1, '56', 1, 1, 0, 'Ho Chi Minh', '2019-04-25', '20:30:00', 'Osaka', '2019-05-10', '03:30:00', '0000-00-00 00:00:00', '2019-11-13 14:31:17', '2019-04-24 14:31:17', 12.5, 80, 0, 0, 1),
	(459, '165', 470, '165.52.51', '52', 1, '51', 1, 6, 0, 'Hanoi', '2019-04-23', '06:23:00', 'Ho Chi Minh', '2019-04-23', '08:40:00', '0000-00-00 00:00:00', '2019-04-23 15:50:39', '2019-04-23 15:50:39', 12.5, 80, 0, 0, 1),
	(457, '157', 470, '157.52.50', '6', 1, '50', 1, 2, 0, 'Hanoi', '2019-04-23', '06:23:00', 'Ho Chi Minh', '2019-04-23', '08:40:00', '0000-00-00 00:00:00', '2019-11-11 13:50:09', '2019-04-23 13:50:09', 12.5, 80, 0, 0, 0),
	(455, '30', 461, '30.6.12', '6', 1, '12', 1, 2, 0, 'Haneda', '2019-04-11', '14:59:00', 'Haneda', '2019-04-12', '13:59:00', '0000-00-00 00:00:00', '2019-11-07 12:43:41', '2019-04-14 12:43:41', 12.5, 80, 0, 0, 0),
	(458, '156', 470, '156.52.50', '52', 1, '277189619', 1, 2, 0, 'Hanoi', '2019-04-23', '06:23:00', 'Ho Chi Minh', '2019-04-23', '08:40:00', '0000-00-00 00:00:00', '2019-04-23 13:51:32', '2019-04-23 13:51:32', 12.5, 80, 0, 0, 0),
	(453, '94', 453, '94.11.21', '11', 1, '21', 1, 4, 1, 'Ho Chi Minh', '2019-09-04', '01:25:00', 'Narita', '2019-09-04', '18:50:00', '2019-04-12 19:09:12', '2019-11-10 15:41:22', '2019-04-11 19:05:15', 12.5, 80, 0, 0, 0),
	(452, '45', 454, '45.7.6', '11', 1, '6', 0, 3, 1, 'Ho Chi Minh', '2019-04-12', '01:25:00', 'Narita', '2019-04-12', '05:50:00', '2019-04-12 19:00:40', '2019-04-11 15:24:42', '2019-04-11 15:25:24', 12.5, 80, 0, 0, 0),
	(450, '37', 454, '37.7.20', '1', 0, '20', 1, 6, 1, 'Ho Chi Minh', '2019-04-12', '01:25:00', 'Narita', '2019-04-12', '05:50:00', '2019-04-12 19:00:01', '2019-04-11 14:12:13', '2019-04-11 16:45:44', 12.5, 80, 0, 0, 0),
	(451, '35', 454, '35.7.20', '277189619', 1, '20', 1, 2, 0, 'Ho Chi Minh', '2019-04-12', '01:25:00', 'Narita', '2019-04-12', '05:50:00', '0000-00-00 00:00:00', '2019-11-09 14:14:48', '2019-04-11 14:14:48', 12.5, 80, 0, 0, 0),
	(442, '46', 454, '46.7.6', '277189619', 0, '6', 1, 6, 1, 'Ho Chi Minh', '2019-04-12', '01:25:00', 'Narita', '2019-04-12', '05:50:00', '2019-04-12 19:02:24', '2019-04-10 11:41:55', '2019-04-11 10:06:00', 12.5, 80, 0, 0, 0),
	(443, '63', 454, '63.7.31', '7', 1, '31', 1, 2, 0, 'Ho Chi Minh', '2019-04-12', '01:25:00', 'Narita', '2019-04-12', '05:50:00', '0000-00-00 00:00:00', '2019-04-10 13:09:45', '2019-04-10 13:09:45', 12.5, 80, 0, 0, 0),
	(444, '60', 454, '60.7.30', '7', 0, '30', 1, 6, 1, 'Ho Chi Minh', '2019-04-12', '01:25:00', 'Narita', '2019-04-12', '05:50:00', '2019-04-12 19:09:33', '2019-04-11 11:26:30', '2019-04-12 19:09:08', 12.5, 80, 0, 0, 0),
	(441, '74', 454, '47.7.6', '7', 0, '87', 0, 4, 1, 'Ho Chi Minh', '2019-04-12', '01:25:00', 'Narita', '2019-04-12', '05:50:00', '2019-04-12 19:01:38', '2019-04-10 11:39:25', '2019-04-11 15:37:39', 12.5, 80, 0, 0, 0),
	(487, 'I-0000000001', 454, '47.7.6', '33', 1, '1', 1, 1, 0, '', NULL, NULL, '', NULL, NULL, '0000-00-00 00:00:00', '2019-12-02 09:57:59', NULL, 0, 0, 0, 0, 0),
	(488, 'D0201-0000000028', 454, '47.7.6', '7', 1, '1', 1, 1, 0, '', NULL, NULL, '', NULL, NULL, '0000-00-00 00:00:00', '2019-12-02 10:07:45', NULL, 0, 0, 0, 0, 0),
	(489, 'I-0000000001', 454, '47.7.6', '7', 1, '1', 1, 2, 0, '', NULL, NULL, '', NULL, NULL, '0000-00-00 00:00:00', '2019-12-02 10:07:47', NULL, 0, 0, 0, 0, 0);
/*!40000 ALTER TABLE `request` ENABLE KEYS */;

-- Dumping structure for table hakobiya_03.request_history
CREATE TABLE IF NOT EXISTS `request_history` (
  `history_id` int(11) NOT NULL AUTO_INCREMENT,
  `request_id` int(11) NOT NULL,
  `request_status` int(11) NOT NULL,
  `create_at` timestamp NOT NULL DEFAULT CURRENT_TIMESTAMP ON UPDATE CURRENT_TIMESTAMP,
  PRIMARY KEY (`history_id`)
) ENGINE=InnoDB AUTO_INCREMENT=2 DEFAULT CHARSET=utf8;

-- Dumping data for table hakobiya_03.request_history: ~0 rows (approximately)
/*!40000 ALTER TABLE `request_history` DISABLE KEYS */;
INSERT INTO `request_history` (`history_id`, `request_id`, `request_status`, `create_at`) VALUES
	(1, 489, 2, '2019-12-06 14:39:42');
/*!40000 ALTER TABLE `request_history` ENABLE KEYS */;

-- Dumping structure for table hakobiya_03.schedules
CREATE TABLE IF NOT EXISTS `schedules` (
  `schedule_id` int(11) NOT NULL AUTO_INCREMENT,
  `user_id` varchar(14) NOT NULL DEFAULT '0',
  `schedule_arrive_place` varchar(255) NOT NULL DEFAULT '',
  `schedule_arrive_day` date DEFAULT NULL,
  `schedule_arrive_time` time DEFAULT NULL,
  `schedule_departure_place` varchar(255) DEFAULT NULL,
  `schedule_departure_day` date DEFAULT NULL,
  `schedule_departure_time` time DEFAULT NULL,
  `schedule_parent` int(11) NOT NULL DEFAULT '0' COMMENT 'chuyến đi chuyến về .chuyến đi =0 chuyến về = id chuyến đi',
  `schedule_active` tinyint(1) NOT NULL DEFAULT '0',
  `created_at` timestamp NOT NULL DEFAULT CURRENT_TIMESTAMP,
  `updated_at` timestamp NULL DEFAULT NULL,
  PRIMARY KEY (`schedule_id`)
) ENGINE=MyISAM AUTO_INCREMENT=486 DEFAULT CHARSET=utf8;

-- Dumping data for table hakobiya_03.schedules: 34 rows
/*!40000 ALTER TABLE `schedules` DISABLE KEYS */;
INSERT INTO `schedules` (`schedule_id`, `user_id`, `schedule_arrive_place`, `schedule_arrive_day`, `schedule_arrive_time`, `schedule_departure_place`, `schedule_departure_day`, `schedule_departure_time`, `schedule_parent`, `schedule_active`, `created_at`, `updated_at`) VALUES
	(450, '6', 'Hanoi', '2019-09-04', '21:30:00', 'Haneda', '2019-09-04', '18:30:00', 0, 0, '2019-03-26 16:14:19', '2019-03-26 16:14:19'),
	(451, '7', 'Narita', '2019-03-28', '12:25:00', 'Ho Chi Minh', '2019-03-28', '12:21:00', 0, 0, '2019-03-28 10:20:42', '2019-03-28 10:20:42'),
	(478, '63', 'Hanoi', '2019-04-26', '15:59:00', 'Ho Chi Minh', '2019-04-26', '12:59:00', 0, 1, '2019-04-25 14:59:26', '2019-04-25 14:59:26'),
	(477, '54', 'Ho Chi Minh', '2019-04-27', '01:00:00', 'Osaka', '2019-04-25', '12:30:00', 0, 1, '2019-04-25 11:33:33', '2019-04-25 11:33:33'),
	(476, '59', 'Hanoi', '2019-04-26', '23:54:00', 'Ho Chi Minh', '2019-04-25', '12:20:00', 0, 1, '2019-04-25 11:20:50', '2019-04-25 11:20:50'),
	(475, '56', 'Haneda', '2019-04-26', '10:45:00', 'Ho Chi Minh', '2019-04-25', '12:45:00', 0, 1, '2019-04-25 10:45:25', '2019-04-25 10:45:25'),
	(474, '57', 'Ho Chi Minh', '2019-04-26', '21:31:00', 'Haneda', '2019-04-26', '09:31:00', 0, 0, '2019-04-25 09:31:59', '2019-04-25 09:31:59'),
	(473, '62', 'Osaka', '2019-04-30', '10:50:00', 'Ho Chi Minh', '2019-04-26', '08:58:00', 0, 1, '2019-04-25 08:58:20', '2019-04-25 08:58:20'),
	(472, '13', 'Haneda', '2019-04-25', '14:11:00', 'Narita', '2019-04-25', '09:11:00', 0, 0, '2019-04-24 15:11:29', '2019-04-24 15:11:29'),
	(471, '57', 'Osaka', '2019-05-10', '03:30:00', 'Ho Chi Minh', '2019-04-25', '20:30:00', 0, 0, '2019-04-24 14:30:45', '2019-04-24 14:30:45'),
	(470, '52', 'Ho Chi Minh', '2019-04-23', '08:40:00', 'Hanoi', '2019-04-23', '06:23:00', 0, 1, '2019-04-22 17:23:40', '2019-04-22 17:23:40'),
	(469, '52', 'Ho Chi Minh', '2019-04-24', '09:21:00', 'Hanoi', '2019-04-24', '06:21:00', 0, 0, '2019-04-22 17:22:00', '2019-04-22 17:22:00'),
	(467, '26', 'Narita', '2019-04-30', '09:09:00', 'Ho Chi Minh', '2019-04-21', '09:09:00', 0, 0, '2019-04-14 09:09:34', '2019-04-14 09:09:34'),
	(466, '32', 'Ho Chi Minh', '2019-04-12', '15:09:00', 'Hanoi', '2019-04-12', '13:08:00', 0, 0, '2019-04-11 12:09:08', '2019-04-11 12:09:08'),
	(465, '37', 'Hanoi', '2019-04-18', '12:07:00', 'Ho Chi Minh', '2019-04-11', '15:07:00', 0, 0, '2019-04-11 12:08:20', '2019-04-11 12:08:20'),
	(464, '6', 'Ho Chi Minh', '2019-04-12', '14:00:00', 'Hanoi', '2019-04-11', '15:08:00', 0, 0, '2019-04-11 12:08:12', '2019-04-11 12:08:12'),
	(463, '37', 'Hanoi', '2019-04-18', '12:07:00', 'Ho Chi Minh', '2019-04-12', '12:06:00', 0, 0, '2019-04-11 12:07:07', '2019-04-11 12:07:07'),
	(462, '32', 'Ho Chi Minh', '2019-04-12', '06:00:00', 'Hanoi', '2019-04-12', '03:00:00', 0, 0, '2019-04-11 12:06:00', '2019-04-11 12:06:00'),
	(461, '6', 'Haneda', '2019-04-12', '13:59:00', 'Haneda', '2019-04-11', '14:59:00', 0, 0, '2019-04-11 11:59:31', '2019-04-11 11:59:31'),
	(460, '4', 'Haneda', '2019-04-20', '10:42:00', 'Haneda', '2019-04-19', '04:41:00', 0, 0, '2019-04-11 10:42:08', '2019-04-11 10:42:08'),
	(459, '41', 'Ho Chi Minh', '2019-04-30', '08:00:00', 'Osaka', '2019-04-20', '07:00:00', 0, 1, '2019-04-10 18:56:45', '2019-04-10 18:56:45'),
	(468, '52', 'Ho Chi Minh', '2019-04-24', '06:16:00', 'Osaka', '2019-04-23', '06:16:00', 0, 0, '2019-04-22 17:16:08', '2019-04-22 17:16:08'),
	(458, '36', 'Osaka', '2019-04-28', '18:53:00', 'Ho Chi Minh', '2019-04-12', '18:53:00', 0, 1, '2019-04-10 18:53:44', '2019-04-10 18:53:44'),
	(455, '2', 'Hanoi', '2019-04-11', '02:00:00', 'Haneda', '2019-04-10', '22:00:00', 0, 0, '2019-04-10 11:59:36', '2019-04-10 11:59:36'),
	(454, '7', 'Narita', '2019-09-04', '20:50:00', 'Ho Chi Minh', '2019-09-04', '01:25:00', 0, 0, '2019-04-10 10:20:51', '2019-04-10 10:20:51'),
	(453, '11', 'Narita', '2019-09-04', '18:50:00', 'Ho Chi Minh', '2019-09-04', '01:25:00', 0, 1, '2019-04-08 19:41:10', '2019-04-08 19:41:10'),
	(452, '3', 'Hanoi', '2019-04-05', '16:13:00', 'Ho Chi Minh', '2019-04-03', '05:13:00', 0, 0, '2019-04-01 14:13:39', '2019-04-01 14:13:39'),
	(479, '74', 'Centrair', '2019-05-28', '15:00:00', 'Ho Chi Minh', '2019-05-27', '18:00:00', 0, 0, '2019-05-27 15:20:09', '2019-05-27 15:20:09'),
	(480, '74', 'Centrair', '2019-05-28', '15:00:00', 'Ho Chi Minh', '2019-05-27', '18:00:00', 0, 0, '2019-05-27 15:21:12', '2019-05-27 15:21:12'),
	(481, '73', 'Ho Chi Minh', '2019-05-31', '12:30:00', 'Osaka', '2019-05-28', '12:00:00', 0, 0, '2019-05-28 10:45:30', '2019-05-28 10:45:30'),
	(482, '87', 'HCM', '2019-08-28', '10:00:00', 'Hanoi', '2019-08-27', '10:00:00', 0, 1, '2019-08-28 11:52:07', '2019-08-28 11:52:07'),
	(483, '85', 'DN', '2019-08-29', '12:21:00', 'DN', '2019-08-28', '11:20:00', 0, 1, '2019-08-28 11:52:07', '2019-08-28 11:52:07'),
	(484, '144', 'HCM', '2019-08-28', '10:00:00', 'Hanoi', '2019-08-27', '10:00:00', 0, 1, '2019-09-04 16:18:40', '2019-09-04 16:18:40'),
	(485, '144', 'DN', '2019-08-29', '12:21:00', 'DN', '2019-08-28', '11:20:00', 484, 0, '2019-09-04 16:18:40', '2019-09-04 16:18:40');
/*!40000 ALTER TABLE `schedules` ENABLE KEYS */;

-- Dumping structure for table hakobiya_03.slides
CREATE TABLE IF NOT EXISTS `slides` (
  `slide_id` int(10) unsigned NOT NULL AUTO_INCREMENT,
  `slide_title` varchar(255) NOT NULL,
  `slide_category_id` int(11) NOT NULL DEFAULT '0',
  `slide_content` text NOT NULL,
  `slide_status` tinyint(1) NOT NULL DEFAULT '0',
  `created_at` timestamp NULL DEFAULT NULL,
  `updated_at` timestamp NULL DEFAULT NULL,
  PRIMARY KEY (`slide_id`)
) ENGINE=InnoDB AUTO_INCREMENT=8 DEFAULT CHARSET=utf8;

-- Dumping data for table hakobiya_03.slides: ~2 rows (approximately)
/*!40000 ALTER TABLE `slides` DISABLE KEYS */;
INSERT INTO `slides` (`slide_id`, `slide_title`, `slide_category_id`, `slide_content`, `slide_status`, `created_at`, `updated_at`) VALUES
	(6, '販促', 0, '', 1, '2019-04-08 13:33:38', '2019-04-08 13:33:38'),
	(7, 'バナー', 0, '', 1, '2019-04-08 14:31:54', '2019-04-08 14:31:54');
/*!40000 ALTER TABLE `slides` ENABLE KEYS */;

-- Dumping structure for table hakobiya_03.slide_category
CREATE TABLE IF NOT EXISTS `slide_category` (
  `slide_category_id` int(10) unsigned NOT NULL AUTO_INCREMENT,
  `slide_category_name` varchar(255) CHARACTER SET utf8mb4 COLLATE utf8mb4_unicode_ci NOT NULL,
  `created_at` timestamp NULL DEFAULT CURRENT_TIMESTAMP,
  `updated_at` timestamp NULL DEFAULT NULL,
  PRIMARY KEY (`slide_category_id`)
) ENGINE=InnoDB AUTO_INCREMENT=5 DEFAULT CHARSET=utf8;

-- Dumping data for table hakobiya_03.slide_category: ~4 rows (approximately)
/*!40000 ALTER TABLE `slide_category` DISABLE KEYS */;
INSERT INTO `slide_category` (`slide_category_id`, `slide_category_name`, `created_at`, `updated_at`) VALUES
	(1, 'おしらせ', '2018-06-17 15:00:00', '2018-06-17 15:00:00'),
	(2, 'キャンペーン', '2018-06-17 15:00:00', '2018-06-17 15:00:00'),
	(3, 'NEWMUSIC', '2018-07-02 13:00:00', '2018-07-02 13:00:00'),
	(4, 'おすすめ', '2018-07-02 13:00:00', NULL);
/*!40000 ALTER TABLE `slide_category` ENABLE KEYS */;

-- Dumping structure for table hakobiya_03.slide_images
CREATE TABLE IF NOT EXISTS `slide_images` (
  `slide_images_id` int(10) unsigned NOT NULL AUTO_INCREMENT,
  `slide_id` int(11) NOT NULL,
  `language_id` int(11) NOT NULL,
  `slide_images_name` varchar(255) NOT NULL,
  `created_at` timestamp NULL DEFAULT NULL,
  `updated_at` timestamp NULL DEFAULT NULL,
  PRIMARY KEY (`slide_images_id`)
) ENGINE=InnoDB AUTO_INCREMENT=85 DEFAULT CHARSET=utf8;

-- Dumping data for table hakobiya_03.slide_images: ~12 rows (approximately)
/*!40000 ALTER TABLE `slide_images` DISABLE KEYS */;
INSERT INTO `slide_images` (`slide_images_id`, `slide_id`, `language_id`, `slide_images_name`, `created_at`, `updated_at`) VALUES
	(67, 99, 1, '1_99_1536587421.jpg', NULL, NULL),
	(68, 100, 1, '1_100_1538016540.jpg', NULL, NULL),
	(69, 100, 3, '3_100_1547112100.jpg', NULL, NULL),
	(70, 101, 1, '1_101_1552891813.jpg', NULL, NULL),
	(71, 101, 2, '2_101_1552891813.jpg', NULL, NULL),
	(72, 1, 1, '1_1_1553571335.jpg', NULL, NULL),
	(79, 6, 1, '1_6_1554705218.jpg', NULL, NULL),
	(80, 6, 2, '2_6_1554705219.jpg', NULL, NULL),
	(81, 6, 3, '3_6_1554705219.jpg', NULL, NULL),
	(82, 7, 1, '1_7_1554712292.jpg', NULL, NULL),
	(83, 7, 2, '2_7_1554712292.jpg', NULL, NULL),
	(84, 7, 3, '3_7_1554712292.jpg', NULL, NULL);
/*!40000 ALTER TABLE `slide_images` ENABLE KEYS */;

-- Dumping structure for table hakobiya_03.statistical_guide
CREATE TABLE IF NOT EXISTS `statistical_guide` (
  `guide_id` int(11) NOT NULL AUTO_INCREMENT,
  `user_id` int(11) NOT NULL,
  `type_guide` tinyint(4) NOT NULL,
  `date_created` timestamp NOT NULL DEFAULT CURRENT_TIMESTAMP ON UPDATE CURRENT_TIMESTAMP,
  `step` tinyint(4) DEFAULT NULL,
  PRIMARY KEY (`guide_id`)
) ENGINE=InnoDB AUTO_INCREMENT=166 DEFAULT CHARSET=utf8mb4 COLLATE=utf8mb4_unicode_ci;

-- Dumping data for table hakobiya_03.statistical_guide: ~154 rows (approximately)
/*!40000 ALTER TABLE `statistical_guide` DISABLE KEYS */;
INSERT INTO `statistical_guide` (`guide_id`, `user_id`, `type_guide`, `date_created`, `step`) VALUES
	(12, 1, 2, '2019-09-12 17:10:07', 8),
	(13, 1, 2, '2019-09-12 17:10:10', 8),
	(14, 82, 2, '2019-09-23 16:12:18', 2),
	(15, 0, 1, '2019-09-23 18:57:41', 1),
	(16, 80, 2, '2019-09-24 14:00:51', 0),
	(17, 82, 1, '2019-09-26 16:00:43', 8),
	(18, 82, 1, '2019-09-26 16:20:44', 4),
	(19, 82, 1, '2019-09-26 16:53:54', 8),
	(20, 6, 1, '2019-09-28 11:59:22', 0),
	(21, 6, 2, '2019-09-28 12:00:59', 7),
	(22, 6, 2, '2019-09-28 12:01:51', 7),
	(23, 6, 1, '2019-09-28 12:03:52', 8),
	(24, 6, 2, '2019-09-28 12:04:42', 7),
	(25, 6, 1, '2019-09-28 12:05:39', 8),
	(26, 6, 2, '2019-09-28 12:06:20', 7),
	(27, 6, 1, '2019-09-28 12:17:09', 8),
	(28, 6, 2, '2019-09-28 12:17:39', 7),
	(29, 82, 1, '2019-09-30 09:54:00', 8),
	(30, 82, 1, '2019-09-30 10:12:18', 3),
	(31, 82, 2, '2019-09-30 10:12:21', 0),
	(32, 82, 1, '2019-09-30 10:18:05', 8),
	(33, 82, 2, '2019-09-30 10:18:21', 7),
	(34, 82, 1, '2019-09-30 14:56:50', 2),
	(35, 82, 1, '2019-09-30 15:12:24', 2),
	(36, 82, 2, '2019-09-30 15:12:57', 4),
	(37, 95, 1, '2019-10-01 10:12:19', 3),
	(38, 85, 1, '2019-10-01 10:17:07', 8),
	(39, 85, 2, '2019-10-01 10:17:18', 0),
	(40, 85, 1, '2019-10-01 10:22:10', 8),
	(41, 95, 1, '2019-10-01 13:29:38', 2),
	(42, 95, 2, '2019-10-01 13:35:51', 0),
	(43, 85, 2, '2019-10-01 13:57:23', 0),
	(44, 103, 1, '2019-10-01 14:45:19', 3),
	(45, 103, 2, '2019-10-01 14:45:47', 0),
	(46, 90, 1, '2019-10-01 15:00:40', 2),
	(47, 95, 1, '2019-10-01 15:28:06', 7),
	(48, 95, 2, '2019-10-01 15:29:07', 2),
	(49, 85, 1, '2019-10-01 15:31:55', 8),
	(50, 85, 2, '2019-10-01 15:32:12', 6),
	(51, 90, 1, '2019-10-01 15:49:49', 2),
	(52, 104, 1, '2019-10-01 15:52:56', 0),
	(53, 105, 1, '2019-10-01 15:59:00', 0),
	(54, 106, 1, '2019-10-01 16:04:44', 0),
	(55, 95, 1, '2019-10-01 16:23:11', 0),
	(56, 95, 2, '2019-10-01 16:24:06', 0),
	(57, 95, 1, '2019-10-01 16:25:28', 6),
	(58, 95, 2, '2019-10-01 16:25:35', 0),
	(59, 106, 1, '2019-10-01 16:37:30', 7),
	(60, 106, 1, '2019-10-01 16:39:20', 7),
	(61, 85, 1, '2019-10-01 16:44:14', 8),
	(62, 85, 1, '2019-10-01 16:45:02', 8),
	(63, 85, 1, '2019-10-01 16:54:59', 8),
	(64, 85, 2, '2019-10-01 16:56:27', 0),
	(65, 85, 2, '2019-10-01 16:59:43', 3),
	(66, 85, 2, '2019-10-01 17:01:17', 3),
	(67, 85, 2, '2019-10-01 17:09:48', 6),
	(68, 85, 1, '2019-10-01 17:10:58', 8),
	(69, 85, 2, '2019-10-01 17:13:12', 6),
	(70, 90, 2, '2019-10-01 17:44:03', 0),
	(71, 97, 1, '2019-10-02 09:56:16', 0),
	(72, 97, 1, '2019-10-02 09:56:46', 0),
	(73, 97, 1, '2019-10-02 10:10:31', 7),
	(74, 97, 1, '2019-10-02 10:12:39', 7),
	(75, 97, 1, '2019-10-02 10:14:06', 8),
	(76, 97, 1, '2019-10-02 10:15:39', 8),
	(77, 97, 2, '2019-10-02 10:23:28', 6),
	(78, 97, 2, '2019-10-02 10:23:58', 6),
	(79, 97, 2, '2019-10-02 10:24:27', 6),
	(80, 97, 2, '2019-10-02 10:24:30', 6),
	(81, 97, 1, '2019-10-02 10:26:33', 8),
	(82, 107, 1, '2019-10-02 10:27:14', 0),
	(83, 97, 2, '2019-10-02 10:30:01', 6),
	(84, 97, 2, '2019-10-02 10:31:13', 6),
	(85, 97, 1, '2019-10-02 10:31:50', 8),
	(86, 97, 2, '2019-10-02 10:34:01', 6),
	(87, 107, 2, '2019-10-02 11:47:34', 6),
	(88, 108, 1, '2019-10-02 11:55:25', 8),
	(89, 108, 1, '2019-10-02 13:24:02', 7),
	(90, 108, 2, '2019-10-02 13:31:11', 2),
	(91, 97, 1, '2019-10-02 14:01:04', 2),
	(92, 7, 1, '2019-10-02 14:05:10', 8),
	(93, 7, 2, '2019-10-02 14:07:54', 7),
	(94, 7, 2, '2019-10-02 14:08:20', 7),
	(95, 97, 1, '2019-10-02 14:49:07', 2),
	(96, 95, 1, '2019-10-02 14:54:20', 8),
	(97, 95, 2, '2019-10-02 14:57:01', 7),
	(98, 97, 2, '2019-10-02 15:08:41', 0),
	(99, 103, 1, '2019-10-02 15:45:47', 3),
	(100, 95, 1, '2019-10-02 15:46:23', 8),
	(101, 95, 2, '2019-10-02 15:48:29', 7),
	(102, 95, 2, '2019-10-02 15:49:58', 7),
	(103, 85, 1, '2019-10-02 16:33:18', 3),
	(104, 85, 1, '2019-10-02 16:34:58', 3),
	(105, 109, 1, '2019-10-02 16:35:28', 0),
	(106, 85, 1, '2019-10-02 16:35:54', 8),
	(107, 85, 2, '2019-10-02 16:38:48', 6),
	(108, 109, 2, '2019-10-02 16:40:40', 4),
	(109, 85, 2, '2019-10-02 16:41:09', 6),
	(110, 110, 1, '2019-10-02 16:49:10', 0),
	(111, 110, 1, '2019-10-02 16:55:26', 0),
	(112, 110, 2, '2019-10-02 16:56:08', 0),
	(113, 110, 1, '2019-10-02 16:57:59', 8),
	(114, 110, 1, '2019-10-02 17:00:17', 0),
	(115, 85, 1, '2019-10-02 17:01:36', 8),
	(116, 85, 2, '2019-10-02 17:03:12', 6),
	(117, 97, 1, '2019-10-02 17:09:01', 8),
	(118, 97, 2, '2019-10-02 17:19:46', 0),
	(119, 111, 1, '2019-10-02 17:23:14', 8),
	(120, 111, 2, '2019-10-02 17:27:25', 6),
	(121, 97, 1, '2019-10-03 09:51:21', 8),
	(122, 97, 1, '2019-10-03 09:54:43', 0),
	(123, 112, 1, '2019-10-03 09:56:24', 6),
	(124, 112, 1, '2019-10-03 09:56:41', 7),
	(125, 112, 1, '2019-10-03 09:56:58', 7),
	(126, 112, 1, '2019-10-03 09:57:18', 7),
	(127, 112, 1, '2019-10-03 09:57:45', 7),
	(128, 112, 1, '2019-10-03 09:58:34', 7),
	(129, 113, 1, '2019-10-03 09:58:57', 0),
	(130, 112, 1, '2019-10-03 09:59:08', 7),
	(131, 112, 1, '2019-10-03 09:59:22', 7),
	(132, 97, 1, '2019-10-03 09:59:51', 7),
	(133, 113, 1, '2019-10-03 09:59:52', 7),
	(134, 113, 1, '2019-10-03 10:00:00', 7),
	(135, 113, 1, '2019-10-03 10:00:02', 7),
	(136, 97, 1, '2019-10-03 10:00:07', 7),
	(137, 97, 1, '2019-10-03 10:00:16', 7),
	(138, 112, 1, '2019-10-03 10:00:40', 7),
	(139, 99, 1, '2019-10-03 10:17:08', 8),
	(140, 99, 2, '2019-10-03 10:19:48', 6),
	(141, 99, 1, '2019-10-03 10:21:47', 3),
	(142, 114, 1, '2019-10-03 10:23:09', 0),
	(143, 99, 1, '2019-10-03 10:23:16', 2),
	(144, 99, 2, '2019-10-03 10:23:29', 6),
	(145, 116, 1, '2019-10-03 10:25:51', 0),
	(146, 116, 1, '2019-10-03 10:27:12', 0),
	(147, 117, 1, '2019-10-03 10:27:15', 0),
	(148, 116, 1, '2019-10-03 10:27:21', 0),
	(149, 117, 1, '2019-10-03 10:27:24', 0),
	(150, 99, 2, '2019-10-03 10:28:55', 6),
	(151, 117, 1, '2019-10-03 10:47:09', 0),
	(152, 117, 1, '2019-10-03 10:47:10', 0),
	(153, 116, 1, '2019-10-03 10:49:41', 0),
	(154, 116, 1, '2019-10-03 10:49:45', 0),
	(155, 116, 1, '2019-10-03 10:57:46', 0),
	(156, 116, 1, '2019-10-03 11:00:20', 3),
	(157, 117, 1, '2019-10-03 11:00:24', 3),
	(158, 116, 1, '2019-10-03 11:01:10', 8),
	(159, 114, 1, '2019-10-03 11:01:20', 8),
	(160, 117, 2, '2019-10-03 11:02:12', 5),
	(161, 116, 2, '2019-10-03 11:02:23', 6),
	(162, 114, 2, '2019-10-03 11:02:25', 6),
	(163, 90, 1, '2019-10-03 13:25:51', 0),
	(164, 90, 2, '2019-10-03 13:25:55', 0),
	(165, 82, 1, '2019-10-03 13:37:08', 8);
/*!40000 ALTER TABLE `statistical_guide` ENABLE KEYS */;

-- Dumping structure for table hakobiya_03.transport
CREATE TABLE IF NOT EXISTS `transport` (
  `transport_id` int(11) NOT NULL AUTO_INCREMENT,
  `user_id` varchar(225) COLLATE utf32_unicode_ci NOT NULL DEFAULT '0',
  `transport_from` varchar(225) COLLATE utf32_unicode_ci NOT NULL DEFAULT '0',
  `transport_to` varchar(225) COLLATE utf32_unicode_ci NOT NULL DEFAULT '0',
  `weight` int(11) NOT NULL DEFAULT '0' COMMENT 'g',
  `transport_service_id` int(11) NOT NULL DEFAULT '0',
  `status` tinyint(1) NOT NULL DEFAULT '0',
  `transport_cancle` tinyint(1) NOT NULL DEFAULT '0',
  `created_at` timestamp NOT NULL DEFAULT CURRENT_TIMESTAMP,
  `updated_at` timestamp NULL DEFAULT NULL,
  PRIMARY KEY (`transport_id`)
) ENGINE=InnoDB AUTO_INCREMENT=6 DEFAULT CHARSET=utf32 COLLATE=utf32_unicode_ci;

-- Dumping data for table hakobiya_03.transport: ~4 rows (approximately)
/*!40000 ALTER TABLE `transport` DISABLE KEYS */;
INSERT INTO `transport` (`transport_id`, `user_id`, `transport_from`, `transport_to`, `weight`, `transport_service_id`, `status`, `transport_cancle`, `created_at`, `updated_at`) VALUES
	(1, '8', 'Japan', 'China', 100, 1, 0, 0, '2019-12-06 13:10:49', '2019-12-06 13:36:17'),
	(2, '8', 'Japan', 'Vietnam', 200, 2, 0, 0, '2019-12-06 14:14:17', '2019-12-06 14:14:17'),
	(3, '8', 'Japan', 'China', 500, 3, 0, 0, '2019-12-06 14:18:21', '2019-12-06 14:18:21'),
	(4, '8', 'Japan', 'China', 200, 3, 0, 0, '2019-12-06 17:08:02', '2019-12-06 17:08:02'),
	(5, '8', 'Japan', 'Vietnam', 500, 1, 0, 0, '2019-12-09 08:58:12', '2019-12-09 08:58:12');
/*!40000 ALTER TABLE `transport` ENABLE KEYS */;

-- Dumping structure for table hakobiya_03.transport_fees
CREATE TABLE IF NOT EXISTS `transport_fees` (
  `transport_fees_id` int(11) NOT NULL AUTO_INCREMENT,
  `transport_service_id` int(11) NOT NULL DEFAULT '0',
  `transport_group_id` int(11) NOT NULL DEFAULT '0',
  `weight` int(11) NOT NULL DEFAULT '0' COMMENT 'g',
  `prices` int(11) NOT NULL DEFAULT '0',
  `status` tinyint(1) NOT NULL DEFAULT '0',
  `created_at` timestamp NOT NULL DEFAULT CURRENT_TIMESTAMP,
  `updated_at` timestamp NULL DEFAULT NULL,
  PRIMARY KEY (`transport_fees_id`)
) ENGINE=InnoDB AUTO_INCREMENT=69 DEFAULT CHARSET=utf32 COLLATE=utf32_unicode_ci;

-- Dumping data for table hakobiya_03.transport_fees: ~56 rows (approximately)
/*!40000 ALTER TABLE `transport_fees` DISABLE KEYS */;
INSERT INTO `transport_fees` (`transport_fees_id`, `transport_service_id`, `transport_group_id`, `weight`, `prices`, `status`, `created_at`, `updated_at`) VALUES
	(9, 1, 1, 100, 1400, 0, '2019-12-05 17:38:01', '2019-12-05 17:38:02'),
	(10, 1, 1, 200, 1400, 0, '2019-12-05 17:39:31', '2019-12-05 17:39:31'),
	(11, 1, 1, 300, 1400, 0, '2019-12-05 17:39:53', '2019-12-05 17:39:54'),
	(12, 1, 1, 400, 1420, 0, '2019-12-05 17:40:19', '2019-12-05 17:40:19'),
	(13, 1, 1, 500, 1450, 0, '2019-12-05 17:40:35', '2019-12-05 17:40:35'),
	(14, 2, 1, 100, 1470, 0, '2019-12-05 17:40:59', '2019-12-05 17:40:59'),
	(15, 2, 1, 200, 1480, 0, '2019-12-05 17:41:12', '2019-12-05 17:41:12'),
	(16, 2, 1, 300, 1490, 0, '2019-12-05 17:41:33', '2019-12-05 17:41:33'),
	(17, 2, 1, 400, 1500, 0, '2019-12-05 17:41:49', '2019-12-05 17:41:49'),
	(18, 2, 1, 500, 1500, 0, '2019-12-05 17:42:02', '2019-12-05 17:42:02'),
	(19, 3, 1, 100, 1510, 0, '2019-12-05 17:42:36', '2019-12-05 17:42:36'),
	(20, 3, 1, 200, 1510, 0, '2019-12-05 17:42:50', '2019-12-05 17:42:54'),
	(21, 3, 1, 300, 1520, 0, '2019-12-05 17:43:03', '2019-12-05 17:43:03'),
	(22, 3, 1, 400, 1530, 0, '2019-12-05 17:43:10', '2019-12-05 17:43:10'),
	(23, 3, 1, 500, 1530, 0, '2019-12-05 17:43:18', '2019-12-05 17:43:18'),
	(24, 4, 1, 100, 1550, 0, '2019-12-05 17:43:35', '2019-12-05 17:43:36'),
	(25, 4, 1, 200, 1600, 0, '2019-12-05 17:43:46', '2019-12-05 17:43:46'),
	(26, 4, 1, 300, 1700, 0, '2019-12-05 17:43:57', '2019-12-05 17:43:57'),
	(27, 4, 1, 400, 1800, 0, '2019-12-05 17:44:07', '2019-12-05 17:44:07'),
	(28, 4, 1, 500, 1900, 0, '2019-12-05 17:44:18', '2019-12-05 17:44:18'),
	(29, 1, 2, 100, 1500, 0, '2019-12-05 17:44:36', '2019-12-05 17:44:36'),
	(30, 1, 2, 200, 1700, 0, '2019-12-05 17:44:55', '2019-12-05 17:44:55'),
	(31, 1, 2, 300, 1800, 0, '2019-12-05 17:45:06', '2019-12-05 17:45:06'),
	(32, 1, 2, 400, 1900, 0, '2019-12-05 17:45:22', '2019-12-05 17:45:22'),
	(33, 1, 2, 500, 2000, 0, '2019-12-05 17:45:44', '2019-12-05 17:45:44'),
	(34, 2, 2, 100, 2000, 0, '2019-12-05 17:45:54', '2019-12-05 17:45:54'),
	(35, 2, 2, 200, 2100, 0, '2019-12-05 17:46:06', '2019-12-05 17:46:06'),
	(36, 2, 2, 300, 2200, 0, '2019-12-05 17:46:15', '2019-12-05 17:46:15'),
	(37, 2, 2, 400, 2300, 0, '2019-12-05 17:46:25', '2019-12-05 17:46:25'),
	(38, 2, 2, 500, 2400, 0, '2019-12-05 17:46:42', '2019-12-05 17:46:43'),
	(39, 3, 2, 100, 2100, 0, '2019-12-05 17:46:58', '2019-12-05 17:46:58'),
	(40, 3, 2, 200, 2200, 0, '2019-12-05 17:47:16', '2019-12-05 17:47:16'),
	(41, 3, 2, 300, 2300, 0, '2019-12-05 17:47:25', '2019-12-05 17:47:25'),
	(42, 3, 2, 400, 2400, 0, '2019-12-05 17:47:36', '2019-12-05 17:47:36'),
	(43, 3, 2, 500, 2500, 0, '2019-12-05 17:47:47', '2019-12-05 17:47:47'),
	(44, 4, 2, 100, 2200, 0, '2019-12-05 17:48:06', '2019-12-05 17:48:06'),
	(45, 4, 2, 200, 2300, 0, '2019-12-05 17:48:24', '2019-12-05 17:48:24'),
	(46, 4, 2, 300, 2300, 0, '2019-12-05 17:48:41', '2019-12-05 17:48:41'),
	(47, 4, 2, 400, 2400, 0, '2019-12-05 17:48:52', '2019-12-05 17:48:52'),
	(48, 4, 2, 500, 2500, 0, '2019-12-05 17:49:07', '2019-12-05 17:49:07'),
	(49, 1, 3, 100, 3000, 0, '2019-12-05 17:49:32', '2019-12-05 17:49:32'),
	(50, 1, 3, 200, 3100, 0, '2019-12-05 17:49:46', '2019-12-05 17:49:47'),
	(51, 1, 3, 300, 3200, 0, '2019-12-05 17:49:57', '2019-12-05 17:49:57'),
	(52, 1, 3, 400, 3300, 0, '2019-12-05 17:50:07', '2019-12-05 17:50:08'),
	(53, 1, 3, 500, 3300, 0, '2019-12-05 17:50:21', '2019-12-05 17:50:22'),
	(54, 2, 3, 100, 2900, 0, '2019-12-05 17:50:59', '2019-12-05 17:51:00'),
	(55, 2, 3, 200, 3000, 0, '2019-12-05 17:51:09', '2019-12-05 17:51:09'),
	(56, 2, 3, 300, 3100, 0, '2019-12-05 17:51:33', '2019-12-05 17:51:33'),
	(57, 2, 3, 400, 3200, 0, '2019-12-05 17:52:28', '2019-12-05 17:52:28'),
	(58, 2, 3, 500, 3300, 0, '2019-12-05 17:52:37', '2019-12-05 17:52:37'),
	(59, 3, 3, 100, 3100, 0, '2019-12-05 17:52:52', '2019-12-05 17:52:52'),
	(60, 3, 3, 200, 3300, 0, '2019-12-05 17:53:34', '2019-12-05 17:53:34'),
	(61, 3, 3, 300, 3600, 0, '2019-12-05 17:53:47', '2019-12-05 17:53:47'),
	(62, 3, 3, 400, 4000, 0, '2019-12-05 17:54:11', '2019-12-05 17:54:11'),
	(63, 3, 3, 500, 4200, 0, '2019-12-05 17:54:23', '2019-12-05 17:54:23'),
	(64, 4, 3, 100, 5000, 0, '2019-12-05 17:54:35', '2019-12-05 17:54:36'),
	(65, 4, 3, 200, 5100, 0, '2019-12-05 17:54:44', '2019-12-05 17:54:44'),
	(66, 4, 3, 300, 5200, 0, '2019-12-05 17:54:53', '2019-12-05 17:54:53'),
	(67, 4, 3, 400, 5300, 0, '2019-12-05 17:55:04', '2019-12-05 17:55:04'),
	(68, 4, 3, 500, 5500, 0, '2019-12-05 17:55:14', '2019-12-05 17:55:14');
/*!40000 ALTER TABLE `transport_fees` ENABLE KEYS */;

-- Dumping structure for table hakobiya_03.transport_group
CREATE TABLE IF NOT EXISTS `transport_group` (
  `transport_group_id` int(11) NOT NULL AUTO_INCREMENT,
  `group` int(11) DEFAULT NULL,
  `transport_from` varchar(225) COLLATE utf32_unicode_ci DEFAULT NULL,
  `country` varchar(225) COLLATE utf32_unicode_ci DEFAULT NULL,
  `status` tinyint(1) NOT NULL DEFAULT '0',
  `created_at` timestamp NOT NULL DEFAULT CURRENT_TIMESTAMP,
  `updated_at` timestamp NULL DEFAULT NULL,
  PRIMARY KEY (`transport_group_id`)
) ENGINE=InnoDB AUTO_INCREMENT=4 DEFAULT CHARSET=utf32 COLLATE=utf32_unicode_ci;

-- Dumping data for table hakobiya_03.transport_group: ~3 rows (approximately)
/*!40000 ALTER TABLE `transport_group` DISABLE KEYS */;
INSERT INTO `transport_group` (`transport_group_id`, `group`, `transport_from`, `country`, `status`, `created_at`, `updated_at`) VALUES
	(1, 1, 'Japan', '"[China,Hong Kong,Macau,Taiwan]"', 0, '2019-12-05 17:13:12', '2019-12-05 17:13:15'),
	(2, 2, 'Japan', '"[Vietnam]"', 0, '2019-12-05 17:36:11', '2019-12-05 17:37:14'),
	(3, 3, 'Japan', '"[Nga]"', 0, '2019-12-05 17:37:03', '2019-12-05 17:37:14');
/*!40000 ALTER TABLE `transport_group` ENABLE KEYS */;

-- Dumping structure for table hakobiya_03.transport_service
CREATE TABLE IF NOT EXISTS `transport_service` (
  `transport_service_id` int(11) NOT NULL AUTO_INCREMENT,
  `transport_type_name` varchar(225) COLLATE utf32_unicode_ci DEFAULT NULL,
  `status` tinyint(1) DEFAULT '0',
  `created_at` timestamp NOT NULL DEFAULT CURRENT_TIMESTAMP,
  `updated_at` timestamp NULL DEFAULT NULL,
  PRIMARY KEY (`transport_service_id`)
) ENGINE=InnoDB AUTO_INCREMENT=5 DEFAULT CHARSET=utf32 COLLATE=utf32_unicode_ci;

-- Dumping data for table hakobiya_03.transport_service: ~4 rows (approximately)
/*!40000 ALTER TABLE `transport_service` DISABLE KEYS */;
INSERT INTO `transport_service` (`transport_service_id`, `transport_type_name`, `status`, `created_at`, `updated_at`) VALUES
	(1, 'EMS', 0, '2019-12-05 16:51:45', '2019-12-05 16:51:46'),
	(2, 'Airmail ', 0, '2019-12-05 16:52:37', '2019-12-05 16:52:37'),
	(3, 'SAL ', 0, '2019-12-05 16:54:08', '2019-12-05 16:54:10'),
	(4, 'Surface ', 0, '2019-12-05 16:54:29', '2019-12-05 16:54:30');
/*!40000 ALTER TABLE `transport_service` ENABLE KEYS */;

-- Dumping structure for table hakobiya_03.users
CREATE TABLE IF NOT EXISTS `users` (
  `user_id` varchar(140) CHARACTER SET utf8mb4 COLLATE utf8mb4_unicode_ci NOT NULL,
  `password` varchar(255) NOT NULL DEFAULT '',
  `user_nickname` varchar(50) NOT NULL,
  `user_fullname` varchar(255) NOT NULL DEFAULT '',
  `user_birthday` date DEFAULT NULL,
  `user_address` varchar(255) NOT NULL DEFAULT '',
  `user_country_id` int(11) NOT NULL DEFAULT '1',
  `user_phone_number` varchar(20) NOT NULL DEFAULT '',
  `user_email_address` varchar(50) NOT NULL DEFAULT '',
  `user_national` int(11) DEFAULT NULL,
  `user_state` varchar(255) NOT NULL,
  `user_sex` tinyint(1) NOT NULL DEFAULT '1' COMMENT '1-male, 2 - female, 3-third gender',
  `user_avata` varchar(255) NOT NULL DEFAULT '',
  `user_cover_photo` varchar(255) NOT NULL DEFAULT '',
  `user_description` text NOT NULL,
  `user_money` int(11) NOT NULL DEFAULT '0' COMMENT 'Tổng tiền công, tiền thù lao',
  `user_point` int(11) NOT NULL DEFAULT '0',
  `user_number_of_sale` int(11) NOT NULL DEFAULT '0',
  `user_number_of_purchase` int(11) NOT NULL DEFAULT '0',
  `user_review` int(11) NOT NULL DEFAULT '0',
  `user_status` int(11) NOT NULL DEFAULT '1',
  `user_deposits_withdrawals` int(11) NOT NULL DEFAULT '0',
  `user_email_paypal` varchar(100) DEFAULT '',
  `user_facebook_token` varchar(255) NOT NULL DEFAULT '',
  `user_google_token` text NOT NULL,
  `firebase_token` varchar(255) DEFAULT '',
  `ios_token` varchar(255) DEFAULT '',
  `mobile_platform` tinyint(1) NOT NULL DEFAULT '0',
  `remember_token` varchar(100) NOT NULL DEFAULT '',
  `user_update_info` tinyint(1) NOT NULL DEFAULT '0' COMMENT '1- đã cập nhật info, 0- chưa cập nhật(15a)',
  `user_edit_info` tinyint(1) NOT NULL DEFAULT '0' COMMENT '0 chưa edit, 1 đã edit',
  `user_last_login` timestamp NULL DEFAULT NULL,
  `notification_comment` tinyint(1) NOT NULL DEFAULT '1' COMMENT 'notification 1',
  `notification_message` tinyint(1) NOT NULL DEFAULT '1' COMMENT 'no 3,7,8',
  `notification_confirm` tinyint(1) NOT NULL DEFAULT '1' COMMENT 'no 2,4,5,6,9,10',
  `notification_paid` tinyint(1) NOT NULL DEFAULT '1',
  `user_auth_code` varchar(6) DEFAULT NULL COMMENT 'nul là đã xác thực ngược lại chưa xác thực',
  `user_change_pass_code` varchar(6) DEFAULT NULL,
  `user_change_pass_date` datetime DEFAULT NULL,
  `user_last_popup` datetime DEFAULT NULL,
  `user_last_banner` datetime DEFAULT NULL,
  `created_at` timestamp NOT NULL DEFAULT CURRENT_TIMESTAMP,
  `updated_at` timestamp NULL DEFAULT NULL,
  `count_login` int(10) DEFAULT '1',
  `launcher` varchar(50) DEFAULT NULL,
  `user_share` varchar(14) DEFAULT NULL,
  `code_share` varchar(20) DEFAULT NULL,
  `apple_token` varchar(255) DEFAULT '',
  PRIMARY KEY (`user_id`) USING BTREE,
  KEY `user_id` (`user_id`) USING BTREE,
  KEY `user_country_id` (`user_country_id`) USING BTREE,
  KEY `user_national` (`user_national`) USING BTREE,
  KEY `user_status` (`user_status`) USING BTREE,
  KEY `user_id_2` (`user_id`),
  KEY `user_country_id_2` (`user_country_id`),
  KEY `user_national_2` (`user_national`),
  KEY `user_status_2` (`user_status`)
) ENGINE=InnoDB DEFAULT CHARSET=utf8 ROW_FORMAT=COMPACT;

-- Dumping data for table hakobiya_03.users: ~4 rows (approximately)
/*!40000 ALTER TABLE `users` DISABLE KEYS */;
INSERT INTO `users` (`user_id`, `password`, `user_nickname`, `user_fullname`, `user_birthday`, `user_address`, `user_country_id`, `user_phone_number`, `user_email_address`, `user_national`, `user_state`, `user_sex`, `user_avata`, `user_cover_photo`, `user_description`, `user_money`, `user_point`, `user_number_of_sale`, `user_number_of_purchase`, `user_review`, `user_status`, `user_deposits_withdrawals`, `user_email_paypal`, `user_facebook_token`, `user_google_token`, `firebase_token`, `ios_token`, `mobile_platform`, `remember_token`, `user_update_info`, `user_edit_info`, `user_last_login`, `notification_comment`, `notification_message`, `notification_confirm`, `notification_paid`, `user_auth_code`, `user_change_pass_code`, `user_change_pass_date`, `user_last_popup`, `user_last_banner`, `created_at`, `updated_at`, `count_login`, `launcher`, `user_share`, `code_share`, `apple_token`) VALUES
	('1', '$2y$12$PfSK7b1EgdFZIM9EgZGeG.xr4Cr27xS21dixU9iKUTHURCUUr4w4i', '', 'Việt Vang', NULL, '', 1, '', 'biennv@gmail.com', 1, '', 1, 'http://52.197.57.81/public/images/avata/1.jpg', '', '', 100, 0, 0, 0, 0, 1, 0, '', '', '', '', '', 0, '', 1, 0, '2019-09-19 09:19:26', 1, 1, 1, 1, NULL, NULL, NULL, '2019-09-24 09:32:54', NULL, '2019-03-21 11:14:37', '2019-10-07 14:48:19', 1, NULL, NULL, NULL, ''),
	('2', '$2y$10$L9yYdd42tn0URSsj8/cFgOqqxGAPoKFSd3mlnf2977LG2sQgue..u', '猪木原', '猪木原拓己', '2019-03-22', '香川県善通寺市上吉田町8-5-19', 1, '0877631933', 'adnetinokihara@gmail.com', 1, '', 1, 'http://52.197.57.81/public/images/avata/2.JPG', '', '1234', 50, 0, 0, 0, 0, 3, 0, '', '', '', 'dfURQeA7kM8:APA91bHTyIgNLTCa3t7Y_ggHy0ysCAA_OShAaUYNf3Fi042gt73p11aOuE2H9RaLpJltalPUtvUjdkwrsFGIljgt9zNHwHhD_lkdrLfsFaSEUaEQA2LFu9yfXeAb6lIwdHg5uUd33OA1', '', 0, '', 1, 1, '2019-04-10 11:57:58', 0, 0, 0, 0, NULL, NULL, NULL, NULL, NULL, '2019-03-22 17:05:27', '2019-04-11 14:26:18', 1, NULL, NULL, NULL, ''),
	('7', '$2y$10$xv5qkZXkG9sLbD6CviVc6ufVJldXrQQLrc//2DOCMwjtWYPyYmB2i', 'ken', 'Nakagawa kenshiro', '1993-07-31', '岡山県浅口市鴨方町鳩が丘1-59', 1, '84903254701', 'nakagawa.kenshirogac005@gmail.com', 1, '', 1, '', '', '', 51, 0, 0, 0, 0, 2, 0, 'nakagawa.kenshirogac005@gmail.com', 'EAAQ2VFv3UCQBAEbA5KCrDZBMFhzghBsZBFWmhDeHF4vhTZBt1oPPYHyuesZAyRmgjeTnIO0mhyLqhRlMX0juhDmz048JKJy0ZAhUaX3BzDkA9GcIs5oWsTyfdNdMbS3fyJ11UfLQYWpinI8eLdF8Aj3JZBu0iqwws4OeelCISHe45GPqZBKh3d5umR1oHPZB3eEsyzYoyvoeASZCfzF3JcYF1FG7sprKC6CkZD', 'eyJhbGciOiJSUzI1NiIsImtpZCI6ImE0MzEzZTdmZDFlOWUyYTRkZWQzYjI5MmQyYTdmNGU1MTk1NzQzMDgiLCJ0eXAiOiJKV1QifQ.eyJpc3MiOiJodHRwczovL2FjY291bnRzLmdvb2dsZS5jb20iLCJhenAiOiIxMDg3NTIxMDI1OTk4LWNsa3Q2ZDNxbzUxNGpoM2Yzcm1kOWJvZTZoNDllbHRyLmFwcHMuZ29vZ2xldXNlcmNvbnRlbnQuY29tIiwiYXVkIjoiMTA4NzUyMTAyNTk5OC04MjNvcWowOGk1OXVtaGdhMDlwbDJnODVoOGZydmhwZC5hcHBzLmdvb2dsZXVzZXJjb250ZW50LmNvbSIsInN1YiI6IjEwNjQ4MjQ3NjYyNzgxMzczMjY4MSIsImVtYWlsIjoibmFrYWdhd2Eua2Vuc2hpcm9nYWMwMDVAZ21haWwuY29tIiwiZW1haWxfdmVyaWZpZWQiOnRydWUsIm5hbWUiOiJOYWthZ2F3YSBLZW5zaGlybyIsInBpY3R1cmUiOiJodHRwczovL2xoNi5nb29nbGV1c2VyY29udGVudC5jb20vLXlwMHg4bG9qWGhZL0FBQUFBQUFBQUFJL0FBQUFBQUFBQUFBL0FDSGkzcmVyQlpFSDAtNFFVdGZuUmZEVUpoazJhc2lfY3cvczk2LWMvcGhvdG8uanBnIiwiZ2l2ZW5fbmFtZSI6Ik5ha2FnYXdhIiwiZmFtaWx5X25hbWUiOiJLZW5zaGlybyIsImxvY2FsZSI6ImphIiwiaWF0IjoxNTUzNzM4NjkyLCJleHAiOjE1NTM3NDIyOTJ9.iVhnwY1cKhs01K5scgkw2rb4e-UaLX85XhVQ0bn1CVTQZu7KFPEwxJcVkocQXtyTQTaaEhN0ufDpX4xBSlOHAJtaFTxImqB5-QNXd-wnEErFnE5Y1StU62hMj9dmRGAxfRdTiR8UBfEjYth9V0QRFiyY4qxK1VDmq5K1gTllOawSPoKwIu4sKzlekbiDgX47cr2wCH03f8FfAGmTHKTqevfoMSO2uYy81p2NNcxLUYU96_SZ647KL4EvLOWeMBQq4c6OesfTR2MuF8BWo3S7rhYuoiVYaaS3_M0yinkn3Uj9-m-qlWp3KVfhe7Tpx__wNM-zqh4wnHwmHhlX9pyb7g', 'eymP4myqyeE:APA91bEr7UUjmOMsj8rG4Ns8zk6JX1EXJTsK4jw--zok6mRwKQWl6jki6qDUE5KgxuZDcmanZhIGRpiOt5HH38aNxeG_BoMtLDlnHK7HrPxbGSGLdxO6mv3a9L37UKRJe8uLiWRIQn_f', '', 0, '', 1, 0, '2019-05-08 10:06:23', 1, 1, 1, 1, NULL, NULL, NULL, NULL, NULL, '2019-03-26 10:33:44', '2019-05-08 10:06:23', 1, NULL, NULL, NULL, ''),
	('8', '$2y$10$oNTJOL2CZkpmHYz.V3hFnufkPgC/Nk7JR/YUSeJKHf3XZ2npQfce6', 'phat', '', NULL, '', 1, '', 'phat.alobuild@gmail.com', NULL, '', 1, '', '', '', 5, 1, 0, 0, 0, 1, 0, 'phat.alobuild@gmail.com', '', '', '', '', 0, '', 0, 0, '2019-12-09 13:26:24', 1, 1, 1, 1, NULL, NULL, NULL, NULL, NULL, '2019-12-05 16:40:16', '2019-12-06 14:57:54', 4, NULL, NULL, NULL, '');
/*!40000 ALTER TABLE `users` ENABLE KEYS */;

-- Dumping structure for table hakobiya_03.users_money_history
CREATE TABLE IF NOT EXISTS `users_money_history` (
  `users_money_history_id` int(11) NOT NULL AUTO_INCREMENT,
  `user_id` varchar(225) COLLATE utf8_unicode_ci NOT NULL,
  `user_money` int(11) NOT NULL,
  `updated_at` timestamp NULL DEFAULT NULL,
  PRIMARY KEY (`users_money_history_id`)
) ENGINE=InnoDB AUTO_INCREMENT=2 DEFAULT CHARSET=utf8 COLLATE=utf8_unicode_ci;

-- Dumping data for table hakobiya_03.users_money_history: ~0 rows (approximately)
/*!40000 ALTER TABLE `users_money_history` DISABLE KEYS */;
INSERT INTO `users_money_history` (`users_money_history_id`, `user_id`, `user_money`, `updated_at`) VALUES
	(1, '8', 5, '2019-12-06 16:10:53');
/*!40000 ALTER TABLE `users_money_history` ENABLE KEYS */;

-- Dumping structure for table hakobiya_03.user_follow
CREATE TABLE IF NOT EXISTS `user_follow` (
  `follow_id` int(11) NOT NULL AUTO_INCREMENT,
  `follower_id` int(11) NOT NULL DEFAULT '0',
  `user_id` int(11) NOT NULL DEFAULT '0',
  `follower_status` tinyint(1) NOT NULL DEFAULT '0',
  `created_at` timestamp NOT NULL DEFAULT CURRENT_TIMESTAMP,
  `updated_at` timestamp NULL DEFAULT NULL,
  PRIMARY KEY (`follow_id`)
) ENGINE=MyISAM AUTO_INCREMENT=62 DEFAULT CHARSET=utf8;

-- Dumping data for table hakobiya_03.user_follow: 9 rows
/*!40000 ALTER TABLE `user_follow` DISABLE KEYS */;
INSERT INTO `user_follow` (`follow_id`, `follower_id`, `user_id`, `follower_status`, `created_at`, `updated_at`) VALUES
	(57, 54, 52, 1, '2019-04-25 13:33:39', '2019-04-25 13:33:39'),
	(56, 57, 56, 1, '2019-04-24 16:52:28', '2019-04-24 16:52:28'),
	(55, 11, 21, 1, '2019-04-12 19:10:30', '2019-04-12 19:10:30'),
	(54, 6, 6, 1, '2019-04-04 10:12:18', '2019-04-04 10:12:18'),
	(53, 6, 7, 1, '2019-03-26 16:34:22', '2019-03-26 16:34:22'),
	(58, 74, 13, 1, '2019-05-27 15:22:02', '2019-05-27 15:22:02'),
	(59, 73, 33, 1, '2019-05-27 15:53:40', '2019-05-27 15:53:40'),
	(60, 73, 74, 1, '2019-05-28 14:31:45', '2019-05-28 14:31:45'),
	(61, 85, 85, 1, '2019-08-30 12:56:34', '2019-08-30 12:56:34');
/*!40000 ALTER TABLE `user_follow` ENABLE KEYS */;

-- Dumping structure for table hakobiya_03.user_review
CREATE TABLE IF NOT EXISTS `user_review` (
  `review_id` int(11) NOT NULL AUTO_INCREMENT,
  `reviewer_id` int(11) NOT NULL DEFAULT '0',
  `user_id` int(11) NOT NULL DEFAULT '0',
  `request_id` int(11) NOT NULL,
  `review_comment` text CHARACTER SET utf8 NOT NULL,
  `review_star` tinyint(1) NOT NULL,
  `created_at` timestamp NOT NULL DEFAULT CURRENT_TIMESTAMP,
  `updated_at` timestamp NULL DEFAULT NULL,
  PRIMARY KEY (`review_id`),
  KEY `user_id` (`user_id`),
  KEY `user_id_2` (`user_id`)
) ENGINE=MyISAM AUTO_INCREMENT=180 DEFAULT CHARSET=utf8mb4 COLLATE=utf8mb4_unicode_ci;

-- Dumping data for table hakobiya_03.user_review: 12 rows
/*!40000 ALTER TABLE `user_review` DISABLE KEYS */;
INSERT INTO `user_review` (`review_id`, `reviewer_id`, `user_id`, `request_id`, `review_comment`, `review_star`, `created_at`, `updated_at`) VALUES
	(178, 6, 11, 475, 'thanks', 4, '2019-05-08 10:43:31', '2019-05-08 10:43:31'),
	(177, 7, 11, 475, 'awesome', 5, '2019-05-08 10:43:29', '2019-05-08 10:43:29'),
	(176, 11, 21, 453, '丁寧な対応でした', 5, '2019-04-12 19:11:12', '2019-04-12 19:11:12'),
	(175, 7, 30, 444, '丁寧な対応でした。 \nExcellentとさせていただきます', 5, '2019-04-12 19:10:49', '2019-04-12 19:10:49'),
	(174, 30, 7, 444, '丁寧に対応して頂きました！いいお土産ですありがとうございます！✌', 5, '2019-04-12 19:10:33', '2019-04-12 19:10:33'),
	(173, 63, 7, 442, 'ありがとう！！', 5, '2019-04-12 19:02:49', '2019-04-12 19:02:49'),
	(172, 6, 7, 441, 'ありがとう！！', 5, '2019-04-12 19:01:55', '2019-04-12 19:01:55'),
	(171, 6, 63, 452, 'ありがとう！！', 5, '2019-04-12 19:01:14', '2019-04-12 19:01:14'),
	(170, 20, 7, 450, '大変気持ちの良い取引ができました。\nまた機会がありましたらよろしくお願いいたします！\nベトナムの情報たくさん聞けて嬉しかったです！', 5, '2019-04-12 19:01:08', '2019-04-12 19:01:08'),
	(169, 6, 7, 440, 'thanks', 5, '2019-04-03 19:17:38', '2019-04-03 19:17:38'),
	(168, 87, 33, 438, 'そういう世界', 5, '2019-03-28 10:36:46', '2019-03-28 10:36:46'),
	(179, 85, 87, 479, 'Good', 3, '2019-08-30 13:25:56', '2019-08-30 13:25:56');
/*!40000 ALTER TABLE `user_review` ENABLE KEYS */;

-- Dumping structure for table hakobiya_03.warehouse_code
CREATE TABLE IF NOT EXISTS `warehouse_code` (
  `id` int(11) NOT NULL AUTO_INCREMENT,
  `promotion_code` varchar(14) NOT NULL,
  `user_id` varchar(14) NOT NULL,
  `promotion_id` int(11) NOT NULL,
  `status` bit(1) NOT NULL DEFAULT b'1',
  `create_date` datetime NOT NULL,
  PRIMARY KEY (`id`) USING BTREE
) ENGINE=InnoDB AUTO_INCREMENT=3363 DEFAULT CHARSET=utf8;

-- Dumping data for table hakobiya_03.warehouse_code: ~3,242 rows (approximately)
/*!40000 ALTER TABLE `warehouse_code` DISABLE KEYS */;
INSERT INTO `warehouse_code` (`id`, `promotion_code`, `user_id`, `promotion_id`, `status`, `create_date`) VALUES
	(121, 'QCM382', '', 12, b'0', '2019-11-28 00:00:00'),
	(122, 'YGZ354', '', 12, b'0', '2019-11-28 00:00:00'),
	(123, 'BTZ972', '', 12, b'0', '2019-11-28 00:00:00'),
	(124, 'KZA434', '', 12, b'0', '2019-11-28 00:00:00'),
	(125, 'GKS482', '', 12, b'0', '2019-11-28 00:00:00'),
	(126, 'MYJ593', '', 13, b'0', '2019-11-28 00:00:00'),
	(127, 'NBP989', '', 13, b'0', '2019-11-28 00:00:00'),
	(128, 'ENC293', '', 13, b'0', '2019-11-28 00:00:00'),
	(129, 'NXW255', '', 13, b'0', '2019-11-28 00:00:00'),
	(130, 'EHE936', '', 13, b'0', '2019-11-28 00:00:00'),
	(131, 'SZJ366', '', 14, b'0', '2019-12-03 00:00:00'),
	(132, 'CVB393', '', 14, b'0', '2019-12-03 00:00:00'),
	(133, 'KGR227', '', 14, b'0', '2019-12-03 00:00:00'),
	(134, 'SXK728', '', 14, b'0', '2019-12-03 00:00:00'),
	(135, 'JNC694', '', 14, b'0', '2019-12-03 00:00:00'),
	(136, 'ZJF584', '', 14, b'0', '2019-12-03 00:00:00'),
	(137, 'NUP279', '', 14, b'0', '2019-12-03 00:00:00'),
	(138, 'URT722', '', 14, b'0', '2019-12-03 00:00:00'),
	(139, 'YSN652', '', 14, b'0', '2019-12-03 00:00:00'),
	(140, 'RYA382', '', 14, b'0', '2019-12-03 00:00:00'),
	(141, 'YND579', '', 14, b'0', '2019-12-03 00:00:00'),
	(142, 'WVX748', '', 14, b'0', '2019-12-03 00:00:00'),
	(143, 'AEG272', '', 14, b'0', '2019-12-03 00:00:00'),
	(144, 'KPZ248', '', 14, b'0', '2019-12-03 00:00:00'),
	(145, 'BWW983', '', 14, b'0', '2019-12-03 00:00:00'),
	(146, 'ACC274', '', 14, b'0', '2019-12-03 00:00:00'),
	(147, 'FPZ568', '', 14, b'0', '2019-12-03 00:00:00'),
	(148, 'BMP698', '', 14, b'0', '2019-12-03 00:00:00'),
	(149, 'YPU653', '', 14, b'0', '2019-12-03 00:00:00'),
	(150, 'RBV466', '', 14, b'0', '2019-12-03 00:00:00'),
	(151, 'ZUN322', '', 14, b'0', '2019-12-03 00:00:00'),
	(152, 'GED529', '', 14, b'0', '2019-12-03 00:00:00'),
	(153, 'RFQ393', '', 14, b'0', '2019-12-03 00:00:00'),
	(154, 'RMT369', '', 14, b'0', '2019-12-03 00:00:00'),
	(155, 'GBE342', '', 14, b'0', '2019-12-03 00:00:00'),
	(156, 'KUU877', '', 14, b'0', '2019-12-03 00:00:00'),
	(157, 'ZHE722', '', 14, b'0', '2019-12-03 00:00:00'),
	(158, 'NKY625', '', 14, b'0', '2019-12-03 00:00:00'),
	(159, 'GYR748', '', 14, b'0', '2019-12-03 00:00:00'),
	(160, 'HKB383', '', 14, b'0', '2019-12-03 00:00:00'),
	(161, 'PXD657', '', 14, b'0', '2019-12-03 00:00:00'),
	(162, 'PGM593', '', 14, b'0', '2019-12-03 00:00:00'),
	(163, 'DYF446', '', 14, b'0', '2019-12-03 00:00:00'),
	(164, 'TNY945', '', 14, b'0', '2019-12-03 00:00:00'),
	(165, 'DXB796', '', 14, b'0', '2019-12-03 00:00:00'),
	(166, 'GXX778', '', 14, b'0', '2019-12-03 00:00:00'),
	(167, 'RUQ986', '', 14, b'0', '2019-12-03 00:00:00'),
	(168, 'GFS825', '', 14, b'0', '2019-12-03 00:00:00'),
	(169, 'CJR333', '', 14, b'0', '2019-12-03 00:00:00'),
	(170, 'QPW439', '', 14, b'0', '2019-12-03 00:00:00'),
	(171, 'FVR796', '', 14, b'0', '2019-12-03 00:00:00'),
	(172, 'NDA469', '', 14, b'0', '2019-12-03 00:00:00'),
	(173, 'ZPX249', '', 14, b'0', '2019-12-03 00:00:00'),
	(174, 'YVX683', '', 14, b'0', '2019-12-03 00:00:00'),
	(175, 'UYS772', '', 14, b'0', '2019-12-03 00:00:00'),
	(176, 'ZYK537', '', 14, b'0', '2019-12-03 00:00:00'),
	(177, 'BWA655', '', 14, b'0', '2019-12-03 00:00:00'),
	(178, 'UQS632', '', 14, b'0', '2019-12-03 00:00:00'),
	(179, 'MKC878', '', 14, b'0', '2019-12-03 00:00:00'),
	(180, 'YPV556', '', 14, b'0', '2019-12-03 00:00:00'),
	(181, 'DDN924', '', 14, b'0', '2019-12-03 00:00:00'),
	(182, 'KGH487', '', 14, b'0', '2019-12-03 00:00:00'),
	(183, 'DEH426', '', 14, b'0', '2019-12-03 00:00:00'),
	(184, 'MRV742', '', 14, b'0', '2019-12-03 00:00:00'),
	(185, 'UVZ892', '', 14, b'0', '2019-12-03 00:00:00'),
	(186, 'KRF796', '', 14, b'0', '2019-12-03 00:00:00'),
	(187, 'RUE375', '', 14, b'0', '2019-12-03 00:00:00'),
	(188, 'TKX494', '', 14, b'0', '2019-12-03 00:00:00'),
	(189, 'JVV594', '', 14, b'0', '2019-12-03 00:00:00'),
	(190, 'FBS953', '', 14, b'0', '2019-12-03 00:00:00'),
	(191, 'VRT287', '', 14, b'0', '2019-12-03 00:00:00'),
	(192, 'VFX928', '', 14, b'0', '2019-12-03 00:00:00'),
	(193, 'GAN328', '', 14, b'0', '2019-12-03 00:00:00'),
	(194, 'CMJ562', '', 14, b'0', '2019-12-03 00:00:00'),
	(195, 'VUG939', '', 14, b'0', '2019-12-03 00:00:00'),
	(196, 'ZKX238', '', 14, b'0', '2019-12-03 00:00:00'),
	(197, 'ZVU422', '', 14, b'0', '2019-12-03 00:00:00'),
	(198, 'QYU474', '', 14, b'0', '2019-12-03 00:00:00'),
	(199, 'ZWY984', '', 14, b'0', '2019-12-03 00:00:00'),
	(200, 'YTV422', '', 14, b'0', '2019-12-03 00:00:00'),
	(201, 'GJF224', '', 14, b'0', '2019-12-03 00:00:00'),
	(202, 'UPN254', '', 14, b'0', '2019-12-03 00:00:00'),
	(203, 'WBH369', '', 14, b'0', '2019-12-03 00:00:00'),
	(204, 'BRF599', '', 14, b'0', '2019-12-03 00:00:00'),
	(205, 'XXU267', '', 14, b'0', '2019-12-03 00:00:00'),
	(206, 'YDW746', '', 14, b'0', '2019-12-03 00:00:00'),
	(207, 'JZN764', '', 14, b'0', '2019-12-03 00:00:00'),
	(208, 'SCV636', '', 14, b'0', '2019-12-03 00:00:00'),
	(209, 'FWZ252', '', 14, b'0', '2019-12-03 00:00:00'),
	(210, 'NSC647', '', 14, b'0', '2019-12-03 00:00:00'),
	(211, 'VHB458', '', 14, b'0', '2019-12-03 00:00:00'),
	(212, 'GSD266', '', 14, b'0', '2019-12-03 00:00:00'),
	(213, 'ZCK762', '', 14, b'0', '2019-12-03 00:00:00'),
	(214, 'UKK825', '', 14, b'0', '2019-12-03 00:00:00'),
	(215, 'YWX685', '', 14, b'0', '2019-12-03 00:00:00'),
	(216, 'SJN952', '', 14, b'0', '2019-12-03 00:00:00'),
	(217, 'KJY356', '', 14, b'0', '2019-12-03 00:00:00'),
	(218, 'PDA822', '', 14, b'0', '2019-12-03 00:00:00'),
	(219, 'RGA857', '', 14, b'0', '2019-12-03 00:00:00'),
	(220, 'CNT258', '', 14, b'0', '2019-12-03 00:00:00'),
	(221, 'BAJ372', '', 14, b'0', '2019-12-03 00:00:00'),
	(222, 'KZA367', '', 14, b'0', '2019-12-03 00:00:00'),
	(223, 'TDW862', '', 14, b'0', '2019-12-03 00:00:00'),
	(224, 'SRB462', '', 14, b'0', '2019-12-03 00:00:00'),
	(225, 'DPS286', '', 14, b'0', '2019-12-03 00:00:00'),
	(226, 'GYA394', '', 14, b'0', '2019-12-03 00:00:00'),
	(227, 'RXE792', '', 14, b'0', '2019-12-03 00:00:00'),
	(228, 'QKH535', '', 14, b'0', '2019-12-03 00:00:00'),
	(229, 'BSN658', '', 14, b'0', '2019-12-03 00:00:00'),
	(230, 'SDF463', '', 14, b'0', '2019-12-03 00:00:00'),
	(231, 'ETB766', '', 14, b'0', '2019-12-03 00:00:00'),
	(232, 'KXD749', '', 14, b'0', '2019-12-03 00:00:00'),
	(233, 'MDE799', '', 14, b'0', '2019-12-03 00:00:00'),
	(234, 'THH465', '', 14, b'0', '2019-12-03 00:00:00'),
	(235, 'EAU567', '', 14, b'0', '2019-12-03 00:00:00'),
	(236, 'HCP298', '', 14, b'0', '2019-12-03 00:00:00'),
	(237, 'DFH534', '', 14, b'0', '2019-12-03 00:00:00'),
	(238, 'KNF937', '', 14, b'0', '2019-12-03 00:00:00'),
	(239, 'RKG353', '', 14, b'0', '2019-12-03 00:00:00'),
	(240, 'TAV573', '', 14, b'0', '2019-12-03 00:00:00'),
	(241, 'HFB676', '', 14, b'0', '2019-12-03 00:00:00'),
	(242, 'KDC659', '', 14, b'0', '2019-12-03 00:00:00'),
	(243, 'HBX987', '', 14, b'0', '2019-12-03 00:00:00'),
	(244, 'HTY454', '', 14, b'0', '2019-12-03 00:00:00'),
	(245, 'YEG697', '', 14, b'0', '2019-12-03 00:00:00'),
	(246, 'QRK696', '', 14, b'0', '2019-12-03 00:00:00'),
	(247, 'ECS429', '', 14, b'0', '2019-12-03 00:00:00'),
	(248, 'KXK864', '', 14, b'0', '2019-12-03 00:00:00'),
	(249, 'QZZ284', '', 14, b'0', '2019-12-03 00:00:00'),
	(250, 'QPA257', '', 14, b'0', '2019-12-03 00:00:00'),
	(251, 'XNT977', '', 14, b'0', '2019-12-03 00:00:00'),
	(252, 'FRN652', '', 14, b'0', '2019-12-03 00:00:00'),
	(253, 'UHV857', '', 14, b'0', '2019-12-03 00:00:00'),
	(254, 'GZF558', '', 14, b'0', '2019-12-03 00:00:00'),
	(255, 'CHW665', '', 14, b'0', '2019-12-03 00:00:00'),
	(256, 'NQG257', '', 14, b'0', '2019-12-03 00:00:00'),
	(257, 'BBV358', '', 14, b'0', '2019-12-03 00:00:00'),
	(258, 'ZGY379', '', 14, b'0', '2019-12-03 00:00:00'),
	(259, 'RMB382', '', 14, b'0', '2019-12-03 00:00:00'),
	(260, 'WUR789', '', 14, b'0', '2019-12-03 00:00:00'),
	(261, 'JJJ268', '', 14, b'0', '2019-12-03 00:00:00'),
	(262, 'FQU424', '', 14, b'0', '2019-12-03 00:00:00'),
	(263, 'AMV978', '', 14, b'0', '2019-12-03 00:00:00'),
	(264, 'NWZ559', '', 14, b'0', '2019-12-03 00:00:00'),
	(265, 'AKS758', '', 14, b'0', '2019-12-03 00:00:00'),
	(266, 'HCX727', '', 14, b'0', '2019-12-03 00:00:00'),
	(267, 'WPK532', '', 14, b'0', '2019-12-03 00:00:00'),
	(268, 'VUS995', '', 14, b'0', '2019-12-03 00:00:00'),
	(269, 'UVH382', '', 14, b'0', '2019-12-03 00:00:00'),
	(270, 'QRC855', '', 14, b'0', '2019-12-03 00:00:00'),
	(271, 'NPV878', '', 14, b'0', '2019-12-03 00:00:00'),
	(272, 'NHQ586', '', 14, b'0', '2019-12-03 00:00:00'),
	(273, 'YZP274', '', 14, b'0', '2019-12-03 00:00:00'),
	(274, 'WBH888', '', 14, b'0', '2019-12-03 00:00:00'),
	(275, 'JWV946', '', 14, b'0', '2019-12-03 00:00:00'),
	(276, 'YRH622', '', 14, b'0', '2019-12-03 00:00:00'),
	(277, 'ESV683', '', 14, b'0', '2019-12-03 00:00:00'),
	(278, 'JXQ563', '', 14, b'0', '2019-12-03 00:00:00'),
	(279, 'DKY664', '', 14, b'0', '2019-12-03 00:00:00'),
	(280, 'SMT782', '', 14, b'0', '2019-12-03 00:00:00'),
	(281, 'GJQ747', '', 14, b'0', '2019-12-03 00:00:00'),
	(282, 'CHB678', '', 14, b'0', '2019-12-03 00:00:00'),
	(283, 'ZZG654', '', 14, b'0', '2019-12-03 00:00:00'),
	(284, 'UPW236', '', 14, b'0', '2019-12-03 00:00:00'),
	(285, 'RYE842', '', 14, b'0', '2019-12-03 00:00:00'),
	(286, 'QPW668', '', 14, b'0', '2019-12-03 00:00:00'),
	(287, 'SHJ438', '', 14, b'0', '2019-12-03 00:00:00'),
	(288, 'EZE224', '', 14, b'0', '2019-12-03 00:00:00'),
	(289, 'VWN527', '', 14, b'0', '2019-12-03 00:00:00'),
	(290, 'KXA884', '', 14, b'0', '2019-12-03 00:00:00'),
	(291, 'QFP639', '', 14, b'0', '2019-12-03 00:00:00'),
	(292, 'FMX997', '', 14, b'0', '2019-12-03 00:00:00'),
	(293, 'HTN626', '', 14, b'0', '2019-12-03 00:00:00'),
	(294, 'TNX284', '', 14, b'0', '2019-12-03 00:00:00'),
	(295, 'JSE885', '', 14, b'0', '2019-12-03 00:00:00'),
	(296, 'XZE594', '', 14, b'0', '2019-12-03 00:00:00'),
	(297, 'JFG648', '', 14, b'0', '2019-12-03 00:00:00'),
	(298, 'UNX382', '', 14, b'0', '2019-12-03 00:00:00'),
	(299, 'EDG965', '', 14, b'0', '2019-12-03 00:00:00'),
	(300, 'RNY383', '', 14, b'0', '2019-12-03 00:00:00'),
	(301, 'ZJZ639', '', 14, b'0', '2019-12-03 00:00:00'),
	(302, 'CXH439', '', 14, b'0', '2019-12-03 00:00:00'),
	(303, 'BFY834', '', 14, b'0', '2019-12-03 00:00:00'),
	(304, 'RPP392', '', 14, b'0', '2019-12-03 00:00:00'),
	(305, 'BNE627', '', 14, b'0', '2019-12-03 00:00:00'),
	(306, 'RSB376', '', 14, b'0', '2019-12-03 00:00:00'),
	(307, 'RTG752', '', 14, b'0', '2019-12-03 00:00:00'),
	(308, 'TPA898', '', 14, b'0', '2019-12-03 00:00:00'),
	(309, 'NAP344', '', 14, b'0', '2019-12-03 00:00:00'),
	(310, 'VEJ288', '', 14, b'0', '2019-12-03 00:00:00'),
	(311, 'MYH348', '', 14, b'0', '2019-12-03 00:00:00'),
	(312, 'QGT795', '', 14, b'0', '2019-12-03 00:00:00'),
	(313, 'CUZ834', '', 14, b'0', '2019-12-03 00:00:00'),
	(314, 'RUE873', '', 14, b'0', '2019-12-03 00:00:00'),
	(315, 'RND239', '', 14, b'0', '2019-12-03 00:00:00'),
	(316, 'CDC567', '', 14, b'0', '2019-12-03 00:00:00'),
	(317, 'SUK289', '', 14, b'0', '2019-12-03 00:00:00'),
	(318, 'MSM266', '', 14, b'0', '2019-12-03 00:00:00'),
	(319, 'ZBK227', '', 14, b'0', '2019-12-03 00:00:00'),
	(320, 'CYW325', '', 14, b'0', '2019-12-03 00:00:00'),
	(321, 'PCQ634', '', 14, b'0', '2019-12-03 00:00:00'),
	(322, 'JAR947', '', 14, b'0', '2019-12-03 00:00:00'),
	(323, 'YPQ747', '', 14, b'0', '2019-12-03 00:00:00'),
	(324, 'DYS629', '', 14, b'0', '2019-12-03 00:00:00'),
	(325, 'FVT596', '', 14, b'0', '2019-12-03 00:00:00'),
	(326, 'UGQ387', '', 14, b'0', '2019-12-03 00:00:00'),
	(327, 'PHY462', '', 14, b'0', '2019-12-03 00:00:00'),
	(328, 'JVX932', '', 14, b'0', '2019-12-03 00:00:00'),
	(329, 'JZV596', '', 14, b'0', '2019-12-03 00:00:00'),
	(330, 'NEA323', '', 14, b'0', '2019-12-03 00:00:00'),
	(331, 'JEN246', '', 14, b'0', '2019-12-03 00:00:00'),
	(332, 'JKX444', '', 14, b'0', '2019-12-03 00:00:00'),
	(333, 'GUF365', '', 14, b'0', '2019-12-03 00:00:00'),
	(334, 'HQJ535', '', 14, b'0', '2019-12-03 00:00:00'),
	(335, 'MYN787', '', 14, b'0', '2019-12-03 00:00:00'),
	(336, 'BPV358', '', 14, b'0', '2019-12-03 00:00:00'),
	(337, 'GFY275', '', 14, b'0', '2019-12-03 00:00:00'),
	(338, 'VRR599', '', 14, b'0', '2019-12-03 00:00:00'),
	(339, 'PGS743', '', 14, b'0', '2019-12-03 00:00:00'),
	(340, 'BNG596', '', 14, b'0', '2019-12-03 00:00:00'),
	(341, 'YRE775', '', 14, b'0', '2019-12-03 00:00:00'),
	(342, 'QXF345', '', 14, b'0', '2019-12-03 00:00:00'),
	(343, 'ETX385', '', 14, b'0', '2019-12-03 00:00:00'),
	(344, 'CSE655', '', 14, b'0', '2019-12-03 00:00:00'),
	(345, 'HXQ885', '', 14, b'0', '2019-12-03 00:00:00'),
	(346, 'QAS768', '', 14, b'0', '2019-12-03 00:00:00'),
	(347, 'VZB877', '', 14, b'0', '2019-12-03 00:00:00'),
	(348, 'MFF883', '', 14, b'0', '2019-12-03 00:00:00'),
	(349, 'ZNQ947', '', 14, b'0', '2019-12-03 00:00:00'),
	(350, 'CZZ944', '', 14, b'0', '2019-12-03 00:00:00'),
	(351, 'ZHE276', '', 14, b'0', '2019-12-03 00:00:00'),
	(352, 'JVH853', '', 14, b'0', '2019-12-03 00:00:00'),
	(353, 'ACW747', '', 14, b'0', '2019-12-03 00:00:00'),
	(354, 'HGA786', '', 14, b'0', '2019-12-03 00:00:00'),
	(355, 'RYU253', '', 14, b'0', '2019-12-03 00:00:00'),
	(356, 'XQJ283', '', 14, b'0', '2019-12-03 00:00:00'),
	(357, 'QDX887', '', 14, b'0', '2019-12-03 00:00:00'),
	(358, 'TEY757', '', 14, b'0', '2019-12-03 00:00:00'),
	(359, 'GZF966', '', 14, b'0', '2019-12-03 00:00:00'),
	(360, 'CQA959', '', 14, b'0', '2019-12-03 00:00:00'),
	(361, 'VUW989', '', 14, b'0', '2019-12-03 00:00:00'),
	(362, 'FCR244', '', 14, b'0', '2019-12-03 00:00:00'),
	(363, 'XMQ792', '', 14, b'0', '2019-12-03 00:00:00'),
	(364, 'HNB488', '', 14, b'0', '2019-12-03 00:00:00'),
	(365, 'XAC259', '', 14, b'0', '2019-12-03 00:00:00'),
	(366, 'CUY585', '', 14, b'0', '2019-12-03 00:00:00'),
	(367, 'JYR995', '', 14, b'0', '2019-12-03 00:00:00'),
	(368, 'DCY222', '', 14, b'0', '2019-12-03 00:00:00'),
	(369, 'XVZ798', '', 14, b'0', '2019-12-03 00:00:00'),
	(370, 'KRQ624', '', 14, b'0', '2019-12-03 00:00:00'),
	(371, 'YER395', '', 14, b'0', '2019-12-03 00:00:00'),
	(372, 'VED877', '', 14, b'0', '2019-12-03 00:00:00'),
	(373, 'JUK926', '', 14, b'0', '2019-12-03 00:00:00'),
	(374, 'BAV732', '', 14, b'0', '2019-12-03 00:00:00'),
	(375, 'BHU859', '', 14, b'0', '2019-12-03 00:00:00'),
	(376, 'KRS743', '', 14, b'0', '2019-12-03 00:00:00'),
	(377, 'JDS795', '', 14, b'0', '2019-12-03 00:00:00'),
	(378, 'VPD645', '', 14, b'0', '2019-12-03 00:00:00'),
	(379, 'QNM876', '', 14, b'0', '2019-12-03 00:00:00'),
	(380, 'ZGM966', '', 14, b'0', '2019-12-03 00:00:00'),
	(381, 'EEQ865', '', 14, b'0', '2019-12-03 00:00:00'),
	(382, 'XQD563', '', 14, b'0', '2019-12-03 00:00:00'),
	(383, 'QXN767', '', 14, b'0', '2019-12-03 00:00:00'),
	(384, 'HUP598', '', 14, b'0', '2019-12-03 00:00:00'),
	(385, 'SHT723', '', 14, b'0', '2019-12-03 00:00:00'),
	(386, 'AKE868', '', 14, b'0', '2019-12-03 00:00:00'),
	(387, 'VEE372', '', 14, b'0', '2019-12-03 00:00:00'),
	(388, 'SZT872', '', 14, b'0', '2019-12-03 00:00:00'),
	(389, 'VFM937', '', 14, b'0', '2019-12-03 00:00:00'),
	(390, 'HJF535', '', 14, b'0', '2019-12-03 00:00:00'),
	(391, 'QDD376', '', 14, b'0', '2019-12-03 00:00:00'),
	(392, 'RTJ628', '', 14, b'0', '2019-12-03 00:00:00'),
	(393, 'CZP263', '', 14, b'0', '2019-12-03 00:00:00'),
	(394, 'FPK838', '', 14, b'0', '2019-12-03 00:00:00'),
	(395, 'JYQ239', '', 14, b'0', '2019-12-03 00:00:00'),
	(396, 'FWR972', '', 14, b'0', '2019-12-03 00:00:00'),
	(397, 'FTV326', '', 14, b'0', '2019-12-03 00:00:00'),
	(398, 'DEB379', '', 14, b'0', '2019-12-03 00:00:00'),
	(399, 'KVZ884', '', 14, b'0', '2019-12-03 00:00:00'),
	(400, 'APF686', '', 14, b'0', '2019-12-03 00:00:00'),
	(401, 'MVN895', '', 14, b'0', '2019-12-03 00:00:00'),
	(402, 'AVS298', '', 14, b'0', '2019-12-03 00:00:00'),
	(403, 'VKE997', '', 14, b'0', '2019-12-03 00:00:00'),
	(404, 'ECE364', '', 14, b'0', '2019-12-03 00:00:00'),
	(405, 'UWT886', '', 14, b'0', '2019-12-03 00:00:00'),
	(406, 'KHP652', '', 14, b'0', '2019-12-03 00:00:00'),
	(407, 'VTM934', '', 14, b'0', '2019-12-03 00:00:00'),
	(408, 'TTG792', '', 14, b'0', '2019-12-03 00:00:00'),
	(409, 'DRN782', '', 14, b'0', '2019-12-03 00:00:00'),
	(410, 'CFF522', '', 14, b'0', '2019-12-03 00:00:00'),
	(411, 'RNA329', '', 14, b'0', '2019-12-03 00:00:00'),
	(412, 'FCU367', '', 14, b'0', '2019-12-03 00:00:00'),
	(413, 'XVG936', '', 14, b'0', '2019-12-03 00:00:00'),
	(414, 'RAW578', '', 14, b'0', '2019-12-03 00:00:00'),
	(415, 'TYP934', '', 14, b'0', '2019-12-03 00:00:00'),
	(416, 'VWT462', '', 14, b'0', '2019-12-03 00:00:00'),
	(417, 'PGJ678', '', 14, b'0', '2019-12-03 00:00:00'),
	(418, 'YMG887', '', 14, b'0', '2019-12-03 00:00:00'),
	(419, 'ZAZ595', '', 14, b'0', '2019-12-03 00:00:00'),
	(420, 'ZNV823', '', 14, b'0', '2019-12-03 00:00:00'),
	(421, 'WGJ968', '', 14, b'0', '2019-12-03 00:00:00'),
	(422, 'RYK588', '', 14, b'0', '2019-12-03 00:00:00'),
	(423, 'SHY658', '', 14, b'0', '2019-12-03 00:00:00'),
	(424, 'VMJ752', '', 14, b'0', '2019-12-03 00:00:00'),
	(425, 'PXV742', '', 14, b'0', '2019-12-03 00:00:00'),
	(426, 'JGB466', '', 14, b'0', '2019-12-03 00:00:00'),
	(427, 'PAJ936', '', 14, b'0', '2019-12-03 00:00:00'),
	(428, 'PAW472', '', 14, b'0', '2019-12-03 00:00:00'),
	(429, 'ATP297', '', 14, b'0', '2019-12-03 00:00:00'),
	(430, 'HFM754', '', 14, b'0', '2019-12-03 00:00:00'),
	(431, 'WWQ736', '', 14, b'0', '2019-12-03 00:00:00'),
	(432, 'QYR336', '', 14, b'0', '2019-12-03 00:00:00'),
	(433, 'DGD787', '', 14, b'0', '2019-12-03 00:00:00'),
	(434, 'HVJ835', '', 14, b'0', '2019-12-03 00:00:00'),
	(435, 'KQP734', '', 14, b'0', '2019-12-03 00:00:00'),
	(436, 'KGV365', '', 14, b'0', '2019-12-03 00:00:00'),
	(437, 'UKM358', '', 14, b'0', '2019-12-03 00:00:00'),
	(438, 'PHE496', '', 14, b'0', '2019-12-03 00:00:00'),
	(439, 'EFA622', '', 14, b'0', '2019-12-03 00:00:00'),
	(440, 'ZYK529', '', 14, b'0', '2019-12-03 00:00:00'),
	(441, 'NEH656', '', 14, b'0', '2019-12-03 00:00:00'),
	(442, 'RKQ665', '', 14, b'0', '2019-12-03 00:00:00'),
	(443, 'ZNG685', '', 14, b'0', '2019-12-03 00:00:00'),
	(444, 'DHK827', '', 14, b'0', '2019-12-03 00:00:00'),
	(445, 'UDT895', '', 14, b'0', '2019-12-03 00:00:00'),
	(446, 'FHT327', '', 14, b'0', '2019-12-03 00:00:00'),
	(447, 'CGK996', '', 14, b'0', '2019-12-03 00:00:00'),
	(448, 'VQH675', '', 14, b'0', '2019-12-03 00:00:00'),
	(449, 'RYX625', '', 14, b'0', '2019-12-03 00:00:00'),
	(450, 'NYN555', '', 14, b'0', '2019-12-03 00:00:00'),
	(451, 'AYJ363', '', 14, b'0', '2019-12-03 00:00:00'),
	(452, 'XZC629', '', 14, b'0', '2019-12-03 00:00:00'),
	(453, 'KDR652', '', 14, b'0', '2019-12-03 00:00:00'),
	(454, 'ZZK598', '', 14, b'0', '2019-12-03 00:00:00'),
	(455, 'PKA696', '', 14, b'0', '2019-12-03 00:00:00'),
	(456, 'FTM652', '', 14, b'0', '2019-12-03 00:00:00'),
	(457, 'VAS584', '', 14, b'0', '2019-12-03 00:00:00'),
	(458, 'YDX467', '', 14, b'0', '2019-12-03 00:00:00'),
	(459, 'YRA776', '', 14, b'0', '2019-12-03 00:00:00'),
	(460, 'VST769', '', 14, b'0', '2019-12-03 00:00:00'),
	(461, 'BKT625', '', 14, b'0', '2019-12-03 00:00:00'),
	(462, 'JHU795', '', 14, b'0', '2019-12-03 00:00:00'),
	(463, 'BWK263', '', 14, b'0', '2019-12-03 00:00:00'),
	(464, 'XVN332', '', 14, b'0', '2019-12-03 00:00:00'),
	(465, 'ATG856', '', 14, b'0', '2019-12-03 00:00:00'),
	(466, 'PDR998', '', 14, b'0', '2019-12-03 00:00:00'),
	(467, 'DCR872', '', 14, b'0', '2019-12-03 00:00:00'),
	(468, 'XGT272', '', 14, b'0', '2019-12-03 00:00:00'),
	(469, 'FAN787', '', 14, b'0', '2019-12-03 00:00:00'),
	(470, 'GGC222', '', 14, b'0', '2019-12-03 00:00:00'),
	(471, 'NYQ297', '', 14, b'0', '2019-12-03 00:00:00'),
	(472, 'YXA277', '', 14, b'0', '2019-12-03 00:00:00'),
	(473, 'ESE935', '', 14, b'0', '2019-12-03 00:00:00'),
	(474, 'DZW385', '', 14, b'0', '2019-12-03 00:00:00'),
	(475, 'VNH789', '', 14, b'0', '2019-12-03 00:00:00'),
	(476, 'KBQ864', '', 14, b'0', '2019-12-03 00:00:00'),
	(477, 'DND692', '', 14, b'0', '2019-12-03 00:00:00'),
	(478, 'RAQ565', '', 14, b'0', '2019-12-03 00:00:00'),
	(479, 'VKD256', '', 14, b'0', '2019-12-03 00:00:00'),
	(480, 'ZKD399', '', 14, b'0', '2019-12-03 00:00:00'),
	(481, 'UAU845', '', 14, b'0', '2019-12-03 00:00:00'),
	(482, 'UWV745', '', 14, b'0', '2019-12-03 00:00:00'),
	(483, 'VDT557', '', 14, b'0', '2019-12-03 00:00:00'),
	(484, 'YMG342', '', 14, b'0', '2019-12-03 00:00:00'),
	(485, 'BHE224', '', 14, b'0', '2019-12-03 00:00:00'),
	(486, 'CKH343', '', 14, b'0', '2019-12-03 00:00:00'),
	(487, 'XZS497', '', 14, b'0', '2019-12-03 00:00:00'),
	(488, 'VGK532', '', 14, b'0', '2019-12-03 00:00:00'),
	(489, 'FVX823', '', 14, b'0', '2019-12-03 00:00:00'),
	(490, 'NRD643', '', 14, b'0', '2019-12-03 00:00:00'),
	(491, 'VYT483', '', 14, b'0', '2019-12-03 00:00:00'),
	(492, 'DUY773', '', 14, b'0', '2019-12-03 00:00:00'),
	(493, 'SUS895', '', 14, b'0', '2019-12-03 00:00:00'),
	(494, 'UBA656', '', 14, b'0', '2019-12-03 00:00:00'),
	(495, 'YZH852', '', 14, b'0', '2019-12-03 00:00:00'),
	(496, 'MUU469', '', 14, b'0', '2019-12-03 00:00:00'),
	(497, 'KSK547', '', 14, b'0', '2019-12-03 00:00:00'),
	(498, 'SUX395', '', 14, b'0', '2019-12-03 00:00:00'),
	(499, 'DVN499', '', 14, b'0', '2019-12-03 00:00:00'),
	(500, 'CDA439', '', 14, b'0', '2019-12-03 00:00:00'),
	(501, 'BEW225', '', 14, b'0', '2019-12-03 00:00:00'),
	(502, 'FPJ932', '', 14, b'0', '2019-12-03 00:00:00'),
	(503, 'ENQ523', '', 14, b'0', '2019-12-03 00:00:00'),
	(504, 'FBT556', '', 14, b'0', '2019-12-03 00:00:00'),
	(505, 'BRB928', '', 14, b'0', '2019-12-03 00:00:00'),
	(506, 'KKY735', '', 14, b'0', '2019-12-03 00:00:00'),
	(507, 'ZRJ372', '', 14, b'0', '2019-12-03 00:00:00'),
	(508, 'KPU835', '', 14, b'0', '2019-12-03 00:00:00'),
	(509, 'VMZ957', '', 14, b'0', '2019-12-03 00:00:00'),
	(510, 'TCE436', '', 14, b'0', '2019-12-03 00:00:00'),
	(511, 'PSW286', '', 14, b'0', '2019-12-03 00:00:00'),
	(512, 'SVR535', '', 14, b'0', '2019-12-03 00:00:00'),
	(513, 'DUX692', '', 14, b'0', '2019-12-03 00:00:00'),
	(514, 'BZW239', '', 14, b'0', '2019-12-03 00:00:00'),
	(515, 'WZE293', '', 14, b'0', '2019-12-03 00:00:00'),
	(516, 'CTM945', '', 14, b'0', '2019-12-03 00:00:00'),
	(517, 'BNE592', '', 14, b'0', '2019-12-03 00:00:00'),
	(518, 'HXE232', '', 14, b'0', '2019-12-03 00:00:00'),
	(519, 'WVP887', '', 14, b'0', '2019-12-03 00:00:00'),
	(520, 'GDJ394', '', 14, b'0', '2019-12-03 00:00:00'),
	(521, 'UTZ896', '', 14, b'0', '2019-12-03 00:00:00'),
	(522, 'QYP748', '', 14, b'0', '2019-12-03 00:00:00'),
	(523, 'GGY936', '', 14, b'0', '2019-12-03 00:00:00'),
	(524, 'GHX838', '', 14, b'0', '2019-12-03 00:00:00'),
	(525, 'YTT434', '', 14, b'0', '2019-12-03 00:00:00'),
	(526, 'WGC797', '', 14, b'0', '2019-12-03 00:00:00'),
	(527, 'NJK778', '', 14, b'0', '2019-12-03 00:00:00'),
	(528, 'EQW434', '', 14, b'0', '2019-12-03 00:00:00'),
	(529, 'ZVA989', '', 14, b'0', '2019-12-03 00:00:00'),
	(530, 'YNZ773', '', 14, b'0', '2019-12-03 00:00:00'),
	(531, 'NFS644', '', 14, b'0', '2019-12-03 00:00:00'),
	(532, 'CFX985', '', 14, b'0', '2019-12-03 00:00:00'),
	(533, 'CHP352', '', 14, b'0', '2019-12-03 00:00:00'),
	(534, 'BMT488', '', 14, b'0', '2019-12-03 00:00:00'),
	(535, 'XVZ336', '', 14, b'0', '2019-12-03 00:00:00'),
	(536, 'EGS264', '', 14, b'0', '2019-12-03 00:00:00'),
	(537, 'QZG438', '', 14, b'0', '2019-12-03 00:00:00'),
	(538, 'JWM459', '', 14, b'0', '2019-12-03 00:00:00'),
	(539, 'UJE684', '', 14, b'0', '2019-12-03 00:00:00'),
	(540, 'FJW283', '', 14, b'0', '2019-12-03 00:00:00'),
	(541, 'JHA386', '', 14, b'0', '2019-12-03 00:00:00'),
	(542, 'SAY293', '', 14, b'0', '2019-12-03 00:00:00'),
	(543, 'YRT359', '', 14, b'0', '2019-12-03 00:00:00'),
	(544, 'VNU332', '', 14, b'0', '2019-12-03 00:00:00'),
	(545, 'KVF935', '', 14, b'0', '2019-12-03 00:00:00'),
	(546, 'FAC588', '', 14, b'0', '2019-12-03 00:00:00'),
	(547, 'YYR865', '', 14, b'0', '2019-12-03 00:00:00'),
	(548, 'CQC986', '', 14, b'0', '2019-12-03 00:00:00'),
	(549, 'MYR868', '', 14, b'0', '2019-12-03 00:00:00'),
	(550, 'FUT342', '', 14, b'0', '2019-12-03 00:00:00'),
	(551, 'KXP247', '', 14, b'0', '2019-12-03 00:00:00'),
	(552, 'VHF979', '', 14, b'0', '2019-12-03 00:00:00'),
	(553, 'DEW875', '', 14, b'0', '2019-12-03 00:00:00'),
	(554, 'EVR729', '', 14, b'0', '2019-12-03 00:00:00'),
	(555, 'KEP374', '', 14, b'0', '2019-12-03 00:00:00'),
	(556, 'BHX347', '', 14, b'0', '2019-12-03 00:00:00'),
	(557, 'FPS572', '', 14, b'0', '2019-12-03 00:00:00'),
	(558, 'VEQ573', '', 14, b'0', '2019-12-03 00:00:00'),
	(559, 'AWV249', '', 14, b'0', '2019-12-03 00:00:00'),
	(560, 'ESW438', '', 14, b'0', '2019-12-03 00:00:00'),
	(561, 'NZX998', '', 14, b'0', '2019-12-03 00:00:00'),
	(562, 'UPU425', '', 14, b'0', '2019-12-03 00:00:00'),
	(563, 'JHT256', '', 14, b'0', '2019-12-03 00:00:00'),
	(564, 'QFC894', '', 14, b'0', '2019-12-03 00:00:00'),
	(565, 'UAH467', '', 14, b'0', '2019-12-03 00:00:00'),
	(566, 'GBB868', '', 14, b'0', '2019-12-03 00:00:00'),
	(567, 'HFX496', '', 14, b'0', '2019-12-03 00:00:00'),
	(568, 'EVN737', '', 14, b'0', '2019-12-03 00:00:00'),
	(569, 'FZR832', '', 14, b'0', '2019-12-03 00:00:00'),
	(570, 'YWH945', '', 14, b'0', '2019-12-03 00:00:00'),
	(571, 'YWP537', '', 14, b'0', '2019-12-03 00:00:00'),
	(572, 'ZRK983', '', 14, b'0', '2019-12-03 00:00:00'),
	(573, 'KKR654', '', 14, b'0', '2019-12-03 00:00:00'),
	(574, 'ARK359', '', 14, b'0', '2019-12-03 00:00:00'),
	(575, 'YDK742', '', 14, b'0', '2019-12-03 00:00:00'),
	(576, 'RDT232', '', 14, b'0', '2019-12-03 00:00:00'),
	(577, 'PKW535', '', 14, b'0', '2019-12-03 00:00:00'),
	(578, 'WWC286', '', 14, b'0', '2019-12-03 00:00:00'),
	(579, 'HVN568', '', 14, b'0', '2019-12-03 00:00:00'),
	(580, 'UAD338', '', 14, b'0', '2019-12-03 00:00:00'),
	(581, 'VGV433', '', 14, b'0', '2019-12-03 00:00:00'),
	(582, 'XVJ355', '', 14, b'0', '2019-12-03 00:00:00'),
	(583, 'RXP978', '', 14, b'0', '2019-12-03 00:00:00'),
	(584, 'PUE862', '', 14, b'0', '2019-12-03 00:00:00'),
	(585, 'ZWR958', '', 14, b'0', '2019-12-03 00:00:00'),
	(586, 'MFP489', '', 14, b'0', '2019-12-03 00:00:00'),
	(587, 'BYT445', '', 14, b'0', '2019-12-03 00:00:00'),
	(588, 'GGN646', '', 14, b'0', '2019-12-03 00:00:00'),
	(589, 'QZG654', '', 14, b'0', '2019-12-03 00:00:00'),
	(590, 'BQP358', '', 14, b'0', '2019-12-03 00:00:00'),
	(591, 'FUR277', '', 14, b'0', '2019-12-03 00:00:00'),
	(592, 'NBX847', '', 14, b'0', '2019-12-03 00:00:00'),
	(593, 'AUU792', '', 14, b'0', '2019-12-03 00:00:00'),
	(594, 'QXJ367', '', 14, b'0', '2019-12-03 00:00:00'),
	(595, 'MKE443', '', 14, b'0', '2019-12-03 00:00:00'),
	(596, 'BJV887', '', 14, b'0', '2019-12-03 00:00:00'),
	(597, 'KUA582', '', 14, b'0', '2019-12-03 00:00:00'),
	(598, 'UNN269', '', 14, b'0', '2019-12-03 00:00:00'),
	(599, 'RFS832', '', 14, b'0', '2019-12-03 00:00:00'),
	(600, 'JGP794', '', 14, b'0', '2019-12-03 00:00:00'),
	(601, 'YQG576', '', 14, b'0', '2019-12-03 00:00:00'),
	(602, 'FAH669', '', 14, b'0', '2019-12-03 00:00:00'),
	(603, 'XFP276', '', 14, b'0', '2019-12-03 00:00:00'),
	(604, 'SBZ946', '', 14, b'0', '2019-12-03 00:00:00'),
	(605, 'APA553', '', 14, b'0', '2019-12-03 00:00:00'),
	(606, 'HJB427', '', 14, b'0', '2019-12-03 00:00:00'),
	(607, 'YED637', '', 14, b'0', '2019-12-03 00:00:00'),
	(608, 'PGB287', '', 14, b'0', '2019-12-03 00:00:00'),
	(609, 'MCP239', '', 14, b'0', '2019-12-03 00:00:00'),
	(610, 'SDP593', '', 14, b'0', '2019-12-03 00:00:00'),
	(611, 'KRF843', '', 14, b'0', '2019-12-03 00:00:00'),
	(612, 'SRZ754', '', 14, b'0', '2019-12-03 00:00:00'),
	(613, 'RDS547', '', 14, b'0', '2019-12-03 00:00:00'),
	(614, 'GMH437', '', 14, b'0', '2019-12-03 00:00:00'),
	(615, 'KGU265', '', 14, b'0', '2019-12-03 00:00:00'),
	(616, 'EHN672', '', 14, b'0', '2019-12-03 00:00:00'),
	(617, 'BWX428', '', 14, b'0', '2019-12-03 00:00:00'),
	(618, 'TSF769', '', 14, b'0', '2019-12-03 00:00:00'),
	(619, 'UEQ845', '', 14, b'0', '2019-12-03 00:00:00'),
	(620, 'MWW222', '', 14, b'0', '2019-12-03 00:00:00'),
	(621, 'FFX855', '', 14, b'0', '2019-12-03 00:00:00'),
	(622, 'NWY648', '', 14, b'0', '2019-12-03 00:00:00'),
	(623, 'QVW872', '', 14, b'0', '2019-12-03 00:00:00'),
	(624, 'VEQ486', '', 14, b'0', '2019-12-03 00:00:00'),
	(625, 'SWH734', '', 14, b'0', '2019-12-03 00:00:00'),
	(626, 'YNK287', '', 14, b'0', '2019-12-03 00:00:00'),
	(627, 'HEF993', '', 14, b'0', '2019-12-03 00:00:00'),
	(628, 'SST548', '', 14, b'0', '2019-12-03 00:00:00'),
	(629, 'CGK368', '', 14, b'0', '2019-12-03 00:00:00'),
	(630, 'VGE722', '', 14, b'0', '2019-12-03 00:00:00'),
	(631, 'JTN767', '', 14, b'0', '2019-12-03 00:00:00'),
	(632, 'ENJ594', '', 14, b'0', '2019-12-03 00:00:00'),
	(633, 'EKP929', '', 14, b'0', '2019-12-03 00:00:00'),
	(634, 'BYX782', '', 14, b'0', '2019-12-03 00:00:00'),
	(635, 'KTW837', '', 14, b'0', '2019-12-03 00:00:00'),
	(636, 'ATH567', '', 14, b'0', '2019-12-03 00:00:00'),
	(637, 'FJK578', '', 14, b'0', '2019-12-03 00:00:00'),
	(638, 'BQA296', '', 14, b'0', '2019-12-03 00:00:00'),
	(639, 'XUD464', '', 14, b'0', '2019-12-03 00:00:00'),
	(640, 'CKG965', '', 14, b'0', '2019-12-03 00:00:00'),
	(641, 'TGT489', '', 14, b'0', '2019-12-03 00:00:00'),
	(642, 'UVK853', '', 14, b'0', '2019-12-03 00:00:00'),
	(643, 'AQF586', '', 14, b'0', '2019-12-03 00:00:00'),
	(644, 'BRJ742', '', 14, b'0', '2019-12-03 00:00:00'),
	(645, 'VKY326', '', 14, b'0', '2019-12-03 00:00:00'),
	(646, 'THU299', '', 14, b'0', '2019-12-03 00:00:00'),
	(647, 'CTX767', '', 14, b'0', '2019-12-03 00:00:00'),
	(648, 'MGH585', '', 14, b'0', '2019-12-03 00:00:00'),
	(649, 'ECM347', '', 14, b'0', '2019-12-03 00:00:00'),
	(650, 'CUQ668', '', 14, b'0', '2019-12-03 00:00:00'),
	(651, 'FKV343', '', 14, b'0', '2019-12-03 00:00:00'),
	(652, 'NWR425', '', 14, b'0', '2019-12-03 00:00:00'),
	(653, 'YGN745', '', 14, b'0', '2019-12-03 00:00:00'),
	(654, 'ZRZ259', '', 14, b'0', '2019-12-03 00:00:00'),
	(655, 'SSY536', '', 14, b'0', '2019-12-03 00:00:00'),
	(656, 'WHB929', '', 14, b'0', '2019-12-03 00:00:00'),
	(657, 'KQJ548', '', 14, b'0', '2019-12-03 00:00:00'),
	(658, 'CWW245', '', 14, b'0', '2019-12-03 00:00:00'),
	(659, 'DPZ453', '', 14, b'0', '2019-12-03 00:00:00'),
	(660, 'YPA267', '', 14, b'0', '2019-12-03 00:00:00'),
	(661, 'GNX893', '', 14, b'0', '2019-12-03 00:00:00'),
	(662, 'KFH787', '', 14, b'0', '2019-12-03 00:00:00'),
	(663, 'GHN932', '', 14, b'0', '2019-12-03 00:00:00'),
	(664, 'ZXG443', '', 14, b'0', '2019-12-03 00:00:00'),
	(665, 'GEJ423', '', 14, b'0', '2019-12-03 00:00:00'),
	(666, 'CKJ293', '', 14, b'0', '2019-12-03 00:00:00'),
	(667, 'HVQ285', '', 14, b'0', '2019-12-03 00:00:00'),
	(668, 'YFY792', '', 14, b'0', '2019-12-03 00:00:00'),
	(669, 'AFQ888', '', 14, b'0', '2019-12-03 00:00:00'),
	(670, 'SBJ934', '', 14, b'0', '2019-12-03 00:00:00'),
	(671, 'GGM945', '', 14, b'0', '2019-12-03 00:00:00'),
	(672, 'KBJ785', '', 14, b'0', '2019-12-03 00:00:00'),
	(673, 'XRG425', '', 14, b'0', '2019-12-03 00:00:00'),
	(674, 'TEQ977', '', 14, b'0', '2019-12-03 00:00:00'),
	(675, 'YJT895', '', 14, b'0', '2019-12-03 00:00:00'),
	(676, 'QHM327', '', 14, b'0', '2019-12-03 00:00:00'),
	(677, 'KMG625', '', 14, b'0', '2019-12-03 00:00:00'),
	(678, 'TMW476', '', 14, b'0', '2019-12-03 00:00:00'),
	(679, 'BYU242', '', 14, b'0', '2019-12-03 00:00:00'),
	(680, 'QBE787', '', 14, b'0', '2019-12-03 00:00:00'),
	(681, 'VRU455', '', 14, b'0', '2019-12-03 00:00:00'),
	(682, 'PJK464', '', 14, b'0', '2019-12-03 00:00:00'),
	(683, 'NJV264', '', 14, b'0', '2019-12-03 00:00:00'),
	(684, 'CQR559', '', 14, b'0', '2019-12-03 00:00:00'),
	(685, 'AQD423', '', 14, b'0', '2019-12-03 00:00:00'),
	(686, 'FDC236', '', 14, b'0', '2019-12-03 00:00:00'),
	(687, 'QAW876', '', 14, b'0', '2019-12-03 00:00:00'),
	(688, 'ADW584', '', 14, b'0', '2019-12-03 00:00:00'),
	(689, 'WGN688', '', 14, b'0', '2019-12-03 00:00:00'),
	(690, 'UXE232', '', 14, b'0', '2019-12-03 00:00:00'),
	(691, 'VZT376', '', 14, b'0', '2019-12-03 00:00:00'),
	(692, 'TTQ249', '', 14, b'0', '2019-12-03 00:00:00'),
	(693, 'PEX922', '', 14, b'0', '2019-12-03 00:00:00'),
	(694, 'AZZ683', '', 14, b'0', '2019-12-03 00:00:00'),
	(695, 'JFF924', '', 14, b'0', '2019-12-03 00:00:00'),
	(696, 'HGM968', '', 14, b'0', '2019-12-03 00:00:00'),
	(697, 'XPU922', '', 14, b'0', '2019-12-03 00:00:00'),
	(698, 'SQU927', '', 14, b'0', '2019-12-03 00:00:00'),
	(699, 'VBB495', '', 14, b'0', '2019-12-03 00:00:00'),
	(700, 'GVJ963', '', 14, b'0', '2019-12-03 00:00:00'),
	(701, 'YFZ658', '', 14, b'0', '2019-12-03 00:00:00'),
	(702, 'YRA385', '', 14, b'0', '2019-12-03 00:00:00'),
	(703, 'KTM297', '', 14, b'0', '2019-12-03 00:00:00'),
	(704, 'JXH399', '', 14, b'0', '2019-12-03 00:00:00'),
	(705, 'BEB626', '', 14, b'0', '2019-12-03 00:00:00'),
	(706, 'TAS798', '', 14, b'0', '2019-12-03 00:00:00'),
	(707, 'GGP282', '', 14, b'0', '2019-12-03 00:00:00'),
	(708, 'UEW993', '', 14, b'0', '2019-12-03 00:00:00'),
	(709, 'ZTW534', '', 14, b'0', '2019-12-03 00:00:00'),
	(710, 'HMJ929', '', 14, b'0', '2019-12-03 00:00:00'),
	(711, 'GBP572', '', 14, b'0', '2019-12-03 00:00:00'),
	(712, 'TFE793', '', 14, b'0', '2019-12-03 00:00:00'),
	(713, 'UNH225', '', 14, b'0', '2019-12-03 00:00:00'),
	(714, 'DNS387', '', 14, b'0', '2019-12-03 00:00:00'),
	(715, 'SWC693', '', 14, b'0', '2019-12-03 00:00:00'),
	(716, 'DBX698', '', 14, b'0', '2019-12-03 00:00:00'),
	(717, 'YDF697', '', 14, b'0', '2019-12-03 00:00:00'),
	(718, 'MTP625', '', 14, b'0', '2019-12-03 00:00:00'),
	(719, 'KFJ935', '', 14, b'0', '2019-12-03 00:00:00'),
	(720, 'XKF734', '', 14, b'0', '2019-12-03 00:00:00'),
	(721, 'SJV648', '', 14, b'0', '2019-12-03 00:00:00'),
	(722, 'EJJ568', '', 14, b'0', '2019-12-03 00:00:00'),
	(723, 'PCD422', '', 14, b'0', '2019-12-03 00:00:00'),
	(724, 'HVP676', '', 14, b'0', '2019-12-03 00:00:00'),
	(725, 'NHB574', '', 14, b'0', '2019-12-03 00:00:00'),
	(726, 'KDD927', '', 14, b'0', '2019-12-03 00:00:00'),
	(727, 'FFF863', '', 14, b'0', '2019-12-03 00:00:00'),
	(728, 'QKX982', '', 14, b'0', '2019-12-03 00:00:00'),
	(729, 'JST479', '', 14, b'0', '2019-12-03 00:00:00'),
	(730, 'GRY788', '', 14, b'0', '2019-12-03 00:00:00'),
	(731, 'VCF367', '', 14, b'0', '2019-12-03 00:00:00'),
	(732, 'VDY629', '', 14, b'0', '2019-12-03 00:00:00'),
	(733, 'VGH524', '', 14, b'0', '2019-12-03 00:00:00'),
	(734, 'HCW549', '', 14, b'0', '2019-12-03 00:00:00'),
	(735, 'WNX963', '', 14, b'0', '2019-12-03 00:00:00'),
	(736, 'DFD487', '', 14, b'0', '2019-12-03 00:00:00'),
	(737, 'PFC872', '', 14, b'0', '2019-12-03 00:00:00'),
	(738, 'MXC376', '', 14, b'0', '2019-12-03 00:00:00'),
	(739, 'PYA746', '', 14, b'0', '2019-12-03 00:00:00'),
	(740, 'AEQ294', '', 14, b'0', '2019-12-03 00:00:00'),
	(741, 'DBT837', '', 14, b'0', '2019-12-03 00:00:00'),
	(742, 'JKE695', '', 14, b'0', '2019-12-03 00:00:00'),
	(743, 'KYD765', '', 14, b'0', '2019-12-03 00:00:00'),
	(744, 'XJE226', '', 14, b'0', '2019-12-03 00:00:00'),
	(745, 'BHU978', '', 14, b'0', '2019-12-03 00:00:00'),
	(746, 'FSE523', '', 14, b'0', '2019-12-03 00:00:00'),
	(747, 'PDC925', '', 14, b'0', '2019-12-03 00:00:00'),
	(748, 'XCG695', '', 14, b'0', '2019-12-03 00:00:00'),
	(749, 'QEE286', '', 14, b'0', '2019-12-03 00:00:00'),
	(750, 'SBD735', '', 14, b'0', '2019-12-03 00:00:00'),
	(751, 'UNW825', '', 14, b'0', '2019-12-03 00:00:00'),
	(752, 'PBD633', '', 14, b'0', '2019-12-03 00:00:00'),
	(753, 'PNF279', '', 14, b'0', '2019-12-03 00:00:00'),
	(754, 'EAE582', '', 14, b'0', '2019-12-03 00:00:00'),
	(755, 'DKY867', '', 14, b'0', '2019-12-03 00:00:00'),
	(756, 'BZN233', '', 14, b'0', '2019-12-03 00:00:00'),
	(757, 'FXZ285', '', 14, b'0', '2019-12-03 00:00:00'),
	(758, 'CDG886', '', 14, b'0', '2019-12-03 00:00:00'),
	(759, 'KJH489', '', 14, b'0', '2019-12-03 00:00:00'),
	(760, 'DQT566', '', 14, b'0', '2019-12-03 00:00:00'),
	(761, 'XRB799', '', 14, b'0', '2019-12-03 00:00:00'),
	(762, 'TFR277', '', 14, b'0', '2019-12-03 00:00:00'),
	(763, 'VNK864', '', 14, b'0', '2019-12-03 00:00:00'),
	(764, 'XHN445', '', 14, b'0', '2019-12-03 00:00:00'),
	(765, 'JTU653', '', 14, b'0', '2019-12-03 00:00:00'),
	(766, 'KHM284', '', 14, b'0', '2019-12-03 00:00:00'),
	(767, 'CRA539', '', 14, b'0', '2019-12-03 00:00:00'),
	(768, 'ZBU288', '', 14, b'0', '2019-12-03 00:00:00'),
	(769, 'MDZ892', '', 14, b'0', '2019-12-03 00:00:00'),
	(770, 'QQH874', '', 14, b'0', '2019-12-03 00:00:00'),
	(771, 'RUR288', '', 14, b'0', '2019-12-03 00:00:00'),
	(772, 'RJP598', '', 14, b'0', '2019-12-03 00:00:00'),
	(773, 'NGQ627', '', 14, b'0', '2019-12-03 00:00:00'),
	(774, 'TAZ339', '', 14, b'0', '2019-12-03 00:00:00'),
	(775, 'NZE839', '', 14, b'0', '2019-12-03 00:00:00'),
	(776, 'KDS753', '', 14, b'0', '2019-12-03 00:00:00'),
	(777, 'UGM582', '', 14, b'0', '2019-12-03 00:00:00'),
	(778, 'VNM368', '', 14, b'0', '2019-12-03 00:00:00'),
	(779, 'EYU634', '', 14, b'0', '2019-12-03 00:00:00'),
	(780, 'MHY874', '', 14, b'0', '2019-12-03 00:00:00'),
	(781, 'GKM966', '', 14, b'0', '2019-12-03 00:00:00'),
	(782, 'HXX946', '', 14, b'0', '2019-12-03 00:00:00'),
	(783, 'NRS684', '', 14, b'0', '2019-12-03 00:00:00'),
	(784, 'CKW922', '', 14, b'0', '2019-12-03 00:00:00'),
	(785, 'WXN693', '', 14, b'0', '2019-12-03 00:00:00'),
	(786, 'RMQ293', '', 14, b'0', '2019-12-03 00:00:00'),
	(787, 'NRQ689', '', 14, b'0', '2019-12-03 00:00:00'),
	(788, 'MPG224', '', 14, b'0', '2019-12-03 00:00:00'),
	(789, 'FZR973', '', 14, b'0', '2019-12-03 00:00:00'),
	(790, 'QKS628', '', 14, b'0', '2019-12-03 00:00:00'),
	(791, 'CUZ996', '', 14, b'0', '2019-12-03 00:00:00'),
	(792, 'GTE692', '', 14, b'0', '2019-12-03 00:00:00'),
	(793, 'JSY966', '', 14, b'0', '2019-12-03 00:00:00'),
	(794, 'WEE643', '', 14, b'0', '2019-12-03 00:00:00'),
	(795, 'MXC266', '', 14, b'0', '2019-12-03 00:00:00'),
	(796, 'TTZ439', '', 14, b'0', '2019-12-03 00:00:00'),
	(797, 'MCP324', '', 14, b'0', '2019-12-03 00:00:00'),
	(798, 'QXA448', '', 14, b'0', '2019-12-03 00:00:00'),
	(799, 'NDH297', '', 14, b'0', '2019-12-03 00:00:00'),
	(800, 'VGZ934', '', 14, b'0', '2019-12-03 00:00:00'),
	(801, 'EDA636', '', 14, b'0', '2019-12-03 00:00:00'),
	(802, 'EUM637', '', 14, b'0', '2019-12-03 00:00:00'),
	(803, 'RHB796', '', 14, b'0', '2019-12-03 00:00:00'),
	(804, 'ZEZ284', '', 14, b'0', '2019-12-03 00:00:00'),
	(805, 'FAN543', '', 14, b'0', '2019-12-03 00:00:00'),
	(806, 'RNQ288', '', 14, b'0', '2019-12-03 00:00:00'),
	(807, 'SJF346', '', 14, b'0', '2019-12-03 00:00:00'),
	(808, 'KQB792', '', 14, b'0', '2019-12-03 00:00:00'),
	(809, 'ZBZ872', '', 14, b'0', '2019-12-03 00:00:00'),
	(810, 'QJH892', '', 14, b'0', '2019-12-03 00:00:00'),
	(811, 'YUM783', '', 14, b'0', '2019-12-03 00:00:00'),
	(812, 'DPF355', '', 14, b'0', '2019-12-03 00:00:00'),
	(813, 'SRE236', '', 14, b'0', '2019-12-03 00:00:00'),
	(814, 'YYW476', '', 14, b'0', '2019-12-03 00:00:00'),
	(815, 'UVE424', '', 14, b'0', '2019-12-03 00:00:00'),
	(816, 'VJY657', '', 14, b'0', '2019-12-03 00:00:00'),
	(817, 'FZZ753', '', 14, b'0', '2019-12-03 00:00:00'),
	(818, 'NPD867', '', 14, b'0', '2019-12-03 00:00:00'),
	(819, 'UKH558', '', 14, b'0', '2019-12-03 00:00:00'),
	(820, 'ZRB338', '', 14, b'0', '2019-12-03 00:00:00'),
	(821, 'DEG338', '', 14, b'0', '2019-12-03 00:00:00'),
	(822, 'EAE625', '', 14, b'0', '2019-12-03 00:00:00'),
	(823, 'GYJ384', '', 14, b'0', '2019-12-03 00:00:00'),
	(824, 'GFW584', '', 14, b'0', '2019-12-03 00:00:00'),
	(825, 'QAD468', '', 14, b'0', '2019-12-03 00:00:00'),
	(826, 'DKD358', '', 14, b'0', '2019-12-03 00:00:00'),
	(827, 'VSQ768', '', 14, b'0', '2019-12-03 00:00:00'),
	(828, 'AFM738', '', 14, b'0', '2019-12-03 00:00:00'),
	(829, 'XNN656', '', 14, b'0', '2019-12-03 00:00:00'),
	(830, 'TYQ934', '', 14, b'0', '2019-12-03 00:00:00'),
	(831, 'BAX246', '', 14, b'0', '2019-12-03 00:00:00'),
	(832, 'FZS893', '', 14, b'0', '2019-12-03 00:00:00'),
	(833, 'SYQ769', '', 14, b'0', '2019-12-03 00:00:00'),
	(834, 'GQF767', '', 14, b'0', '2019-12-03 00:00:00'),
	(835, 'THB436', '', 14, b'0', '2019-12-03 00:00:00'),
	(836, 'RGB983', '', 14, b'0', '2019-12-03 00:00:00'),
	(837, 'WDT272', '', 14, b'0', '2019-12-03 00:00:00'),
	(838, 'XRG267', '', 14, b'0', '2019-12-03 00:00:00'),
	(839, 'EDD654', '', 14, b'0', '2019-12-03 00:00:00'),
	(840, 'VPM899', '', 14, b'0', '2019-12-03 00:00:00'),
	(841, 'WTS897', '', 14, b'0', '2019-12-03 00:00:00'),
	(842, 'VUR446', '', 14, b'0', '2019-12-03 00:00:00'),
	(843, 'YZE632', '', 14, b'0', '2019-12-03 00:00:00'),
	(844, 'GQZ724', '', 14, b'0', '2019-12-03 00:00:00'),
	(845, 'URF833', '', 14, b'0', '2019-12-03 00:00:00'),
	(846, 'FAZ587', '', 14, b'0', '2019-12-03 00:00:00'),
	(847, 'JCW249', '', 14, b'0', '2019-12-03 00:00:00'),
	(848, 'FJS224', '', 14, b'0', '2019-12-03 00:00:00'),
	(849, 'RKD654', '', 14, b'0', '2019-12-03 00:00:00'),
	(850, 'RTW368', '', 14, b'0', '2019-12-03 00:00:00'),
	(851, 'PNA766', '', 14, b'0', '2019-12-03 00:00:00'),
	(852, 'SJT394', '', 14, b'0', '2019-12-03 00:00:00'),
	(853, 'EBN293', '', 14, b'0', '2019-12-03 00:00:00'),
	(854, 'QSB993', '', 14, b'0', '2019-12-03 00:00:00'),
	(855, 'GST854', '', 14, b'0', '2019-12-03 00:00:00'),
	(856, 'FBW847', '', 14, b'0', '2019-12-03 00:00:00'),
	(857, 'CDV942', '', 14, b'0', '2019-12-03 00:00:00'),
	(858, 'ZYZ289', '', 14, b'0', '2019-12-03 00:00:00'),
	(859, 'EBR646', '', 14, b'0', '2019-12-03 00:00:00'),
	(860, 'QXQ239', '', 14, b'0', '2019-12-03 00:00:00'),
	(861, 'ACV664', '', 14, b'0', '2019-12-03 00:00:00'),
	(862, 'XMB849', '', 14, b'0', '2019-12-03 00:00:00'),
	(863, 'SGT452', '', 14, b'0', '2019-12-03 00:00:00'),
	(864, 'UWD833', '', 14, b'0', '2019-12-03 00:00:00'),
	(865, 'TWC867', '', 14, b'0', '2019-12-03 00:00:00'),
	(866, 'JNU578', '', 14, b'0', '2019-12-03 00:00:00'),
	(867, 'MVJ749', '', 14, b'0', '2019-12-03 00:00:00'),
	(868, 'JJR773', '', 14, b'0', '2019-12-03 00:00:00'),
	(869, 'SER862', '', 14, b'0', '2019-12-03 00:00:00'),
	(870, 'WGK728', '', 14, b'0', '2019-12-03 00:00:00'),
	(871, 'HBN997', '', 14, b'0', '2019-12-03 00:00:00'),
	(872, 'ADS729', '', 14, b'0', '2019-12-03 00:00:00'),
	(873, 'MMD946', '', 14, b'0', '2019-12-03 00:00:00'),
	(874, 'APS336', '', 14, b'0', '2019-12-03 00:00:00'),
	(875, 'GEJ677', '', 14, b'0', '2019-12-03 00:00:00'),
	(876, 'YDH872', '', 14, b'0', '2019-12-03 00:00:00'),
	(877, 'ACP828', '', 14, b'0', '2019-12-03 00:00:00'),
	(878, 'VTN842', '', 14, b'0', '2019-12-03 00:00:00'),
	(879, 'FXW634', '', 14, b'0', '2019-12-03 00:00:00'),
	(880, 'MEA757', '', 14, b'0', '2019-12-03 00:00:00'),
	(881, 'NPV584', '', 14, b'0', '2019-12-03 00:00:00'),
	(882, 'AKX443', '', 14, b'0', '2019-12-03 00:00:00'),
	(883, 'QDN369', '', 14, b'0', '2019-12-03 00:00:00'),
	(884, 'KBH234', '', 14, b'0', '2019-12-03 00:00:00'),
	(885, 'RUJ837', '', 14, b'0', '2019-12-03 00:00:00'),
	(886, 'MKJ684', '', 14, b'0', '2019-12-03 00:00:00'),
	(887, 'UWB659', '', 14, b'0', '2019-12-03 00:00:00'),
	(888, 'HKA932', '', 14, b'0', '2019-12-03 00:00:00'),
	(889, 'DSG436', '', 14, b'0', '2019-12-03 00:00:00'),
	(890, 'DKP923', '', 14, b'0', '2019-12-03 00:00:00'),
	(891, 'EFZ734', '', 14, b'0', '2019-12-03 00:00:00'),
	(892, 'PCA939', '', 14, b'0', '2019-12-03 00:00:00'),
	(893, 'JHZ294', '', 14, b'0', '2019-12-03 00:00:00'),
	(894, 'QHS892', '', 14, b'0', '2019-12-03 00:00:00'),
	(895, 'EXK543', '', 14, b'0', '2019-12-03 00:00:00'),
	(896, 'UJY642', '', 14, b'0', '2019-12-03 00:00:00'),
	(897, 'CAN796', '', 14, b'0', '2019-12-03 00:00:00'),
	(898, 'SKW738', '', 14, b'0', '2019-12-03 00:00:00'),
	(899, 'BTW627', '', 14, b'0', '2019-12-03 00:00:00'),
	(900, 'SKZ392', '', 14, b'0', '2019-12-03 00:00:00'),
	(901, 'EMW783', '', 14, b'0', '2019-12-03 00:00:00'),
	(902, 'NVN485', '', 14, b'0', '2019-12-03 00:00:00'),
	(903, 'PFR623', '', 14, b'0', '2019-12-03 00:00:00'),
	(904, 'JCY997', '', 14, b'0', '2019-12-03 00:00:00'),
	(905, 'UNN578', '', 14, b'0', '2019-12-03 00:00:00'),
	(906, 'DKG974', '', 14, b'0', '2019-12-03 00:00:00'),
	(907, 'PTK276', '', 14, b'0', '2019-12-03 00:00:00'),
	(908, 'SSH727', '', 14, b'0', '2019-12-03 00:00:00'),
	(909, 'SHW374', '', 14, b'0', '2019-12-03 00:00:00'),
	(910, 'HBY475', '', 14, b'0', '2019-12-03 00:00:00'),
	(911, 'QSW558', '', 14, b'0', '2019-12-03 00:00:00'),
	(912, 'MNW322', '', 14, b'0', '2019-12-03 00:00:00'),
	(913, 'VGG324', '', 14, b'0', '2019-12-03 00:00:00'),
	(914, 'QXY684', '', 14, b'0', '2019-12-03 00:00:00'),
	(915, 'BCW699', '', 14, b'0', '2019-12-03 00:00:00'),
	(916, 'NYK796', '', 14, b'0', '2019-12-03 00:00:00'),
	(917, 'FYN498', '', 14, b'0', '2019-12-03 00:00:00'),
	(918, 'KWM294', '', 14, b'0', '2019-12-03 00:00:00'),
	(919, 'JQE952', '', 14, b'0', '2019-12-03 00:00:00'),
	(920, 'DXP988', '', 14, b'0', '2019-12-03 00:00:00'),
	(921, 'DMG428', '', 14, b'0', '2019-12-03 00:00:00'),
	(922, 'TSS523', '', 14, b'0', '2019-12-03 00:00:00'),
	(923, 'PUQ959', '', 14, b'0', '2019-12-03 00:00:00'),
	(924, 'RYA398', '', 14, b'0', '2019-12-03 00:00:00'),
	(925, 'HRK664', '', 14, b'0', '2019-12-03 00:00:00'),
	(926, 'GFX759', '', 14, b'0', '2019-12-03 00:00:00'),
	(927, 'KDQ878', '', 14, b'0', '2019-12-03 00:00:00'),
	(928, 'RZR856', '', 14, b'0', '2019-12-03 00:00:00'),
	(929, 'BUM293', '', 14, b'0', '2019-12-03 00:00:00'),
	(930, 'HQW628', '', 14, b'0', '2019-12-03 00:00:00'),
	(931, 'WSH452', '', 14, b'0', '2019-12-03 00:00:00'),
	(932, 'UNR359', '', 14, b'0', '2019-12-03 00:00:00'),
	(933, 'BZU746', '', 14, b'0', '2019-12-03 00:00:00'),
	(934, 'JXN948', '', 14, b'0', '2019-12-03 00:00:00'),
	(935, 'KBQ657', '', 14, b'0', '2019-12-03 00:00:00'),
	(936, 'RQX497', '', 14, b'0', '2019-12-03 00:00:00'),
	(937, 'AEB423', '', 14, b'0', '2019-12-03 00:00:00'),
	(938, 'DRF459', '', 14, b'0', '2019-12-03 00:00:00'),
	(939, 'EEA239', '', 14, b'0', '2019-12-03 00:00:00'),
	(940, 'DSR436', '', 14, b'0', '2019-12-03 00:00:00'),
	(941, 'ZFU679', '', 14, b'0', '2019-12-03 00:00:00'),
	(942, 'TVU787', '', 14, b'0', '2019-12-03 00:00:00'),
	(943, 'EKW259', '', 14, b'0', '2019-12-03 00:00:00'),
	(944, 'QWE464', '', 14, b'0', '2019-12-03 00:00:00'),
	(945, 'QXU976', '', 14, b'0', '2019-12-03 00:00:00'),
	(946, 'ZKB895', '', 14, b'0', '2019-12-03 00:00:00'),
	(947, 'APR672', '', 14, b'0', '2019-12-03 00:00:00'),
	(948, 'UVZ264', '', 14, b'0', '2019-12-03 00:00:00'),
	(949, 'XZP376', '', 14, b'0', '2019-12-03 00:00:00'),
	(950, 'EAT853', '', 14, b'0', '2019-12-03 00:00:00'),
	(951, 'RCZ577', '', 14, b'0', '2019-12-03 00:00:00'),
	(952, 'NJJ287', '', 14, b'0', '2019-12-03 00:00:00'),
	(953, 'XQB455', '', 14, b'0', '2019-12-03 00:00:00'),
	(954, 'HJR723', '', 14, b'0', '2019-12-03 00:00:00'),
	(955, 'APV794', '', 14, b'0', '2019-12-03 00:00:00'),
	(956, 'NKA382', '', 14, b'0', '2019-12-03 00:00:00'),
	(957, 'AGR774', '', 14, b'0', '2019-12-03 00:00:00'),
	(958, 'UNB693', '', 14, b'0', '2019-12-03 00:00:00'),
	(959, 'XFD687', '', 14, b'0', '2019-12-03 00:00:00'),
	(960, 'AYZ729', '', 14, b'0', '2019-12-03 00:00:00'),
	(961, 'YWZ694', '', 14, b'0', '2019-12-03 00:00:00'),
	(962, 'JUK785', '', 14, b'0', '2019-12-03 00:00:00'),
	(963, 'URX254', '', 14, b'0', '2019-12-03 00:00:00'),
	(964, 'SDG893', '', 14, b'0', '2019-12-03 00:00:00'),
	(965, 'ZMZ475', '', 14, b'0', '2019-12-03 00:00:00'),
	(966, 'TDP828', '', 14, b'0', '2019-12-03 00:00:00'),
	(967, 'CGR542', '', 14, b'0', '2019-12-03 00:00:00'),
	(968, 'DTG975', '', 14, b'0', '2019-12-03 00:00:00'),
	(969, 'XZQ265', '', 14, b'0', '2019-12-03 00:00:00'),
	(970, 'VRS822', '', 14, b'0', '2019-12-03 00:00:00'),
	(971, 'HPJ473', '', 14, b'0', '2019-12-03 00:00:00'),
	(972, 'NER986', '', 14, b'0', '2019-12-03 00:00:00'),
	(973, 'MPJ869', '', 14, b'0', '2019-12-03 00:00:00'),
	(974, 'UYZ588', '', 14, b'0', '2019-12-03 00:00:00'),
	(975, 'AJH989', '', 14, b'0', '2019-12-03 00:00:00'),
	(976, 'NNQ563', '', 14, b'0', '2019-12-03 00:00:00'),
	(977, 'CDZ468', '', 14, b'0', '2019-12-03 00:00:00'),
	(978, 'ETG545', '', 14, b'0', '2019-12-03 00:00:00'),
	(979, 'ENM392', '', 14, b'0', '2019-12-03 00:00:00'),
	(980, 'DEK573', '', 14, b'0', '2019-12-03 00:00:00'),
	(981, 'JTW459', '', 14, b'0', '2019-12-03 00:00:00'),
	(982, 'GRK493', '', 14, b'0', '2019-12-03 00:00:00'),
	(983, 'CPG447', '', 14, b'0', '2019-12-03 00:00:00'),
	(984, 'PQZ599', '', 14, b'0', '2019-12-03 00:00:00'),
	(985, 'MQT863', '', 14, b'0', '2019-12-03 00:00:00'),
	(986, 'UZJ872', '', 14, b'0', '2019-12-03 00:00:00'),
	(987, 'VKP338', '', 14, b'0', '2019-12-03 00:00:00'),
	(988, 'WKK228', '', 14, b'0', '2019-12-03 00:00:00'),
	(989, 'KHW269', '', 14, b'0', '2019-12-03 00:00:00'),
	(990, 'ETX249', '', 14, b'0', '2019-12-03 00:00:00'),
	(991, 'PAB324', '', 14, b'0', '2019-12-03 00:00:00'),
	(992, 'PKJ239', '', 14, b'0', '2019-12-03 00:00:00'),
	(993, 'ZXN249', '', 14, b'0', '2019-12-03 00:00:00'),
	(994, 'TDT842', '', 14, b'0', '2019-12-03 00:00:00'),
	(995, 'SXX457', '', 14, b'0', '2019-12-03 00:00:00'),
	(996, 'RKS988', '', 14, b'0', '2019-12-03 00:00:00'),
	(997, 'PDF799', '', 14, b'0', '2019-12-03 00:00:00'),
	(998, 'ZMK762', '', 14, b'0', '2019-12-03 00:00:00'),
	(999, 'CUS545', '', 14, b'0', '2019-12-03 00:00:00'),
	(1000, 'MPS754', '', 14, b'0', '2019-12-03 00:00:00'),
	(1001, 'VDV667', '', 14, b'0', '2019-12-03 00:00:00'),
	(1002, 'ZST964', '', 14, b'0', '2019-12-03 00:00:00'),
	(1003, 'KCZ236', '', 14, b'0', '2019-12-03 00:00:00'),
	(1004, 'GZZ943', '', 14, b'0', '2019-12-03 00:00:00'),
	(1005, 'YHS759', '', 14, b'0', '2019-12-03 00:00:00'),
	(1006, 'ZMB856', '', 14, b'0', '2019-12-03 00:00:00'),
	(1007, 'YDX683', '', 14, b'0', '2019-12-03 00:00:00'),
	(1008, 'YUT434', '', 14, b'0', '2019-12-03 00:00:00'),
	(1009, 'FQW743', '', 14, b'0', '2019-12-03 00:00:00'),
	(1010, 'PCA557', '', 14, b'0', '2019-12-03 00:00:00'),
	(1011, 'DMF885', '', 14, b'0', '2019-12-03 00:00:00'),
	(1012, 'ASB782', '', 14, b'0', '2019-12-03 00:00:00'),
	(1013, 'PUV536', '', 14, b'0', '2019-12-03 00:00:00'),
	(1014, 'ENB649', '', 14, b'0', '2019-12-03 00:00:00'),
	(1015, 'GCS579', '', 14, b'0', '2019-12-03 00:00:00'),
	(1016, 'SYX463', '', 14, b'0', '2019-12-03 00:00:00'),
	(1017, 'JYP665', '', 14, b'0', '2019-12-03 00:00:00'),
	(1018, 'TUZ447', '', 14, b'0', '2019-12-03 00:00:00'),
	(1019, 'TZQ377', '', 14, b'0', '2019-12-03 00:00:00'),
	(1020, 'ZMM348', '', 14, b'0', '2019-12-03 00:00:00'),
	(1021, 'AUX993', '', 14, b'0', '2019-12-03 00:00:00'),
	(1022, 'NER944', '', 14, b'0', '2019-12-03 00:00:00'),
	(1023, 'TGE576', '', 14, b'0', '2019-12-03 00:00:00'),
	(1024, 'RWR884', '', 14, b'0', '2019-12-03 00:00:00'),
	(1025, 'TEJ633', '', 14, b'0', '2019-12-03 00:00:00'),
	(1026, 'BTP653', '', 14, b'0', '2019-12-03 00:00:00'),
	(1027, 'UGU858', '', 14, b'0', '2019-12-03 00:00:00'),
	(1028, 'XVS667', '', 14, b'0', '2019-12-03 00:00:00'),
	(1029, 'WZQ874', '', 14, b'0', '2019-12-03 00:00:00'),
	(1030, 'XDT979', '', 14, b'0', '2019-12-03 00:00:00'),
	(1031, 'NDE675', '', 14, b'0', '2019-12-03 00:00:00'),
	(1032, 'HFX269', '', 14, b'0', '2019-12-03 00:00:00'),
	(1033, 'VSA553', '', 14, b'0', '2019-12-03 00:00:00'),
	(1034, 'TVG978', '', 14, b'0', '2019-12-03 00:00:00'),
	(1035, 'GQX542', '', 14, b'0', '2019-12-03 00:00:00'),
	(1036, 'YBQ339', '', 14, b'0', '2019-12-03 00:00:00'),
	(1037, 'EYN692', '', 14, b'0', '2019-12-03 00:00:00'),
	(1038, 'CEB989', '', 14, b'0', '2019-12-03 00:00:00'),
	(1039, 'DSH268', '', 14, b'0', '2019-12-03 00:00:00'),
	(1040, 'AXY676', '', 14, b'0', '2019-12-03 00:00:00'),
	(1041, 'BYJ745', '', 14, b'0', '2019-12-03 00:00:00'),
	(1042, 'MAF445', '', 14, b'0', '2019-12-03 00:00:00'),
	(1043, 'PYN548', '', 14, b'0', '2019-12-03 00:00:00'),
	(1044, 'HBH827', '', 14, b'0', '2019-12-03 00:00:00'),
	(1045, 'WFX246', '', 14, b'0', '2019-12-03 00:00:00'),
	(1046, 'HGQ776', '', 14, b'0', '2019-12-03 00:00:00'),
	(1047, 'ZAP849', '', 14, b'0', '2019-12-03 00:00:00'),
	(1048, 'YGQ397', '', 14, b'0', '2019-12-03 00:00:00'),
	(1049, 'KCT935', '', 14, b'0', '2019-12-03 00:00:00'),
	(1050, 'GWS486', '', 14, b'0', '2019-12-03 00:00:00'),
	(1051, 'WUD338', '', 14, b'0', '2019-12-03 00:00:00'),
	(1052, 'PKS275', '', 14, b'0', '2019-12-03 00:00:00'),
	(1053, 'GJQ644', '', 14, b'0', '2019-12-03 00:00:00'),
	(1054, 'EDF447', '', 14, b'0', '2019-12-03 00:00:00'),
	(1055, 'AFK654', '', 14, b'0', '2019-12-03 00:00:00'),
	(1056, 'GCN323', '', 14, b'0', '2019-12-03 00:00:00'),
	(1057, 'FFR332', '', 14, b'0', '2019-12-03 00:00:00'),
	(1058, 'BBG692', '', 14, b'0', '2019-12-03 00:00:00'),
	(1059, 'NTY256', '', 14, b'0', '2019-12-03 00:00:00'),
	(1060, 'YAN496', '', 14, b'0', '2019-12-03 00:00:00'),
	(1061, 'RJD642', '', 14, b'0', '2019-12-03 00:00:00'),
	(1062, 'MZS474', '', 14, b'0', '2019-12-03 00:00:00'),
	(1063, 'UPJ767', '', 14, b'0', '2019-12-03 00:00:00'),
	(1064, 'YCJ623', '', 14, b'0', '2019-12-03 00:00:00'),
	(1065, 'FAJ928', '', 14, b'0', '2019-12-03 00:00:00'),
	(1066, 'UHN657', '', 14, b'0', '2019-12-03 00:00:00'),
	(1067, 'FYR773', '', 14, b'0', '2019-12-03 00:00:00'),
	(1068, 'YBX936', '', 14, b'0', '2019-12-03 00:00:00'),
	(1069, 'YKE875', '', 14, b'0', '2019-12-03 00:00:00'),
	(1070, 'ZEC266', '', 14, b'0', '2019-12-03 00:00:00'),
	(1071, 'GQJ992', '', 14, b'0', '2019-12-03 00:00:00'),
	(1072, 'GHM647', '', 14, b'0', '2019-12-03 00:00:00'),
	(1073, 'QEC287', '', 14, b'0', '2019-12-03 00:00:00'),
	(1074, 'MBP658', '', 14, b'0', '2019-12-03 00:00:00'),
	(1075, 'YCC352', '', 14, b'0', '2019-12-03 00:00:00'),
	(1076, 'CQY776', '', 14, b'0', '2019-12-03 00:00:00'),
	(1077, 'AGU827', '', 14, b'0', '2019-12-03 00:00:00'),
	(1078, 'KDN736', '', 14, b'0', '2019-12-03 00:00:00'),
	(1079, 'AZN238', '', 14, b'0', '2019-12-03 00:00:00'),
	(1080, 'SQD662', '', 14, b'0', '2019-12-03 00:00:00'),
	(1081, 'XEV427', '', 14, b'0', '2019-12-03 00:00:00'),
	(1082, 'PDW239', '', 14, b'0', '2019-12-03 00:00:00'),
	(1083, 'QCJ637', '', 14, b'0', '2019-12-03 00:00:00'),
	(1084, 'HBR976', '', 14, b'0', '2019-12-03 00:00:00'),
	(1085, 'ZDK492', '', 14, b'0', '2019-12-03 00:00:00'),
	(1086, 'GDW738', '', 14, b'0', '2019-12-03 00:00:00'),
	(1087, 'PDR966', '', 14, b'0', '2019-12-03 00:00:00'),
	(1088, 'AZY527', '', 14, b'0', '2019-12-03 00:00:00'),
	(1089, 'HWK458', '', 14, b'0', '2019-12-03 00:00:00'),
	(1090, 'ZWQ894', '', 14, b'0', '2019-12-03 00:00:00'),
	(1091, 'CTZ323', '', 14, b'0', '2019-12-03 00:00:00'),
	(1092, 'MZA289', '', 14, b'0', '2019-12-03 00:00:00'),
	(1093, 'SFY735', '', 14, b'0', '2019-12-03 00:00:00'),
	(1094, 'YGV272', '', 14, b'0', '2019-12-03 00:00:00'),
	(1095, 'RXX749', '', 14, b'0', '2019-12-03 00:00:00'),
	(1096, 'ETR287', '', 14, b'0', '2019-12-03 00:00:00'),
	(1097, 'ZYE863', '', 14, b'0', '2019-12-03 00:00:00'),
	(1098, 'RSJ247', '', 14, b'0', '2019-12-03 00:00:00'),
	(1099, 'JAC288', '', 14, b'0', '2019-12-03 00:00:00'),
	(1100, 'KTW566', '', 14, b'0', '2019-12-03 00:00:00'),
	(1101, 'SYJ686', '', 14, b'0', '2019-12-03 00:00:00'),
	(1102, 'YDK667', '', 14, b'0', '2019-12-03 00:00:00'),
	(1103, 'QQP536', '', 14, b'0', '2019-12-03 00:00:00'),
	(1104, 'DCJ776', '', 14, b'0', '2019-12-03 00:00:00'),
	(1105, 'DTR894', '', 14, b'0', '2019-12-03 00:00:00'),
	(1106, 'UZR888', '', 14, b'0', '2019-12-03 00:00:00'),
	(1107, 'DTM878', '', 14, b'0', '2019-12-03 00:00:00'),
	(1108, 'MZY675', '', 14, b'0', '2019-12-03 00:00:00'),
	(1109, 'ZQB786', '', 14, b'0', '2019-12-03 00:00:00'),
	(1110, 'YHA954', '', 14, b'0', '2019-12-03 00:00:00'),
	(1111, 'JZV222', '', 14, b'0', '2019-12-03 00:00:00'),
	(1112, 'STG243', '', 14, b'0', '2019-12-03 00:00:00'),
	(1113, 'SFV284', '', 14, b'0', '2019-12-03 00:00:00'),
	(1114, 'EXQ367', '', 14, b'0', '2019-12-03 00:00:00'),
	(1115, 'JQC532', '', 14, b'0', '2019-12-03 00:00:00'),
	(1116, 'FVV598', '', 14, b'0', '2019-12-03 00:00:00'),
	(1117, 'RUR339', '', 14, b'0', '2019-12-03 00:00:00'),
	(1118, 'MEK565', '', 14, b'0', '2019-12-03 00:00:00'),
	(1119, 'WFX736', '', 14, b'0', '2019-12-03 00:00:00'),
	(1120, 'UXP849', '', 14, b'0', '2019-12-03 00:00:00'),
	(1121, 'HZN279', '', 14, b'0', '2019-12-03 00:00:00'),
	(1122, 'XVX236', '', 14, b'0', '2019-12-03 00:00:00'),
	(1123, 'XGP955', '', 14, b'0', '2019-12-03 00:00:00'),
	(1124, 'XJR765', '', 14, b'0', '2019-12-03 00:00:00'),
	(1125, 'VAM233', '', 14, b'0', '2019-12-03 00:00:00'),
	(1126, 'ATP579', '', 14, b'0', '2019-12-03 00:00:00'),
	(1127, 'TGR522', '', 14, b'0', '2019-12-03 00:00:00'),
	(1128, 'ETZ858', '', 14, b'0', '2019-12-03 00:00:00'),
	(1129, 'HCR329', '', 14, b'0', '2019-12-03 00:00:00'),
	(1130, 'JXH924', '', 14, b'0', '2019-12-03 00:00:00'),
	(1131, 'UNU268', '', 14, b'0', '2019-12-03 00:00:00'),
	(1132, 'DCM423', '', 14, b'0', '2019-12-03 00:00:00'),
	(1133, 'QDZ735', '', 14, b'0', '2019-12-03 00:00:00'),
	(1134, 'ZCV338', '', 14, b'0', '2019-12-03 00:00:00'),
	(1135, 'UFH727', '', 14, b'0', '2019-12-03 00:00:00'),
	(1136, 'DFR236', '', 14, b'0', '2019-12-03 00:00:00'),
	(1137, 'NUP544', '', 14, b'0', '2019-12-03 00:00:00'),
	(1138, 'HRP827', '', 14, b'0', '2019-12-03 00:00:00'),
	(1139, 'KGP687', '', 14, b'0', '2019-12-03 00:00:00'),
	(1140, 'GKB844', '', 14, b'0', '2019-12-03 00:00:00'),
	(1141, 'CPQ863', '', 14, b'0', '2019-12-03 00:00:00'),
	(1142, 'BRH594', '', 14, b'0', '2019-12-03 00:00:00'),
	(1143, 'KEX244', '', 14, b'0', '2019-12-03 00:00:00'),
	(1144, 'CUV529', '', 14, b'0', '2019-12-03 00:00:00'),
	(1145, 'WCU859', '', 14, b'0', '2019-12-03 00:00:00'),
	(1146, 'KJX774', '', 14, b'0', '2019-12-03 00:00:00'),
	(1147, 'TWS287', '', 14, b'0', '2019-12-03 00:00:00'),
	(1148, 'ERK325', '', 14, b'0', '2019-12-03 00:00:00'),
	(1149, 'BCD958', '', 14, b'0', '2019-12-03 00:00:00'),
	(1150, 'UNA939', '', 14, b'0', '2019-12-03 00:00:00'),
	(1151, 'QJG957', '', 14, b'0', '2019-12-03 00:00:00'),
	(1152, 'RDY256', '', 14, b'0', '2019-12-03 00:00:00'),
	(1153, 'UFF485', '', 14, b'0', '2019-12-03 00:00:00'),
	(1154, 'WTS746', '', 14, b'0', '2019-12-03 00:00:00'),
	(1155, 'JKG585', '', 14, b'0', '2019-12-03 00:00:00'),
	(1156, 'QTQ935', '', 14, b'0', '2019-12-03 00:00:00'),
	(1157, 'FSS459', '', 14, b'0', '2019-12-03 00:00:00'),
	(1158, 'QGE364', '', 14, b'0', '2019-12-03 00:00:00'),
	(1159, 'RYE796', '', 14, b'0', '2019-12-03 00:00:00'),
	(1160, 'VCW272', '', 14, b'0', '2019-12-03 00:00:00'),
	(1161, 'DXW969', '', 14, b'0', '2019-12-03 00:00:00'),
	(1162, 'TXH639', '', 14, b'0', '2019-12-03 00:00:00'),
	(1163, 'PNF223', '', 14, b'0', '2019-12-03 00:00:00'),
	(1164, 'EJX949', '', 14, b'0', '2019-12-03 00:00:00'),
	(1165, 'RHB952', '', 14, b'0', '2019-12-03 00:00:00'),
	(1166, 'AVT339', '', 14, b'0', '2019-12-03 00:00:00'),
	(1167, 'HXR975', '', 14, b'0', '2019-12-03 00:00:00'),
	(1168, 'DVZ652', '', 14, b'0', '2019-12-03 00:00:00'),
	(1169, 'WDQ942', '', 14, b'0', '2019-12-03 00:00:00'),
	(1170, 'BFN786', '', 14, b'0', '2019-12-03 00:00:00'),
	(1171, 'WPZ627', '', 14, b'0', '2019-12-03 00:00:00'),
	(1172, 'WEE785', '', 14, b'0', '2019-12-03 00:00:00'),
	(1173, 'HVB833', '', 14, b'0', '2019-12-03 00:00:00'),
	(1174, 'EDD536', '', 14, b'0', '2019-12-03 00:00:00'),
	(1175, 'XUJ273', '', 14, b'0', '2019-12-03 00:00:00'),
	(1176, 'VCY239', '', 14, b'0', '2019-12-03 00:00:00'),
	(1177, 'ZAW938', '', 14, b'0', '2019-12-03 00:00:00'),
	(1178, 'VZM464', '', 14, b'0', '2019-12-03 00:00:00'),
	(1179, 'MKF349', '', 14, b'0', '2019-12-03 00:00:00'),
	(1180, 'SNC797', '', 14, b'0', '2019-12-03 00:00:00'),
	(1181, 'SEN335', '', 14, b'0', '2019-12-03 00:00:00'),
	(1182, 'FNA635', '', 14, b'0', '2019-12-03 00:00:00'),
	(1183, 'SKJ392', '', 14, b'0', '2019-12-03 00:00:00'),
	(1184, 'TCQ795', '', 14, b'0', '2019-12-03 00:00:00'),
	(1185, 'SAD587', '', 14, b'0', '2019-12-03 00:00:00'),
	(1186, 'KGR747', '', 14, b'0', '2019-12-03 00:00:00'),
	(1187, 'DBU688', '', 14, b'0', '2019-12-03 00:00:00'),
	(1188, 'MHD473', '', 14, b'0', '2019-12-03 00:00:00'),
	(1189, 'SXV599', '', 14, b'0', '2019-12-03 00:00:00'),
	(1190, 'KSK662', '', 14, b'0', '2019-12-03 00:00:00'),
	(1191, 'QTE269', '', 14, b'0', '2019-12-03 00:00:00'),
	(1192, 'RQB733', '', 14, b'0', '2019-12-03 00:00:00'),
	(1193, 'ZTM695', '', 14, b'0', '2019-12-03 00:00:00'),
	(1194, 'KUF572', '', 14, b'0', '2019-12-03 00:00:00'),
	(1195, 'PHW796', '', 14, b'0', '2019-12-03 00:00:00'),
	(1196, 'KNU226', '', 14, b'0', '2019-12-03 00:00:00'),
	(1197, 'VJX727', '', 14, b'0', '2019-12-03 00:00:00'),
	(1198, 'TJY587', '', 14, b'0', '2019-12-03 00:00:00'),
	(1199, 'CHX792', '', 14, b'0', '2019-12-03 00:00:00'),
	(1200, 'JZH485', '', 14, b'0', '2019-12-03 00:00:00'),
	(1201, 'HHM322', '', 14, b'0', '2019-12-03 00:00:00'),
	(1202, 'PVE938', '', 14, b'0', '2019-12-03 00:00:00'),
	(1203, 'BFC543', '', 14, b'0', '2019-12-03 00:00:00'),
	(1204, 'WGQ676', '', 14, b'0', '2019-12-03 00:00:00'),
	(1205, 'TYU856', '', 14, b'0', '2019-12-03 00:00:00'),
	(1206, 'RVT694', '', 14, b'0', '2019-12-03 00:00:00'),
	(1207, 'RSR934', '', 14, b'0', '2019-12-03 00:00:00'),
	(1208, 'UZH547', '', 14, b'0', '2019-12-03 00:00:00'),
	(1209, 'CDK675', '', 14, b'0', '2019-12-03 00:00:00'),
	(1210, 'RTM673', '', 14, b'0', '2019-12-03 00:00:00'),
	(1211, 'AQQ646', '', 14, b'0', '2019-12-03 00:00:00'),
	(1212, 'QAD924', '', 14, b'0', '2019-12-03 00:00:00'),
	(1213, 'VEN326', '', 14, b'0', '2019-12-03 00:00:00'),
	(1214, 'GPQ273', '', 14, b'0', '2019-12-03 00:00:00'),
	(1215, 'YBT753', '', 14, b'0', '2019-12-03 00:00:00'),
	(1216, 'YKS622', '', 14, b'0', '2019-12-03 00:00:00'),
	(1217, 'RUW836', '', 14, b'0', '2019-12-03 00:00:00'),
	(1218, 'QMG893', '', 14, b'0', '2019-12-03 00:00:00'),
	(1219, 'EYQ223', '', 14, b'0', '2019-12-03 00:00:00'),
	(1220, 'KKC895', '', 14, b'0', '2019-12-03 00:00:00'),
	(1221, 'BCD742', '', 14, b'0', '2019-12-03 00:00:00'),
	(1222, 'PJR374', '', 14, b'0', '2019-12-03 00:00:00'),
	(1223, 'GFH468', '', 14, b'0', '2019-12-03 00:00:00'),
	(1224, 'SAD663', '', 14, b'0', '2019-12-03 00:00:00'),
	(1225, 'PYN739', '', 14, b'0', '2019-12-03 00:00:00'),
	(1226, 'QFK386', '', 14, b'0', '2019-12-03 00:00:00'),
	(1227, 'YQT469', '', 14, b'0', '2019-12-03 00:00:00'),
	(1228, 'EEQ526', '', 14, b'0', '2019-12-03 00:00:00'),
	(1229, 'BCV275', '', 14, b'0', '2019-12-03 00:00:00'),
	(1230, 'QMG678', '', 14, b'0', '2019-12-03 00:00:00'),
	(1231, 'HTT937', '', 14, b'0', '2019-12-03 00:00:00'),
	(1232, 'TAG952', '', 14, b'0', '2019-12-03 00:00:00'),
	(1233, 'BPJ793', '', 14, b'0', '2019-12-03 00:00:00'),
	(1234, 'WHU857', '', 14, b'0', '2019-12-03 00:00:00'),
	(1235, 'CVM975', '', 14, b'0', '2019-12-03 00:00:00'),
	(1236, 'PEG766', '', 14, b'0', '2019-12-03 00:00:00'),
	(1237, 'TRV222', '', 14, b'0', '2019-12-03 00:00:00'),
	(1238, 'WBP225', '', 14, b'0', '2019-12-03 00:00:00'),
	(1239, 'DPA379', '', 14, b'0', '2019-12-03 00:00:00'),
	(1240, 'ADT638', '', 14, b'0', '2019-12-03 00:00:00'),
	(1241, 'EGV489', '', 14, b'0', '2019-12-03 00:00:00'),
	(1242, 'BED726', '', 14, b'0', '2019-12-03 00:00:00'),
	(1243, 'QKS566', '', 14, b'0', '2019-12-03 00:00:00'),
	(1244, 'RXG737', '', 14, b'0', '2019-12-03 00:00:00'),
	(1245, 'UEJ754', '', 14, b'0', '2019-12-03 00:00:00'),
	(1246, 'BGA374', '', 14, b'0', '2019-12-03 00:00:00'),
	(1247, 'KDN427', '', 14, b'0', '2019-12-03 00:00:00'),
	(1248, 'DBB558', '', 14, b'0', '2019-12-03 00:00:00'),
	(1249, 'WXK387', '', 14, b'0', '2019-12-03 00:00:00'),
	(1250, 'ZJM484', '', 14, b'0', '2019-12-03 00:00:00'),
	(1251, 'WJW348', '', 14, b'0', '2019-12-03 00:00:00'),
	(1252, 'ETE289', '', 14, b'0', '2019-12-03 00:00:00'),
	(1253, 'ZVQ885', '', 14, b'0', '2019-12-03 00:00:00'),
	(1254, 'BXE872', '', 14, b'0', '2019-12-03 00:00:00'),
	(1255, 'TMB386', '', 14, b'0', '2019-12-03 00:00:00'),
	(1256, 'AXU948', '', 14, b'0', '2019-12-03 00:00:00'),
	(1257, 'FEX462', '', 14, b'0', '2019-12-03 00:00:00'),
	(1258, 'BUS794', '', 14, b'0', '2019-12-03 00:00:00'),
	(1259, 'PRZ675', '', 14, b'0', '2019-12-03 00:00:00'),
	(1260, 'JEE926', '', 14, b'0', '2019-12-03 00:00:00'),
	(1261, 'KDR247', '', 14, b'0', '2019-12-03 00:00:00'),
	(1262, 'HKY945', '', 14, b'0', '2019-12-03 00:00:00'),
	(1263, 'XGH438', '', 14, b'0', '2019-12-03 00:00:00'),
	(1264, 'BQS857', '', 14, b'0', '2019-12-03 00:00:00'),
	(1265, 'GKB826', '', 14, b'0', '2019-12-03 00:00:00'),
	(1266, 'XQQ535', '', 14, b'0', '2019-12-03 00:00:00'),
	(1267, 'XZS343', '', 14, b'0', '2019-12-03 00:00:00'),
	(1268, 'GTF956', '', 14, b'0', '2019-12-03 00:00:00'),
	(1269, 'VYD447', '', 14, b'0', '2019-12-03 00:00:00'),
	(1270, 'MBX696', '', 14, b'0', '2019-12-03 00:00:00'),
	(1271, 'BBF378', '', 14, b'0', '2019-12-03 00:00:00'),
	(1272, 'HHR825', '', 14, b'0', '2019-12-03 00:00:00'),
	(1273, 'TWP963', '', 14, b'0', '2019-12-03 00:00:00'),
	(1274, 'FUW268', '', 14, b'0', '2019-12-03 00:00:00'),
	(1275, 'ZSA582', '', 14, b'0', '2019-12-03 00:00:00'),
	(1276, 'QUJ362', '', 14, b'0', '2019-12-03 00:00:00'),
	(1277, 'HSY559', '', 14, b'0', '2019-12-03 00:00:00'),
	(1278, 'UYA692', '', 14, b'0', '2019-12-03 00:00:00'),
	(1279, 'VQT323', '', 14, b'0', '2019-12-03 00:00:00'),
	(1280, 'JQM462', '', 14, b'0', '2019-12-03 00:00:00'),
	(1281, 'KAB854', '', 14, b'0', '2019-12-03 00:00:00'),
	(1282, 'VXE783', '', 14, b'0', '2019-12-03 00:00:00'),
	(1283, 'RMB594', '', 14, b'0', '2019-12-03 00:00:00'),
	(1284, 'AKM539', '', 14, b'0', '2019-12-03 00:00:00'),
	(1285, 'QTF896', '', 14, b'0', '2019-12-03 00:00:00'),
	(1286, 'JQQ683', '', 14, b'0', '2019-12-03 00:00:00'),
	(1287, 'KGN728', '', 14, b'0', '2019-12-03 00:00:00'),
	(1288, 'HRQ293', '', 14, b'0', '2019-12-03 00:00:00'),
	(1289, 'TAM768', '', 14, b'0', '2019-12-03 00:00:00'),
	(1290, 'CEQ534', '', 14, b'0', '2019-12-03 00:00:00'),
	(1291, 'VBB493', '', 14, b'0', '2019-12-03 00:00:00'),
	(1292, 'KXN489', '', 14, b'0', '2019-12-03 00:00:00'),
	(1293, 'JER494', '', 14, b'0', '2019-12-03 00:00:00'),
	(1294, 'GQV558', '', 14, b'0', '2019-12-03 00:00:00'),
	(1295, 'UBR372', '', 14, b'0', '2019-12-03 00:00:00'),
	(1296, 'CYS924', '', 14, b'0', '2019-12-03 00:00:00'),
	(1297, 'YRN322', '', 14, b'0', '2019-12-03 00:00:00'),
	(1298, 'YNH738', '', 14, b'0', '2019-12-03 00:00:00'),
	(1299, 'MBB794', '', 14, b'0', '2019-12-03 00:00:00'),
	(1300, 'SYB555', '', 14, b'0', '2019-12-03 00:00:00'),
	(1301, 'XPG277', '', 14, b'0', '2019-12-03 00:00:00'),
	(1302, 'NZF455', '', 14, b'0', '2019-12-03 00:00:00'),
	(1303, 'VCM959', '', 14, b'0', '2019-12-03 00:00:00'),
	(1304, 'RRM873', '', 14, b'0', '2019-12-03 00:00:00'),
	(1305, 'MKR583', '', 14, b'0', '2019-12-03 00:00:00'),
	(1306, 'FYH733', '', 14, b'0', '2019-12-03 00:00:00'),
	(1307, 'MNP646', '', 14, b'0', '2019-12-03 00:00:00'),
	(1308, 'KXS867', '', 14, b'0', '2019-12-03 00:00:00'),
	(1309, 'RCD289', '', 14, b'0', '2019-12-03 00:00:00'),
	(1310, 'JAK572', '', 14, b'0', '2019-12-03 00:00:00'),
	(1311, 'BVY598', '', 14, b'0', '2019-12-03 00:00:00'),
	(1312, 'EHW847', '', 14, b'0', '2019-12-03 00:00:00'),
	(1313, 'WEG769', '', 14, b'0', '2019-12-03 00:00:00'),
	(1314, 'BAP956', '', 14, b'0', '2019-12-03 00:00:00'),
	(1315, 'PMV524', '', 14, b'0', '2019-12-03 00:00:00'),
	(1316, 'ADZ224', '', 14, b'0', '2019-12-03 00:00:00'),
	(1317, 'BXS346', '', 14, b'0', '2019-12-03 00:00:00'),
	(1318, 'BQE636', '', 14, b'0', '2019-12-03 00:00:00'),
	(1319, 'KGR339', '', 14, b'0', '2019-12-03 00:00:00'),
	(1320, 'UBX629', '', 14, b'0', '2019-12-03 00:00:00'),
	(1321, 'CEE228', '', 14, b'0', '2019-12-03 00:00:00'),
	(1322, 'UQH985', '', 14, b'0', '2019-12-03 00:00:00'),
	(1323, 'QNP428', '', 14, b'0', '2019-12-03 00:00:00'),
	(1324, 'TVU997', '', 14, b'0', '2019-12-03 00:00:00'),
	(1325, 'GWW658', '', 14, b'0', '2019-12-03 00:00:00'),
	(1326, 'FTQ768', '', 14, b'0', '2019-12-03 00:00:00'),
	(1327, 'FKT558', '', 14, b'0', '2019-12-03 00:00:00'),
	(1328, 'AWK922', '', 14, b'0', '2019-12-03 00:00:00'),
	(1329, 'ZVC545', '', 14, b'0', '2019-12-03 00:00:00'),
	(1330, 'FVN448', '', 14, b'0', '2019-12-03 00:00:00'),
	(1331, 'ATB595', '', 14, b'0', '2019-12-03 00:00:00'),
	(1332, 'QWB453', '', 14, b'0', '2019-12-03 00:00:00'),
	(1333, 'HKH473', '', 14, b'0', '2019-12-03 00:00:00'),
	(1334, 'RPG759', '', 14, b'0', '2019-12-03 00:00:00'),
	(1335, 'NPX352', '', 14, b'0', '2019-12-03 00:00:00'),
	(1336, 'DGQ363', '', 14, b'0', '2019-12-03 00:00:00'),
	(1337, 'WWE223', '', 14, b'0', '2019-12-03 00:00:00'),
	(1338, 'HGA333', '', 14, b'0', '2019-12-03 00:00:00'),
	(1339, 'CMG989', '', 14, b'0', '2019-12-03 00:00:00'),
	(1340, 'ZKM466', '', 14, b'0', '2019-12-03 00:00:00'),
	(1341, 'CMZ583', '', 14, b'0', '2019-12-03 00:00:00'),
	(1342, 'NDJ587', '', 14, b'0', '2019-12-03 00:00:00'),
	(1343, 'PJM262', '', 14, b'0', '2019-12-03 00:00:00'),
	(1344, 'XMB786', '', 14, b'0', '2019-12-03 00:00:00'),
	(1345, 'QKJ333', '', 14, b'0', '2019-12-03 00:00:00'),
	(1346, 'FCM942', '', 14, b'0', '2019-12-03 00:00:00'),
	(1347, 'WXD679', '', 14, b'0', '2019-12-03 00:00:00'),
	(1348, 'USA692', '', 14, b'0', '2019-12-03 00:00:00'),
	(1349, 'VRY588', '', 14, b'0', '2019-12-03 00:00:00'),
	(1350, 'DKD566', '', 14, b'0', '2019-12-03 00:00:00'),
	(1351, 'VQH352', '', 14, b'0', '2019-12-03 00:00:00'),
	(1352, 'DTT558', '', 14, b'0', '2019-12-03 00:00:00'),
	(1353, 'SSS533', '', 14, b'0', '2019-12-03 00:00:00'),
	(1354, 'XVS343', '', 14, b'0', '2019-12-03 00:00:00'),
	(1355, 'QTR934', '', 14, b'0', '2019-12-03 00:00:00'),
	(1356, 'GHE732', '', 14, b'0', '2019-12-03 00:00:00'),
	(1357, 'YNP777', '', 14, b'0', '2019-12-03 00:00:00'),
	(1358, 'NNY965', '', 14, b'0', '2019-12-03 00:00:00'),
	(1359, 'TJU689', '', 14, b'0', '2019-12-03 00:00:00'),
	(1360, 'EMG636', '', 14, b'0', '2019-12-03 00:00:00'),
	(1361, 'HWU227', '', 14, b'0', '2019-12-03 00:00:00'),
	(1362, 'WSF839', '', 14, b'0', '2019-12-03 00:00:00'),
	(1363, 'WSK347', '', 14, b'0', '2019-12-03 00:00:00'),
	(1364, 'CCV567', '', 14, b'0', '2019-12-03 00:00:00'),
	(1365, 'MYD658', '', 14, b'0', '2019-12-03 00:00:00'),
	(1366, 'UQC833', '', 14, b'0', '2019-12-03 00:00:00'),
	(1367, 'JAA742', '', 14, b'0', '2019-12-03 00:00:00'),
	(1368, 'WPF598', '', 14, b'0', '2019-12-03 00:00:00'),
	(1369, 'NEG966', '', 14, b'0', '2019-12-03 00:00:00'),
	(1370, 'EGX467', '', 14, b'0', '2019-12-03 00:00:00'),
	(1371, 'SNC273', '', 14, b'0', '2019-12-03 00:00:00'),
	(1372, 'YVK739', '', 14, b'0', '2019-12-03 00:00:00'),
	(1373, 'SMQ472', '', 14, b'0', '2019-12-03 00:00:00'),
	(1374, 'NNV478', '', 14, b'0', '2019-12-03 00:00:00'),
	(1375, 'AUD244', '', 14, b'0', '2019-12-03 00:00:00'),
	(1376, 'AQJ257', '', 14, b'0', '2019-12-03 00:00:00'),
	(1377, 'SUU768', '', 14, b'0', '2019-12-03 00:00:00'),
	(1378, 'QHG743', '', 14, b'0', '2019-12-03 00:00:00'),
	(1379, 'ZHQ344', '', 14, b'0', '2019-12-03 00:00:00'),
	(1380, 'JES785', '', 14, b'0', '2019-12-03 00:00:00'),
	(1381, 'BJE996', '', 14, b'0', '2019-12-03 00:00:00'),
	(1382, 'JJE853', '', 14, b'0', '2019-12-03 00:00:00'),
	(1383, 'JKA258', '', 14, b'0', '2019-12-03 00:00:00'),
	(1384, 'FCF945', '', 14, b'0', '2019-12-03 00:00:00'),
	(1385, 'JBD893', '', 14, b'0', '2019-12-03 00:00:00'),
	(1386, 'DCU945', '', 14, b'0', '2019-12-03 00:00:00'),
	(1387, 'GTP553', '', 14, b'0', '2019-12-03 00:00:00'),
	(1388, 'CBN772', '', 14, b'0', '2019-12-03 00:00:00'),
	(1389, 'RYX372', '', 14, b'0', '2019-12-03 00:00:00'),
	(1390, 'DEY468', '', 14, b'0', '2019-12-03 00:00:00'),
	(1391, 'WZU965', '', 14, b'0', '2019-12-03 00:00:00'),
	(1392, 'VKG976', '', 14, b'0', '2019-12-03 00:00:00'),
	(1393, 'HET234', '', 14, b'0', '2019-12-03 00:00:00'),
	(1394, 'KZJ263', '', 14, b'0', '2019-12-03 00:00:00'),
	(1395, 'RNJ562', '', 14, b'0', '2019-12-03 00:00:00'),
	(1396, 'PYB632', '', 14, b'0', '2019-12-03 00:00:00'),
	(1397, 'JRU924', '', 14, b'0', '2019-12-03 00:00:00'),
	(1398, 'TJT598', '', 14, b'0', '2019-12-03 00:00:00'),
	(1399, 'KBC258', '', 14, b'0', '2019-12-03 00:00:00'),
	(1400, 'UKU895', '', 14, b'0', '2019-12-03 00:00:00'),
	(1401, 'KUQ963', '', 14, b'0', '2019-12-03 00:00:00'),
	(1402, 'PNZ769', '', 14, b'0', '2019-12-03 00:00:00'),
	(1403, 'DND836', '', 14, b'0', '2019-12-03 00:00:00'),
	(1404, 'PXS466', '', 14, b'0', '2019-12-03 00:00:00'),
	(1405, 'YDF628', '', 14, b'0', '2019-12-03 00:00:00'),
	(1406, 'KVC895', '', 14, b'0', '2019-12-03 00:00:00'),
	(1407, 'WQV435', '', 14, b'0', '2019-12-03 00:00:00'),
	(1408, 'PPU899', '', 14, b'0', '2019-12-03 00:00:00'),
	(1409, 'FVF968', '', 14, b'0', '2019-12-03 00:00:00'),
	(1410, 'KKF536', '', 14, b'0', '2019-12-03 00:00:00'),
	(1411, 'JHK234', '', 14, b'0', '2019-12-03 00:00:00'),
	(1412, 'RCH684', '', 14, b'0', '2019-12-03 00:00:00'),
	(1413, 'EWR448', '', 14, b'0', '2019-12-03 00:00:00'),
	(1414, 'CGC956', '', 14, b'0', '2019-12-03 00:00:00'),
	(1415, 'CRQ674', '', 14, b'0', '2019-12-03 00:00:00'),
	(1416, 'QXE524', '', 14, b'0', '2019-12-03 00:00:00'),
	(1417, 'MMP533', '', 14, b'0', '2019-12-03 00:00:00'),
	(1418, 'ZUN738', '', 14, b'0', '2019-12-03 00:00:00'),
	(1419, 'DXA562', '', 14, b'0', '2019-12-03 00:00:00'),
	(1420, 'JCK747', '', 14, b'0', '2019-12-03 00:00:00'),
	(1421, 'NTE954', '', 14, b'0', '2019-12-03 00:00:00'),
	(1422, 'YFG653', '', 14, b'0', '2019-12-03 00:00:00'),
	(1423, 'QVE855', '', 14, b'0', '2019-12-03 00:00:00'),
	(1424, 'DPP899', '', 14, b'0', '2019-12-03 00:00:00'),
	(1425, 'HHX458', '', 14, b'0', '2019-12-03 00:00:00'),
	(1426, 'XRF825', '', 14, b'0', '2019-12-03 00:00:00'),
	(1427, 'XPV643', '', 14, b'0', '2019-12-03 00:00:00'),
	(1428, 'ZJC667', '', 14, b'0', '2019-12-03 00:00:00'),
	(1429, 'USU373', '', 14, b'0', '2019-12-03 00:00:00'),
	(1430, 'MEJ554', '', 14, b'0', '2019-12-03 00:00:00'),
	(1431, 'WUY562', '', 14, b'0', '2019-12-03 00:00:00'),
	(1432, 'FQS439', '', 14, b'0', '2019-12-03 00:00:00'),
	(1433, 'MRZ796', '', 14, b'0', '2019-12-03 00:00:00'),
	(1434, 'ERV222', '', 14, b'0', '2019-12-03 00:00:00'),
	(1435, 'EXC862', '', 14, b'0', '2019-12-03 00:00:00'),
	(1436, 'EPA547', '', 14, b'0', '2019-12-03 00:00:00'),
	(1437, 'SFA443', '', 14, b'0', '2019-12-03 00:00:00'),
	(1438, 'SRP683', '', 14, b'0', '2019-12-03 00:00:00'),
	(1439, 'QSJ544', '', 14, b'0', '2019-12-03 00:00:00'),
	(1440, 'WQR398', '', 14, b'0', '2019-12-03 00:00:00'),
	(1441, 'FRS549', '', 14, b'0', '2019-12-03 00:00:00'),
	(1442, 'JSN532', '', 14, b'0', '2019-12-03 00:00:00'),
	(1443, 'FEG255', '', 14, b'0', '2019-12-03 00:00:00'),
	(1444, 'UWY942', '', 14, b'0', '2019-12-03 00:00:00'),
	(1445, 'ERN585', '', 14, b'0', '2019-12-03 00:00:00'),
	(1446, 'XMZ295', '', 14, b'0', '2019-12-03 00:00:00'),
	(1447, 'PAG665', '', 14, b'0', '2019-12-03 00:00:00'),
	(1448, 'AJK233', '', 14, b'0', '2019-12-03 00:00:00'),
	(1449, 'ACT429', '', 14, b'0', '2019-12-03 00:00:00'),
	(1450, 'RQS673', '', 14, b'0', '2019-12-03 00:00:00'),
	(1451, 'RUR937', '', 14, b'0', '2019-12-03 00:00:00'),
	(1452, 'HBU689', '', 14, b'0', '2019-12-03 00:00:00'),
	(1453, 'HUN729', '', 14, b'0', '2019-12-03 00:00:00'),
	(1454, 'HPK945', '', 14, b'0', '2019-12-03 00:00:00'),
	(1455, 'ZXH643', '', 14, b'0', '2019-12-03 00:00:00'),
	(1456, 'VPH858', '', 14, b'0', '2019-12-03 00:00:00'),
	(1457, 'SEU737', '', 14, b'0', '2019-12-03 00:00:00'),
	(1458, 'YNR784', '', 14, b'0', '2019-12-03 00:00:00'),
	(1459, 'BCY967', '', 14, b'0', '2019-12-03 00:00:00'),
	(1460, 'SWG458', '', 14, b'0', '2019-12-03 00:00:00'),
	(1461, 'PEX699', '', 14, b'0', '2019-12-03 00:00:00'),
	(1462, 'VXU496', '', 14, b'0', '2019-12-03 00:00:00'),
	(1463, 'GXZ877', '', 14, b'0', '2019-12-03 00:00:00'),
	(1464, 'AKJ266', '', 14, b'0', '2019-12-03 00:00:00'),
	(1465, 'QPT956', '', 14, b'0', '2019-12-03 00:00:00'),
	(1466, 'VTZ522', '', 14, b'0', '2019-12-03 00:00:00'),
	(1467, 'BKT292', '', 14, b'0', '2019-12-03 00:00:00'),
	(1468, 'BFX384', '', 14, b'0', '2019-12-03 00:00:00'),
	(1469, 'EUZ297', '', 14, b'0', '2019-12-03 00:00:00'),
	(1470, 'JDE443', '', 14, b'0', '2019-12-03 00:00:00'),
	(1471, 'XBA479', '', 14, b'0', '2019-12-03 00:00:00'),
	(1472, 'YMJ728', '', 14, b'0', '2019-12-03 00:00:00'),
	(1473, 'AAQ476', '', 14, b'0', '2019-12-03 00:00:00'),
	(1474, 'ADG552', '', 14, b'0', '2019-12-03 00:00:00'),
	(1475, 'RKJ699', '', 14, b'0', '2019-12-03 00:00:00'),
	(1476, 'SYT269', '', 14, b'0', '2019-12-03 00:00:00'),
	(1477, 'WEP362', '', 14, b'0', '2019-12-03 00:00:00'),
	(1478, 'MDT865', '', 14, b'0', '2019-12-03 00:00:00'),
	(1479, 'BBP593', '', 14, b'0', '2019-12-03 00:00:00'),
	(1480, 'FPM785', '', 14, b'0', '2019-12-03 00:00:00'),
	(1481, 'WTU545', '', 14, b'0', '2019-12-03 00:00:00'),
	(1482, 'HFC762', '', 14, b'0', '2019-12-03 00:00:00'),
	(1483, 'KGX642', '', 14, b'0', '2019-12-03 00:00:00'),
	(1484, 'ETZ268', '', 14, b'0', '2019-12-03 00:00:00'),
	(1485, 'SYH343', '', 14, b'0', '2019-12-03 00:00:00'),
	(1486, 'MAK845', '', 14, b'0', '2019-12-03 00:00:00'),
	(1487, 'JBU752', '', 14, b'0', '2019-12-03 00:00:00'),
	(1488, 'SKZ753', '', 14, b'0', '2019-12-03 00:00:00'),
	(1489, 'QQG937', '', 14, b'0', '2019-12-03 00:00:00'),
	(1490, 'BCH794', '', 14, b'0', '2019-12-03 00:00:00'),
	(1491, 'SFG638', '', 14, b'0', '2019-12-03 00:00:00'),
	(1492, 'FWP289', '', 14, b'0', '2019-12-03 00:00:00'),
	(1493, 'ABP579', '', 14, b'0', '2019-12-03 00:00:00'),
	(1494, 'BYR344', '', 14, b'0', '2019-12-03 00:00:00'),
	(1495, 'BGW475', '', 14, b'0', '2019-12-03 00:00:00'),
	(1496, 'YKE224', '', 14, b'0', '2019-12-03 00:00:00'),
	(1497, 'FMN929', '', 14, b'0', '2019-12-03 00:00:00'),
	(1498, 'VFP325', '', 14, b'0', '2019-12-03 00:00:00'),
	(1499, 'WVG758', '', 14, b'0', '2019-12-03 00:00:00'),
	(1500, 'HHF622', '', 14, b'0', '2019-12-03 00:00:00'),
	(1501, 'NHU252', '', 14, b'0', '2019-12-03 00:00:00'),
	(1502, 'KTJ632', '', 14, b'0', '2019-12-03 00:00:00'),
	(1503, 'UGA392', '', 14, b'0', '2019-12-03 00:00:00'),
	(1504, 'UWX724', '', 14, b'0', '2019-12-03 00:00:00'),
	(1505, 'AHU242', '', 14, b'0', '2019-12-03 00:00:00'),
	(1506, 'SEE782', '', 14, b'0', '2019-12-03 00:00:00'),
	(1507, 'TRS673', '', 14, b'0', '2019-12-03 00:00:00'),
	(1508, 'BPG274', '', 14, b'0', '2019-12-03 00:00:00'),
	(1509, 'SFN777', '', 14, b'0', '2019-12-03 00:00:00'),
	(1510, 'RBE498', '', 14, b'0', '2019-12-03 00:00:00'),
	(1511, 'XZA366', '', 14, b'0', '2019-12-03 00:00:00'),
	(1512, 'TFX737', '', 14, b'0', '2019-12-03 00:00:00'),
	(1513, 'CTS679', '', 14, b'0', '2019-12-03 00:00:00'),
	(1514, 'NDM558', '', 14, b'0', '2019-12-03 00:00:00'),
	(1515, 'GVR336', '', 14, b'0', '2019-12-03 00:00:00'),
	(1516, 'HHU863', '', 14, b'0', '2019-12-03 00:00:00'),
	(1517, 'YDZ223', '', 14, b'0', '2019-12-03 00:00:00'),
	(1518, 'QDF568', '', 14, b'0', '2019-12-03 00:00:00'),
	(1519, 'TNF462', '', 14, b'0', '2019-12-03 00:00:00'),
	(1520, 'EQS329', '', 14, b'0', '2019-12-03 00:00:00'),
	(1521, 'ZUG272', '', 14, b'0', '2019-12-03 00:00:00'),
	(1522, 'RRK869', '', 14, b'0', '2019-12-03 00:00:00'),
	(1523, 'JZJ648', '', 14, b'0', '2019-12-03 00:00:00'),
	(1524, 'CBN889', '', 14, b'0', '2019-12-03 00:00:00'),
	(1525, 'DMD366', '', 14, b'0', '2019-12-03 00:00:00'),
	(1526, 'CDU434', '', 14, b'0', '2019-12-03 00:00:00'),
	(1527, 'CYD792', '', 14, b'0', '2019-12-03 00:00:00'),
	(1528, 'EQY362', '', 14, b'0', '2019-12-03 00:00:00'),
	(1529, 'RRG789', '', 14, b'0', '2019-12-03 00:00:00'),
	(1530, 'TNU929', '', 14, b'0', '2019-12-03 00:00:00'),
	(1531, 'FNJ258', '', 14, b'0', '2019-12-03 00:00:00'),
	(1532, 'RTG837', '', 14, b'0', '2019-12-03 00:00:00'),
	(1533, 'YRS633', '', 14, b'0', '2019-12-03 00:00:00'),
	(1534, 'CJG253', '', 14, b'0', '2019-12-03 00:00:00'),
	(1535, 'HBR596', '', 14, b'0', '2019-12-03 00:00:00'),
	(1536, 'AHP894', '', 14, b'0', '2019-12-03 00:00:00'),
	(1537, 'HVM337', '', 14, b'0', '2019-12-03 00:00:00'),
	(1538, 'VZG784', '', 14, b'0', '2019-12-03 00:00:00'),
	(1539, 'BYK756', '', 14, b'0', '2019-12-03 00:00:00'),
	(1540, 'WKV665', '', 14, b'0', '2019-12-03 00:00:00'),
	(1541, 'WUW879', '', 14, b'0', '2019-12-03 00:00:00'),
	(1542, 'CXF948', '', 14, b'0', '2019-12-03 00:00:00'),
	(1543, 'EZW433', '', 14, b'0', '2019-12-03 00:00:00'),
	(1544, 'QKK885', '', 14, b'0', '2019-12-03 00:00:00'),
	(1545, 'GHK592', '', 14, b'0', '2019-12-03 00:00:00'),
	(1546, 'KTC864', '', 14, b'0', '2019-12-03 00:00:00'),
	(1547, 'JCX588', '', 14, b'0', '2019-12-03 00:00:00'),
	(1548, 'THH845', '', 14, b'0', '2019-12-03 00:00:00'),
	(1549, 'DVF365', '', 14, b'0', '2019-12-03 00:00:00'),
	(1550, 'MVK433', '', 14, b'0', '2019-12-03 00:00:00'),
	(1551, 'JDU886', '', 14, b'0', '2019-12-03 00:00:00'),
	(1552, 'FAF728', '', 14, b'0', '2019-12-03 00:00:00'),
	(1553, 'SHC824', '', 14, b'0', '2019-12-03 00:00:00'),
	(1554, 'MAD426', '', 14, b'0', '2019-12-03 00:00:00'),
	(1555, 'MTS556', '', 14, b'0', '2019-12-03 00:00:00'),
	(1556, 'DKU483', '', 14, b'0', '2019-12-03 00:00:00'),
	(1557, 'QBY562', '', 14, b'0', '2019-12-03 00:00:00'),
	(1558, 'ZUW784', '', 14, b'0', '2019-12-03 00:00:00'),
	(1559, 'ANU933', '', 14, b'0', '2019-12-03 00:00:00'),
	(1560, 'ZYK393', '', 14, b'0', '2019-12-03 00:00:00'),
	(1561, 'WMA262', '', 14, b'0', '2019-12-03 00:00:00'),
	(1562, 'AGP944', '', 14, b'0', '2019-12-03 00:00:00'),
	(1563, 'GBU884', '', 14, b'0', '2019-12-03 00:00:00'),
	(1564, 'RGW434', '', 14, b'0', '2019-12-03 00:00:00'),
	(1565, 'HCR524', '', 14, b'0', '2019-12-03 00:00:00'),
	(1566, 'PBF547', '', 14, b'0', '2019-12-03 00:00:00'),
	(1567, 'TBY865', '', 14, b'0', '2019-12-03 00:00:00'),
	(1568, 'NDB783', '', 14, b'0', '2019-12-03 00:00:00'),
	(1569, 'RXS787', '', 14, b'0', '2019-12-03 00:00:00'),
	(1570, 'KND439', '', 14, b'0', '2019-12-03 00:00:00'),
	(1571, 'ZCF579', '', 14, b'0', '2019-12-03 00:00:00'),
	(1572, 'ZEW327', '', 14, b'0', '2019-12-03 00:00:00'),
	(1573, 'UNR274', '', 14, b'0', '2019-12-03 00:00:00'),
	(1574, 'JXA362', '', 14, b'0', '2019-12-03 00:00:00'),
	(1575, 'NAG999', '', 14, b'0', '2019-12-03 00:00:00'),
	(1576, 'VYC944', '', 14, b'0', '2019-12-03 00:00:00'),
	(1577, 'YNS295', '', 14, b'0', '2019-12-03 00:00:00'),
	(1578, 'YTN569', '', 14, b'0', '2019-12-03 00:00:00'),
	(1579, 'VXS523', '', 14, b'0', '2019-12-03 00:00:00'),
	(1580, 'TMP663', '', 14, b'0', '2019-12-03 00:00:00'),
	(1581, 'HYQ837', '', 14, b'0', '2019-12-03 00:00:00'),
	(1582, 'UMD863', '', 14, b'0', '2019-12-03 00:00:00'),
	(1583, 'ZFA538', '', 14, b'0', '2019-12-03 00:00:00'),
	(1584, 'WXD486', '', 14, b'0', '2019-12-03 00:00:00'),
	(1585, 'JQK729', '', 14, b'0', '2019-12-03 00:00:00'),
	(1586, 'ATS339', '', 14, b'0', '2019-12-03 00:00:00'),
	(1587, 'EGW525', '', 14, b'0', '2019-12-03 00:00:00'),
	(1588, 'JXC322', '', 14, b'0', '2019-12-03 00:00:00'),
	(1589, 'AJE966', '', 14, b'0', '2019-12-03 00:00:00'),
	(1590, 'DNY648', '', 14, b'0', '2019-12-03 00:00:00'),
	(1591, 'AJX382', '', 14, b'0', '2019-12-03 00:00:00'),
	(1592, 'NMG332', '', 14, b'0', '2019-12-03 00:00:00'),
	(1593, 'ECR845', '', 14, b'0', '2019-12-03 00:00:00'),
	(1594, 'UDQ629', '', 14, b'0', '2019-12-03 00:00:00'),
	(1595, 'XZW464', '', 14, b'0', '2019-12-03 00:00:00'),
	(1596, 'WTY273', '', 14, b'0', '2019-12-03 00:00:00'),
	(1597, 'BAT843', '', 14, b'0', '2019-12-03 00:00:00'),
	(1598, 'YJM585', '', 14, b'0', '2019-12-03 00:00:00'),
	(1599, 'XAU295', '', 14, b'0', '2019-12-03 00:00:00'),
	(1600, 'RCF885', '', 14, b'0', '2019-12-03 00:00:00'),
	(1601, 'YNB753', '', 14, b'0', '2019-12-03 00:00:00'),
	(1602, 'CTV423', '', 14, b'0', '2019-12-03 00:00:00'),
	(1603, 'GPJ759', '', 14, b'0', '2019-12-03 00:00:00'),
	(1604, 'WGB939', '', 14, b'0', '2019-12-03 00:00:00'),
	(1605, 'ATG476', '', 14, b'0', '2019-12-03 00:00:00'),
	(1606, 'GMT672', '', 14, b'0', '2019-12-03 00:00:00'),
	(1607, 'JYT567', '', 14, b'0', '2019-12-03 00:00:00'),
	(1608, 'SXT348', '', 14, b'0', '2019-12-03 00:00:00'),
	(1609, 'CTA549', '', 14, b'0', '2019-12-03 00:00:00'),
	(1610, 'FCB973', '', 14, b'0', '2019-12-03 00:00:00'),
	(1611, 'RNW882', '', 14, b'0', '2019-12-03 00:00:00'),
	(1612, 'NNK679', '', 14, b'0', '2019-12-03 00:00:00'),
	(1613, 'WWJ365', '', 14, b'0', '2019-12-03 00:00:00'),
	(1614, 'XWB448', '', 14, b'0', '2019-12-03 00:00:00'),
	(1615, 'QYQ452', '', 14, b'0', '2019-12-03 00:00:00'),
	(1616, 'PVG796', '', 14, b'0', '2019-12-03 00:00:00'),
	(1617, 'UPT798', '', 14, b'0', '2019-12-03 00:00:00'),
	(1618, 'YUW746', '', 14, b'0', '2019-12-03 00:00:00'),
	(1619, 'GAF777', '', 14, b'0', '2019-12-03 00:00:00'),
	(1620, 'XVP594', '', 14, b'0', '2019-12-03 00:00:00'),
	(1621, 'QWS628', '', 14, b'0', '2019-12-03 00:00:00'),
	(1622, 'ZQN565', '', 14, b'0', '2019-12-03 00:00:00'),
	(1623, 'BXT338', '', 14, b'0', '2019-12-03 00:00:00'),
	(1624, 'YFX739', '', 14, b'0', '2019-12-03 00:00:00'),
	(1625, 'GDW748', '', 14, b'0', '2019-12-03 00:00:00'),
	(1626, 'WJZ332', '', 14, b'0', '2019-12-03 00:00:00'),
	(1627, 'GVX249', '', 14, b'0', '2019-12-03 00:00:00'),
	(1628, 'QDM576', '', 14, b'0', '2019-12-03 00:00:00'),
	(1629, 'XUH969', '', 14, b'0', '2019-12-03 00:00:00'),
	(1630, 'DUZ444', '', 14, b'0', '2019-12-03 00:00:00'),
	(1631, 'EFM834', '', 14, b'0', '2019-12-03 00:00:00'),
	(1632, 'GNK348', '', 14, b'0', '2019-12-03 00:00:00'),
	(1633, 'VQU893', '', 14, b'0', '2019-12-03 00:00:00'),
	(1634, 'AAD523', '', 14, b'0', '2019-12-03 00:00:00'),
	(1635, 'QVF563', '', 14, b'0', '2019-12-03 00:00:00'),
	(1636, 'SDP943', '', 14, b'0', '2019-12-03 00:00:00'),
	(1637, 'HHW297', '', 14, b'0', '2019-12-03 00:00:00'),
	(1638, 'KQY885', '', 14, b'0', '2019-12-03 00:00:00'),
	(1639, 'BBN924', '', 14, b'0', '2019-12-03 00:00:00'),
	(1640, 'XKG684', '', 14, b'0', '2019-12-03 00:00:00'),
	(1641, 'VSG284', '', 14, b'0', '2019-12-03 00:00:00'),
	(1642, 'MAS394', '', 14, b'0', '2019-12-03 00:00:00'),
	(1643, 'QBK585', '', 14, b'0', '2019-12-03 00:00:00'),
	(1644, 'VAD696', '', 14, b'0', '2019-12-03 00:00:00'),
	(1645, 'GCZ779', '', 14, b'0', '2019-12-03 00:00:00'),
	(1646, 'ZCE429', '', 14, b'0', '2019-12-03 00:00:00'),
	(1647, 'UGB547', '', 14, b'0', '2019-12-03 00:00:00'),
	(1648, 'RAH276', '', 14, b'0', '2019-12-03 00:00:00'),
	(1649, 'WMN289', '', 14, b'0', '2019-12-03 00:00:00'),
	(1650, 'GJZ237', '', 14, b'0', '2019-12-03 00:00:00'),
	(1651, 'EEU369', '', 14, b'0', '2019-12-03 00:00:00'),
	(1652, 'TRE749', '', 14, b'0', '2019-12-03 00:00:00'),
	(1653, 'KGZ945', '', 14, b'0', '2019-12-03 00:00:00'),
	(1654, 'WXB642', '', 14, b'0', '2019-12-03 00:00:00'),
	(1655, 'NCD732', '', 14, b'0', '2019-12-03 00:00:00'),
	(1656, 'JCZ677', '', 14, b'0', '2019-12-03 00:00:00'),
	(1657, 'MAP434', '', 14, b'0', '2019-12-03 00:00:00'),
	(1658, 'KXU268', '', 14, b'0', '2019-12-03 00:00:00'),
	(1659, 'XZH938', '', 14, b'0', '2019-12-03 00:00:00'),
	(1660, 'GTV869', '', 14, b'0', '2019-12-03 00:00:00'),
	(1661, 'VUC756', '', 14, b'0', '2019-12-03 00:00:00'),
	(1662, 'XAV548', '', 14, b'0', '2019-12-03 00:00:00'),
	(1663, 'PYM762', '', 14, b'0', '2019-12-03 00:00:00'),
	(1664, 'GFX878', '', 14, b'0', '2019-12-03 00:00:00'),
	(1665, 'TRN563', '', 14, b'0', '2019-12-03 00:00:00'),
	(1666, 'PNT972', '', 14, b'0', '2019-12-03 00:00:00'),
	(1667, 'HNV453', '', 14, b'0', '2019-12-03 00:00:00'),
	(1668, 'VDY352', '', 14, b'0', '2019-12-03 00:00:00'),
	(1669, 'QYC587', '', 14, b'0', '2019-12-03 00:00:00'),
	(1670, 'MJG559', '', 14, b'0', '2019-12-03 00:00:00'),
	(1671, 'CUE828', '', 14, b'0', '2019-12-03 00:00:00'),
	(1672, 'RYC264', '', 14, b'0', '2019-12-03 00:00:00'),
	(1673, 'WAU945', '', 14, b'0', '2019-12-03 00:00:00'),
	(1674, 'UGT334', '', 14, b'0', '2019-12-03 00:00:00'),
	(1675, 'KMU958', '', 14, b'0', '2019-12-03 00:00:00'),
	(1676, 'HGH235', '', 14, b'0', '2019-12-03 00:00:00'),
	(1677, 'FGN434', '', 14, b'0', '2019-12-03 00:00:00'),
	(1678, 'JVU363', '', 14, b'0', '2019-12-03 00:00:00'),
	(1679, 'JHS282', '', 14, b'0', '2019-12-03 00:00:00'),
	(1680, 'HEF485', '', 14, b'0', '2019-12-03 00:00:00'),
	(1681, 'JHH975', '', 14, b'0', '2019-12-03 00:00:00'),
	(1682, 'WQZ235', '', 14, b'0', '2019-12-03 00:00:00'),
	(1683, 'MCE723', '', 14, b'0', '2019-12-03 00:00:00'),
	(1684, 'SDN986', '', 14, b'0', '2019-12-03 00:00:00'),
	(1685, 'SGN296', '', 14, b'0', '2019-12-03 00:00:00'),
	(1686, 'HJH235', '', 14, b'0', '2019-12-03 00:00:00'),
	(1687, 'GPW299', '', 14, b'0', '2019-12-03 00:00:00'),
	(1688, 'HAN253', '', 14, b'0', '2019-12-03 00:00:00'),
	(1689, 'XZX984', '', 14, b'0', '2019-12-03 00:00:00'),
	(1690, 'GAR823', '', 14, b'0', '2019-12-03 00:00:00'),
	(1691, 'CHV858', '', 14, b'0', '2019-12-03 00:00:00'),
	(1692, 'GFF797', '', 14, b'0', '2019-12-03 00:00:00'),
	(1693, 'EGC834', '', 14, b'0', '2019-12-03 00:00:00'),
	(1694, 'RWN598', '', 14, b'0', '2019-12-03 00:00:00'),
	(1695, 'FEY932', '', 14, b'0', '2019-12-03 00:00:00'),
	(1696, 'KQJ847', '', 14, b'0', '2019-12-03 00:00:00'),
	(1697, 'NCU638', '', 14, b'0', '2019-12-03 00:00:00'),
	(1698, 'DRB893', '', 14, b'0', '2019-12-03 00:00:00'),
	(1699, 'QAB974', '', 14, b'0', '2019-12-03 00:00:00'),
	(1700, 'DEF682', '', 14, b'0', '2019-12-03 00:00:00'),
	(1701, 'NGP462', '', 14, b'0', '2019-12-03 00:00:00'),
	(1702, 'BRA265', '', 14, b'0', '2019-12-03 00:00:00'),
	(1703, 'UMN824', '', 14, b'0', '2019-12-03 00:00:00'),
	(1704, 'RJJ492', '', 14, b'0', '2019-12-03 00:00:00'),
	(1705, 'UAF539', '', 14, b'0', '2019-12-03 00:00:00'),
	(1706, 'YFQ648', '', 14, b'0', '2019-12-03 00:00:00'),
	(1707, 'EXQ366', '', 14, b'0', '2019-12-03 00:00:00'),
	(1708, 'SGR952', '', 14, b'0', '2019-12-03 00:00:00'),
	(1709, 'MSF329', '', 14, b'0', '2019-12-03 00:00:00'),
	(1710, 'MXE487', '', 14, b'0', '2019-12-03 00:00:00'),
	(1711, 'ZCN627', '', 14, b'0', '2019-12-03 00:00:00'),
	(1712, 'TYZ934', '', 14, b'0', '2019-12-03 00:00:00'),
	(1713, 'DWU579', '', 14, b'0', '2019-12-03 00:00:00'),
	(1714, 'PJR998', '', 14, b'0', '2019-12-03 00:00:00'),
	(1715, 'ZRE643', '', 14, b'0', '2019-12-03 00:00:00'),
	(1716, 'FDA835', '', 14, b'0', '2019-12-03 00:00:00'),
	(1717, 'MWW448', '', 14, b'0', '2019-12-03 00:00:00'),
	(1718, 'GNK788', '', 14, b'0', '2019-12-03 00:00:00'),
	(1719, 'ZQY975', '', 14, b'0', '2019-12-03 00:00:00'),
	(1720, 'TQZ686', '', 14, b'0', '2019-12-03 00:00:00'),
	(1721, 'JXM374', '', 14, b'0', '2019-12-03 00:00:00'),
	(1722, 'KFU755', '', 14, b'0', '2019-12-03 00:00:00'),
	(1723, 'YZH996', '', 14, b'0', '2019-12-03 00:00:00'),
	(1724, 'CQN379', '', 14, b'0', '2019-12-03 00:00:00'),
	(1725, 'HVW867', '', 14, b'0', '2019-12-03 00:00:00'),
	(1726, 'WFY764', '', 14, b'0', '2019-12-03 00:00:00'),
	(1727, 'TKX993', '', 14, b'0', '2019-12-03 00:00:00'),
	(1728, 'HVD822', '', 14, b'0', '2019-12-03 00:00:00'),
	(1729, 'AMV582', '', 14, b'0', '2019-12-03 00:00:00'),
	(1730, 'ZKB688', '', 14, b'0', '2019-12-03 00:00:00'),
	(1731, 'UTG854', '', 14, b'0', '2019-12-03 00:00:00'),
	(1732, 'WQV454', '', 14, b'0', '2019-12-03 00:00:00'),
	(1733, 'WSZ526', '', 14, b'0', '2019-12-03 00:00:00'),
	(1734, 'NUM467', '', 14, b'0', '2019-12-03 00:00:00'),
	(1735, 'CZF487', '', 14, b'0', '2019-12-03 00:00:00'),
	(1736, 'AAN733', '', 14, b'0', '2019-12-03 00:00:00'),
	(1737, 'GKM392', '', 14, b'0', '2019-12-03 00:00:00'),
	(1738, 'VBB789', '', 14, b'0', '2019-12-03 00:00:00'),
	(1739, 'DJV926', '', 14, b'0', '2019-12-03 00:00:00'),
	(1740, 'FEV542', '', 14, b'0', '2019-12-03 00:00:00'),
	(1741, 'NZC379', '', 14, b'0', '2019-12-03 00:00:00'),
	(1742, 'HNF636', '', 14, b'0', '2019-12-03 00:00:00'),
	(1743, 'QGE937', '', 14, b'0', '2019-12-03 00:00:00'),
	(1744, 'GYP987', '', 14, b'0', '2019-12-03 00:00:00'),
	(1745, 'VPJ852', '', 14, b'0', '2019-12-03 00:00:00'),
	(1746, 'RAE376', '', 14, b'0', '2019-12-03 00:00:00'),
	(1747, 'PBT673', '', 14, b'0', '2019-12-03 00:00:00'),
	(1748, 'SVV697', '', 14, b'0', '2019-12-03 00:00:00'),
	(1749, 'AEV886', '', 14, b'0', '2019-12-03 00:00:00'),
	(1750, 'YJV545', '', 14, b'0', '2019-12-03 00:00:00'),
	(1751, 'BMY979', '', 14, b'0', '2019-12-03 00:00:00'),
	(1752, 'RTR537', '', 14, b'0', '2019-12-03 00:00:00'),
	(1753, 'HSY474', '', 14, b'0', '2019-12-03 00:00:00'),
	(1754, 'NHP249', '', 14, b'0', '2019-12-03 00:00:00'),
	(1755, 'KQR498', '', 14, b'0', '2019-12-03 00:00:00'),
	(1756, 'UBJ584', '', 14, b'0', '2019-12-03 00:00:00'),
	(1757, 'YXC734', '', 14, b'0', '2019-12-03 00:00:00'),
	(1758, 'CNE538', '', 14, b'0', '2019-12-03 00:00:00'),
	(1759, 'ZHK366', '', 14, b'0', '2019-12-03 00:00:00'),
	(1760, 'YBQ673', '', 14, b'0', '2019-12-03 00:00:00'),
	(1761, 'AYU778', '', 14, b'0', '2019-12-03 00:00:00'),
	(1762, 'BBA789', '', 14, b'0', '2019-12-03 00:00:00'),
	(1763, 'VRV535', '', 14, b'0', '2019-12-03 00:00:00'),
	(1764, 'CTH849', '', 14, b'0', '2019-12-03 00:00:00'),
	(1765, 'KUC482', '', 14, b'0', '2019-12-03 00:00:00'),
	(1766, 'XBT363', '', 14, b'0', '2019-12-03 00:00:00'),
	(1767, 'AXR496', '', 14, b'0', '2019-12-03 00:00:00'),
	(1768, 'FJP865', '', 14, b'0', '2019-12-03 00:00:00'),
	(1769, 'SYC749', '', 14, b'0', '2019-12-03 00:00:00'),
	(1770, 'SEB838', '', 14, b'0', '2019-12-03 00:00:00'),
	(1771, 'YSK853', '', 14, b'0', '2019-12-03 00:00:00'),
	(1772, 'SYK363', '', 14, b'0', '2019-12-03 00:00:00'),
	(1773, 'EGW373', '', 14, b'0', '2019-12-03 00:00:00'),
	(1774, 'GUY629', '', 14, b'0', '2019-12-03 00:00:00'),
	(1775, 'RTG268', '', 14, b'0', '2019-12-03 00:00:00'),
	(1776, 'FFP495', '', 14, b'0', '2019-12-03 00:00:00'),
	(1777, 'CQH333', '', 14, b'0', '2019-12-03 00:00:00'),
	(1778, 'MXG259', '', 14, b'0', '2019-12-03 00:00:00'),
	(1779, 'ESX327', '', 14, b'0', '2019-12-03 00:00:00'),
	(1780, 'JTZ446', '', 14, b'0', '2019-12-03 00:00:00'),
	(1781, 'WFU558', '', 14, b'0', '2019-12-03 00:00:00'),
	(1782, 'RUE358', '', 14, b'0', '2019-12-03 00:00:00'),
	(1783, 'TRD992', '', 14, b'0', '2019-12-03 00:00:00'),
	(1784, 'XMX835', '', 14, b'0', '2019-12-03 00:00:00'),
	(1785, 'CTP828', '', 14, b'0', '2019-12-03 00:00:00'),
	(1786, 'TCM243', '', 14, b'0', '2019-12-03 00:00:00'),
	(1787, 'DTB532', '', 14, b'0', '2019-12-03 00:00:00'),
	(1788, 'UKR392', '', 14, b'0', '2019-12-03 00:00:00'),
	(1789, 'CDX856', '', 14, b'0', '2019-12-03 00:00:00'),
	(1790, 'EKC268', '', 14, b'0', '2019-12-03 00:00:00'),
	(1791, 'SUU535', '', 14, b'0', '2019-12-03 00:00:00'),
	(1792, 'BNK829', '', 14, b'0', '2019-12-03 00:00:00'),
	(1793, 'ZXB896', '', 14, b'0', '2019-12-03 00:00:00'),
	(1794, 'CCK395', '', 14, b'0', '2019-12-03 00:00:00'),
	(1795, 'WVH968', '', 14, b'0', '2019-12-03 00:00:00'),
	(1796, 'CPS547', '', 14, b'0', '2019-12-03 00:00:00'),
	(1797, 'EJX595', '', 14, b'0', '2019-12-03 00:00:00'),
	(1798, 'WDT793', '', 14, b'0', '2019-12-03 00:00:00'),
	(1799, 'WUA532', '', 14, b'0', '2019-12-03 00:00:00'),
	(1800, 'UYG666', '', 14, b'0', '2019-12-03 00:00:00'),
	(1801, 'UST386', '', 14, b'0', '2019-12-03 00:00:00'),
	(1802, 'ACH924', '', 14, b'0', '2019-12-03 00:00:00'),
	(1803, 'WNR728', '', 14, b'0', '2019-12-03 00:00:00'),
	(1804, 'XCF322', '', 14, b'0', '2019-12-03 00:00:00'),
	(1805, 'BCB468', '', 14, b'0', '2019-12-03 00:00:00'),
	(1806, 'EAQ539', '', 14, b'0', '2019-12-03 00:00:00'),
	(1807, 'SEB587', '', 14, b'0', '2019-12-03 00:00:00'),
	(1808, 'CQD367', '', 14, b'0', '2019-12-03 00:00:00'),
	(1809, 'THD867', '', 14, b'0', '2019-12-03 00:00:00'),
	(1810, 'GXV476', '', 14, b'0', '2019-12-03 00:00:00'),
	(1811, 'HPU692', '', 14, b'0', '2019-12-03 00:00:00'),
	(1812, 'SFC866', '', 14, b'0', '2019-12-03 00:00:00'),
	(1813, 'GWZ875', '', 14, b'0', '2019-12-03 00:00:00'),
	(1814, 'XBB945', '', 14, b'0', '2019-12-03 00:00:00'),
	(1815, 'BRK266', '', 14, b'0', '2019-12-03 00:00:00'),
	(1816, 'PXK886', '', 14, b'0', '2019-12-03 00:00:00'),
	(1817, 'CKU345', '', 14, b'0', '2019-12-03 00:00:00'),
	(1818, 'YXB344', '', 14, b'0', '2019-12-03 00:00:00'),
	(1819, 'MDN828', '', 14, b'0', '2019-12-03 00:00:00'),
	(1820, 'DHN628', '', 14, b'0', '2019-12-03 00:00:00'),
	(1821, 'JBZ827', '', 14, b'0', '2019-12-03 00:00:00'),
	(1822, 'EEN337', '', 14, b'0', '2019-12-03 00:00:00'),
	(1823, 'PKD595', '', 14, b'0', '2019-12-03 00:00:00'),
	(1824, 'TVC354', '', 14, b'0', '2019-12-03 00:00:00'),
	(1825, 'GFW496', '', 14, b'0', '2019-12-03 00:00:00'),
	(1826, 'EDF364', '', 14, b'0', '2019-12-03 00:00:00'),
	(1827, 'GCU668', '', 14, b'0', '2019-12-03 00:00:00'),
	(1828, 'QPD546', '', 14, b'0', '2019-12-03 00:00:00'),
	(1829, 'BKQ277', '', 14, b'0', '2019-12-03 00:00:00'),
	(1830, 'MEP329', '', 14, b'0', '2019-12-03 00:00:00'),
	(1831, 'ENT597', '', 14, b'0', '2019-12-03 00:00:00'),
	(1832, 'KGJ534', '', 14, b'0', '2019-12-03 00:00:00'),
	(1833, 'EMF896', '', 14, b'0', '2019-12-03 00:00:00'),
	(1834, 'PKD433', '', 14, b'0', '2019-12-03 00:00:00'),
	(1835, 'ZCZ672', '', 14, b'0', '2019-12-03 00:00:00'),
	(1836, 'PQA333', '', 14, b'0', '2019-12-03 00:00:00'),
	(1837, 'TQM477', '', 14, b'0', '2019-12-03 00:00:00'),
	(1838, 'JBQ355', '', 14, b'0', '2019-12-03 00:00:00'),
	(1839, 'UCZ687', '', 14, b'0', '2019-12-03 00:00:00'),
	(1840, 'USW474', '', 14, b'0', '2019-12-03 00:00:00'),
	(1841, 'SUG684', '', 14, b'0', '2019-12-03 00:00:00'),
	(1842, 'YCS856', '', 14, b'0', '2019-12-03 00:00:00'),
	(1843, 'RVM352', '', 14, b'0', '2019-12-03 00:00:00'),
	(1844, 'UZV723', '', 14, b'0', '2019-12-03 00:00:00'),
	(1845, 'CMW746', '', 14, b'0', '2019-12-03 00:00:00'),
	(1846, 'TNN895', '', 14, b'0', '2019-12-03 00:00:00'),
	(1847, 'HEC869', '', 14, b'0', '2019-12-03 00:00:00'),
	(1848, 'GUH826', '', 14, b'0', '2019-12-03 00:00:00'),
	(1849, 'XRH632', '', 14, b'0', '2019-12-03 00:00:00'),
	(1850, 'XBP999', '', 14, b'0', '2019-12-03 00:00:00'),
	(1851, 'WMV894', '', 14, b'0', '2019-12-03 00:00:00'),
	(1852, 'KCE426', '', 14, b'0', '2019-12-03 00:00:00'),
	(1853, 'ZTT494', '', 14, b'0', '2019-12-03 00:00:00'),
	(1854, 'RCN259', '', 14, b'0', '2019-12-03 00:00:00'),
	(1855, 'AGY486', '', 14, b'0', '2019-12-03 00:00:00'),
	(1856, 'XFR492', '', 14, b'0', '2019-12-03 00:00:00'),
	(1857, 'JHB553', '', 14, b'0', '2019-12-03 00:00:00'),
	(1858, 'WRB785', '', 14, b'0', '2019-12-03 00:00:00'),
	(1859, 'VAD354', '', 14, b'0', '2019-12-03 00:00:00'),
	(1860, 'DWD469', '', 14, b'0', '2019-12-03 00:00:00'),
	(1861, 'PXG344', '', 14, b'0', '2019-12-03 00:00:00'),
	(1862, 'WXR775', '', 14, b'0', '2019-12-03 00:00:00'),
	(1863, 'KTY768', '', 14, b'0', '2019-12-03 00:00:00'),
	(1864, 'TWR986', '', 14, b'0', '2019-12-03 00:00:00'),
	(1865, 'SJH786', '', 14, b'0', '2019-12-03 00:00:00'),
	(1866, 'MQB868', '', 14, b'0', '2019-12-03 00:00:00'),
	(1867, 'JDK392', '', 14, b'0', '2019-12-03 00:00:00'),
	(1868, 'KQZ579', '', 14, b'0', '2019-12-03 00:00:00'),
	(1869, 'MZB842', '', 14, b'0', '2019-12-03 00:00:00'),
	(1870, 'CFD484', '', 14, b'0', '2019-12-03 00:00:00'),
	(1871, 'WNN494', '', 14, b'0', '2019-12-03 00:00:00'),
	(1872, 'BNM458', '', 14, b'0', '2019-12-03 00:00:00'),
	(1873, 'NBP999', '', 14, b'0', '2019-12-03 00:00:00'),
	(1874, 'FTE559', '', 14, b'0', '2019-12-03 00:00:00'),
	(1875, 'TDZ682', '', 14, b'0', '2019-12-03 00:00:00'),
	(1876, 'DAV832', '', 14, b'0', '2019-12-03 00:00:00'),
	(1877, 'WVB693', '', 14, b'0', '2019-12-03 00:00:00'),
	(1878, 'EJE793', '', 14, b'0', '2019-12-03 00:00:00'),
	(1879, 'NTF977', '', 14, b'0', '2019-12-03 00:00:00'),
	(1880, 'AHP963', '', 14, b'0', '2019-12-03 00:00:00'),
	(1881, 'XMZ387', '', 14, b'0', '2019-12-03 00:00:00'),
	(1882, 'JJA337', '', 14, b'0', '2019-12-03 00:00:00'),
	(1883, 'WTJ297', '', 14, b'0', '2019-12-03 00:00:00'),
	(1884, 'JYG823', '', 14, b'0', '2019-12-03 00:00:00'),
	(1885, 'RXM536', '', 14, b'0', '2019-12-03 00:00:00'),
	(1886, 'EVD983', '', 14, b'0', '2019-12-03 00:00:00'),
	(1887, 'VPK662', '', 14, b'0', '2019-12-03 00:00:00'),
	(1888, 'KXM364', '', 14, b'0', '2019-12-03 00:00:00'),
	(1889, 'AUB358', '', 14, b'0', '2019-12-03 00:00:00'),
	(1890, 'RUZ577', '', 14, b'0', '2019-12-03 00:00:00'),
	(1891, 'SEH826', '', 14, b'0', '2019-12-03 00:00:00'),
	(1892, 'SFJ939', '', 14, b'0', '2019-12-03 00:00:00'),
	(1893, 'HEV829', '', 14, b'0', '2019-12-03 00:00:00'),
	(1894, 'USH533', '', 14, b'0', '2019-12-03 00:00:00'),
	(1895, 'PMZ528', '', 14, b'0', '2019-12-03 00:00:00'),
	(1896, 'GEH354', '', 14, b'0', '2019-12-03 00:00:00'),
	(1897, 'ZGW472', '', 14, b'0', '2019-12-03 00:00:00'),
	(1898, 'NZG586', '', 14, b'0', '2019-12-03 00:00:00'),
	(1899, 'NKY356', '', 14, b'0', '2019-12-03 00:00:00'),
	(1900, 'RYH878', '', 14, b'0', '2019-12-03 00:00:00'),
	(1901, 'SCJ945', '', 14, b'0', '2019-12-03 00:00:00'),
	(1902, 'GXJ668', '', 14, b'0', '2019-12-03 00:00:00'),
	(1903, 'GGU676', '', 14, b'0', '2019-12-03 00:00:00'),
	(1904, 'YPS343', '', 14, b'0', '2019-12-03 00:00:00'),
	(1905, 'VPB827', '', 14, b'0', '2019-12-03 00:00:00'),
	(1906, 'CAZ889', '', 14, b'0', '2019-12-03 00:00:00'),
	(1907, 'JJX394', '', 14, b'0', '2019-12-03 00:00:00'),
	(1908, 'HBK366', '', 14, b'0', '2019-12-03 00:00:00'),
	(1909, 'CBK467', '', 14, b'0', '2019-12-03 00:00:00'),
	(1910, 'APH778', '', 14, b'0', '2019-12-03 00:00:00'),
	(1911, 'VAX293', '', 14, b'0', '2019-12-03 00:00:00'),
	(1912, 'NQM297', '', 14, b'0', '2019-12-03 00:00:00'),
	(1913, 'KET343', '', 14, b'0', '2019-12-03 00:00:00'),
	(1914, 'GGQ785', '', 14, b'0', '2019-12-03 00:00:00'),
	(1915, 'DKS925', '', 14, b'0', '2019-12-03 00:00:00'),
	(1916, 'SSK287', '', 14, b'0', '2019-12-03 00:00:00'),
	(1917, 'KYE324', '', 14, b'0', '2019-12-03 00:00:00'),
	(1918, 'KBE734', '', 14, b'0', '2019-12-03 00:00:00'),
	(1919, 'MYJ438', '', 14, b'0', '2019-12-03 00:00:00'),
	(1920, 'QYA338', '', 14, b'0', '2019-12-03 00:00:00'),
	(1921, 'YEY546', '', 14, b'0', '2019-12-03 00:00:00'),
	(1922, 'RFM993', '', 14, b'0', '2019-12-03 00:00:00'),
	(1923, 'CHR886', '', 14, b'0', '2019-12-03 00:00:00'),
	(1924, 'CHW699', '', 14, b'0', '2019-12-03 00:00:00'),
	(1925, 'VAU365', '', 14, b'0', '2019-12-03 00:00:00'),
	(1926, 'FXN425', '', 14, b'0', '2019-12-03 00:00:00'),
	(1927, 'PXU923', '', 14, b'0', '2019-12-03 00:00:00'),
	(1928, 'UMU858', '', 14, b'0', '2019-12-03 00:00:00'),
	(1929, 'BGY788', '', 14, b'0', '2019-12-03 00:00:00'),
	(1930, 'SXG446', '', 14, b'0', '2019-12-03 00:00:00'),
	(1931, 'HJV374', '', 14, b'0', '2019-12-03 00:00:00'),
	(1932, 'UWQ494', '', 14, b'0', '2019-12-03 00:00:00'),
	(1933, 'PJS958', '', 14, b'0', '2019-12-03 00:00:00'),
	(1934, 'TYP683', '', 14, b'0', '2019-12-03 00:00:00'),
	(1935, 'NEN836', '', 14, b'0', '2019-12-03 00:00:00'),
	(1936, 'KHC637', '', 14, b'0', '2019-12-03 00:00:00'),
	(1937, 'JNZ329', '', 14, b'0', '2019-12-03 00:00:00'),
	(1938, 'TGY797', '', 14, b'0', '2019-12-03 00:00:00'),
	(1939, 'DEU753', '', 14, b'0', '2019-12-03 00:00:00'),
	(1940, 'FYQ395', '', 14, b'0', '2019-12-03 00:00:00'),
	(1941, 'PFZ539', '', 14, b'0', '2019-12-03 00:00:00'),
	(1942, 'QKG952', '', 14, b'0', '2019-12-03 00:00:00'),
	(1943, 'UWV636', '', 14, b'0', '2019-12-03 00:00:00'),
	(1944, 'PEJ498', '', 14, b'0', '2019-12-03 00:00:00'),
	(1945, 'NAW746', '', 14, b'0', '2019-12-03 00:00:00'),
	(1946, 'VNV996', '', 14, b'0', '2019-12-03 00:00:00'),
	(1947, 'USD743', '', 14, b'0', '2019-12-03 00:00:00'),
	(1948, 'SXV963', '', 14, b'0', '2019-12-03 00:00:00'),
	(1949, 'CGS528', '', 14, b'0', '2019-12-03 00:00:00'),
	(1950, 'XXS267', '', 14, b'0', '2019-12-03 00:00:00'),
	(1951, 'GUD965', '', 14, b'0', '2019-12-03 00:00:00'),
	(1952, 'XNA239', '', 14, b'0', '2019-12-03 00:00:00'),
	(1953, 'FQB464', '', 14, b'0', '2019-12-03 00:00:00'),
	(1954, 'WJX569', '', 14, b'0', '2019-12-03 00:00:00'),
	(1955, 'ESJ484', '', 14, b'0', '2019-12-03 00:00:00'),
	(1956, 'FSR524', '', 14, b'0', '2019-12-03 00:00:00'),
	(1957, 'YVG238', '', 14, b'0', '2019-12-03 00:00:00'),
	(1958, 'PZB648', '', 14, b'0', '2019-12-03 00:00:00'),
	(1959, 'FJT283', '', 14, b'0', '2019-12-03 00:00:00'),
	(1960, 'ATR642', '', 14, b'0', '2019-12-03 00:00:00'),
	(1961, 'YTG457', '', 14, b'0', '2019-12-03 00:00:00'),
	(1962, 'EBY259', '', 14, b'0', '2019-12-03 00:00:00'),
	(1963, 'QMY454', '', 14, b'0', '2019-12-03 00:00:00'),
	(1964, 'BNR228', '', 14, b'0', '2019-12-03 00:00:00'),
	(1965, 'ZST559', '', 14, b'0', '2019-12-03 00:00:00'),
	(1966, 'WCS845', '', 14, b'0', '2019-12-03 00:00:00'),
	(1967, 'UAS384', '', 14, b'0', '2019-12-03 00:00:00'),
	(1968, 'PXD898', '', 14, b'0', '2019-12-03 00:00:00'),
	(1969, 'MWD986', '', 14, b'0', '2019-12-03 00:00:00'),
	(1970, 'RDQ582', '', 14, b'0', '2019-12-03 00:00:00'),
	(1971, 'MKB792', '', 14, b'0', '2019-12-03 00:00:00'),
	(1972, 'CNZ572', '', 14, b'0', '2019-12-03 00:00:00'),
	(1973, 'NMF822', '', 14, b'0', '2019-12-03 00:00:00'),
	(1974, 'KHB875', '', 14, b'0', '2019-12-03 00:00:00'),
	(1975, 'ZFV769', '', 14, b'0', '2019-12-03 00:00:00'),
	(1976, 'EMV386', '', 14, b'0', '2019-12-03 00:00:00'),
	(1977, 'AFT858', '', 14, b'0', '2019-12-03 00:00:00'),
	(1978, 'JSM926', '', 14, b'0', '2019-12-03 00:00:00'),
	(1979, 'PWH342', '', 14, b'0', '2019-12-03 00:00:00'),
	(1980, 'HTB492', '', 14, b'0', '2019-12-03 00:00:00'),
	(1981, 'DNJ922', '', 14, b'0', '2019-12-03 00:00:00'),
	(1982, 'JYW844', '', 14, b'0', '2019-12-03 00:00:00'),
	(1983, 'VWR838', '', 14, b'0', '2019-12-03 00:00:00'),
	(1984, 'NAH262', '', 14, b'0', '2019-12-03 00:00:00'),
	(1985, 'GKN533', '', 14, b'0', '2019-12-03 00:00:00'),
	(1986, 'UQC842', '', 14, b'0', '2019-12-03 00:00:00'),
	(1987, 'GKW489', '', 14, b'0', '2019-12-03 00:00:00'),
	(1988, 'QTH864', '', 14, b'0', '2019-12-03 00:00:00'),
	(1989, 'DUR346', '', 14, b'0', '2019-12-03 00:00:00'),
	(1990, 'XEU685', '', 14, b'0', '2019-12-03 00:00:00'),
	(1991, 'FNP458', '', 14, b'0', '2019-12-03 00:00:00'),
	(1992, 'KSH543', '', 14, b'0', '2019-12-03 00:00:00'),
	(1993, 'KSY925', '', 14, b'0', '2019-12-03 00:00:00'),
	(1994, 'ZNN252', '', 14, b'0', '2019-12-03 00:00:00'),
	(1995, 'RRM426', '', 14, b'0', '2019-12-03 00:00:00'),
	(1996, 'XCY932', '', 14, b'0', '2019-12-03 00:00:00'),
	(1997, 'ACG344', '', 14, b'0', '2019-12-03 00:00:00'),
	(1998, 'SZC323', '', 14, b'0', '2019-12-03 00:00:00'),
	(1999, 'GNU773', '', 14, b'0', '2019-12-03 00:00:00'),
	(2000, 'WBR548', '', 14, b'0', '2019-12-03 00:00:00'),
	(2001, 'HBD865', '', 14, b'0', '2019-12-03 00:00:00'),
	(2002, 'MSU769', '', 14, b'0', '2019-12-03 00:00:00'),
	(2003, 'TNY756', '', 14, b'0', '2019-12-03 00:00:00'),
	(2004, 'TPC548', '', 14, b'0', '2019-12-03 00:00:00'),
	(2005, 'QHR734', '', 14, b'0', '2019-12-03 00:00:00'),
	(2006, 'EHR688', '', 14, b'0', '2019-12-03 00:00:00'),
	(2007, 'BER956', '', 14, b'0', '2019-12-03 00:00:00'),
	(2008, 'TFP738', '', 14, b'0', '2019-12-03 00:00:00'),
	(2009, 'EUB974', '', 14, b'0', '2019-12-03 00:00:00'),
	(2010, 'BCT327', '', 14, b'0', '2019-12-03 00:00:00'),
	(2011, 'BHC875', '', 14, b'0', '2019-12-03 00:00:00'),
	(2012, 'HZG538', '', 14, b'0', '2019-12-03 00:00:00'),
	(2013, 'FBN732', '', 14, b'0', '2019-12-03 00:00:00'),
	(2014, 'GQF964', '', 14, b'0', '2019-12-03 00:00:00'),
	(2015, 'GQW976', '', 14, b'0', '2019-12-03 00:00:00'),
	(2016, 'MJF488', '', 14, b'0', '2019-12-03 00:00:00'),
	(2017, 'BFG394', '', 14, b'0', '2019-12-03 00:00:00'),
	(2018, 'TYU642', '', 14, b'0', '2019-12-03 00:00:00'),
	(2019, 'UKG626', '', 14, b'0', '2019-12-03 00:00:00'),
	(2020, 'TFV476', '', 14, b'0', '2019-12-03 00:00:00'),
	(2021, 'YDJ784', '', 14, b'0', '2019-12-03 00:00:00'),
	(2022, 'VZN287', '', 14, b'0', '2019-12-03 00:00:00'),
	(2023, 'CCP989', '', 14, b'0', '2019-12-03 00:00:00'),
	(2024, 'EVH735', '', 14, b'0', '2019-12-03 00:00:00'),
	(2025, 'VWZ729', '', 14, b'0', '2019-12-03 00:00:00'),
	(2026, 'STF527', '', 14, b'0', '2019-12-03 00:00:00'),
	(2027, 'RPJ739', '', 14, b'0', '2019-12-03 00:00:00'),
	(2028, 'PDN285', '', 14, b'0', '2019-12-03 00:00:00'),
	(2029, 'FMU872', '', 14, b'0', '2019-12-03 00:00:00'),
	(2030, 'DAP298', '', 14, b'0', '2019-12-03 00:00:00'),
	(2031, 'PAK234', '', 14, b'0', '2019-12-03 00:00:00'),
	(2032, 'NDZ938', '', 14, b'0', '2019-12-03 00:00:00'),
	(2033, 'QRE749', '', 14, b'0', '2019-12-03 00:00:00'),
	(2034, 'JWA648', '', 14, b'0', '2019-12-03 00:00:00'),
	(2035, 'DEK554', '', 14, b'0', '2019-12-03 00:00:00'),
	(2036, 'JVE377', '', 14, b'0', '2019-12-03 00:00:00'),
	(2037, 'ZMZ488', '', 14, b'0', '2019-12-03 00:00:00'),
	(2038, 'YKG642', '', 14, b'0', '2019-12-03 00:00:00'),
	(2039, 'DEA542', '', 14, b'0', '2019-12-03 00:00:00'),
	(2040, 'SAN836', '', 14, b'0', '2019-12-03 00:00:00'),
	(2041, 'KXS396', '', 14, b'0', '2019-12-03 00:00:00'),
	(2042, 'EEP529', '', 14, b'0', '2019-12-03 00:00:00'),
	(2043, 'YNR752', '', 14, b'0', '2019-12-03 00:00:00'),
	(2044, 'EVK343', '', 14, b'0', '2019-12-03 00:00:00'),
	(2045, 'MPE792', '', 14, b'0', '2019-12-03 00:00:00'),
	(2046, 'UVV843', '', 14, b'0', '2019-12-03 00:00:00'),
	(2047, 'YKM525', '', 14, b'0', '2019-12-03 00:00:00'),
	(2048, 'QHD743', '', 14, b'0', '2019-12-03 00:00:00'),
	(2049, 'CXB645', '', 14, b'0', '2019-12-03 00:00:00'),
	(2050, 'RGH747', '', 14, b'0', '2019-12-03 00:00:00'),
	(2051, 'GUR382', '', 14, b'0', '2019-12-03 00:00:00'),
	(2052, 'QUD646', '', 14, b'0', '2019-12-03 00:00:00'),
	(2053, 'XMC598', '', 14, b'0', '2019-12-03 00:00:00'),
	(2054, 'EUW689', '', 14, b'0', '2019-12-03 00:00:00'),
	(2055, 'PCG865', '', 14, b'0', '2019-12-03 00:00:00'),
	(2056, 'DXJ895', '', 14, b'0', '2019-12-03 00:00:00'),
	(2057, 'RTM254', '', 14, b'0', '2019-12-03 00:00:00'),
	(2058, 'DKM285', '', 14, b'0', '2019-12-03 00:00:00'),
	(2059, 'MPA489', '', 14, b'0', '2019-12-03 00:00:00'),
	(2060, 'RMK743', '', 14, b'0', '2019-12-03 00:00:00'),
	(2061, 'VAW257', '', 14, b'0', '2019-12-03 00:00:00'),
	(2062, 'HHK586', '', 14, b'0', '2019-12-03 00:00:00'),
	(2063, 'ZCH932', '', 14, b'0', '2019-12-03 00:00:00'),
	(2064, 'MGJ362', '', 14, b'0', '2019-12-03 00:00:00'),
	(2065, 'ARH498', '', 14, b'0', '2019-12-03 00:00:00'),
	(2066, 'XQP367', '', 14, b'0', '2019-12-03 00:00:00'),
	(2067, 'WPJ773', '', 14, b'0', '2019-12-03 00:00:00'),
	(2068, 'QJG885', '', 14, b'0', '2019-12-03 00:00:00'),
	(2069, 'BKQ799', '', 14, b'0', '2019-12-03 00:00:00'),
	(2070, 'NXS874', '', 14, b'0', '2019-12-03 00:00:00'),
	(2071, 'PZN553', '', 14, b'0', '2019-12-03 00:00:00'),
	(2072, 'WCE438', '', 14, b'0', '2019-12-03 00:00:00'),
	(2073, 'KGT454', '', 14, b'0', '2019-12-03 00:00:00'),
	(2074, 'DBY278', '', 14, b'0', '2019-12-03 00:00:00'),
	(2075, 'DBM823', '', 14, b'0', '2019-12-03 00:00:00'),
	(2076, 'URV587', '', 14, b'0', '2019-12-03 00:00:00'),
	(2077, 'AEV863', '', 14, b'0', '2019-12-03 00:00:00'),
	(2078, 'CKJ322', '', 14, b'0', '2019-12-03 00:00:00'),
	(2079, 'ADB995', '', 14, b'0', '2019-12-03 00:00:00'),
	(2080, 'PXB583', '', 14, b'0', '2019-12-03 00:00:00'),
	(2081, 'BFQ862', '', 14, b'0', '2019-12-03 00:00:00'),
	(2082, 'NBG642', '', 14, b'0', '2019-12-03 00:00:00'),
	(2083, 'QTY795', '', 14, b'0', '2019-12-03 00:00:00'),
	(2084, 'XFY333', '', 14, b'0', '2019-12-03 00:00:00'),
	(2085, 'HPK554', '', 14, b'0', '2019-12-03 00:00:00'),
	(2086, 'KTU393', '', 14, b'0', '2019-12-03 00:00:00'),
	(2087, 'XBK436', '', 14, b'0', '2019-12-03 00:00:00'),
	(2088, 'NMQ796', '', 14, b'0', '2019-12-03 00:00:00'),
	(2089, 'KZU682', '', 14, b'0', '2019-12-03 00:00:00'),
	(2090, 'DJJ826', '', 14, b'0', '2019-12-03 00:00:00'),
	(2091, 'AGU536', '', 14, b'0', '2019-12-03 00:00:00'),
	(2092, 'NKF445', '', 14, b'0', '2019-12-03 00:00:00'),
	(2093, 'EMN752', '', 14, b'0', '2019-12-03 00:00:00'),
	(2094, 'WHP285', '', 14, b'0', '2019-12-03 00:00:00'),
	(2095, 'WXN924', '', 14, b'0', '2019-12-03 00:00:00'),
	(2096, 'HDK946', '', 14, b'0', '2019-12-03 00:00:00'),
	(2097, 'KQW953', '', 14, b'0', '2019-12-03 00:00:00'),
	(2098, 'BBZ465', '', 14, b'0', '2019-12-03 00:00:00'),
	(2099, 'UBD483', '', 14, b'0', '2019-12-03 00:00:00'),
	(2100, 'QKP327', '', 14, b'0', '2019-12-03 00:00:00'),
	(2101, 'XMY693', '', 14, b'0', '2019-12-03 00:00:00'),
	(2102, 'WYJ347', '', 14, b'0', '2019-12-03 00:00:00'),
	(2103, 'GUV232', '', 14, b'0', '2019-12-03 00:00:00'),
	(2104, 'UWY634', '', 14, b'0', '2019-12-03 00:00:00'),
	(2105, 'VHY554', '', 14, b'0', '2019-12-03 00:00:00'),
	(2106, 'SXC534', '', 14, b'0', '2019-12-03 00:00:00'),
	(2107, 'BCA686', '', 14, b'0', '2019-12-03 00:00:00'),
	(2108, 'XWH259', '', 14, b'0', '2019-12-03 00:00:00'),
	(2109, 'ZCD844', '', 14, b'0', '2019-12-03 00:00:00'),
	(2110, 'WBR293', '', 14, b'0', '2019-12-03 00:00:00'),
	(2111, 'PHH348', '', 14, b'0', '2019-12-03 00:00:00'),
	(2112, 'YFN429', '', 14, b'0', '2019-12-03 00:00:00'),
	(2113, 'XWE444', '', 14, b'0', '2019-12-03 00:00:00'),
	(2114, 'KJJ494', '', 14, b'0', '2019-12-03 00:00:00'),
	(2115, 'KFW363', '', 14, b'0', '2019-12-03 00:00:00'),
	(2116, 'ZPF326', '', 14, b'0', '2019-12-03 00:00:00'),
	(2117, 'JUA565', '', 14, b'0', '2019-12-03 00:00:00'),
	(2118, 'VAS678', '', 14, b'0', '2019-12-03 00:00:00'),
	(2119, 'EGF588', '', 14, b'0', '2019-12-03 00:00:00'),
	(2120, 'VPW489', '', 14, b'0', '2019-12-03 00:00:00'),
	(2121, 'GSB893', '', 14, b'0', '2019-12-03 00:00:00'),
	(2122, 'VFZ776', '', 14, b'0', '2019-12-03 00:00:00'),
	(2123, 'PDF967', '', 14, b'0', '2019-12-03 00:00:00'),
	(2124, 'PMA637', '', 14, b'0', '2019-12-03 00:00:00'),
	(2125, 'FPD383', '', 14, b'0', '2019-12-03 00:00:00'),
	(2126, 'MAS959', '', 14, b'0', '2019-12-03 00:00:00'),
	(2127, 'KWZ954', '', 14, b'0', '2019-12-03 00:00:00'),
	(2128, 'PNP459', '', 14, b'0', '2019-12-03 00:00:00'),
	(2129, 'YQM452', '', 14, b'0', '2019-12-03 00:00:00'),
	(2130, 'RPF692', '', 14, b'0', '2019-12-03 00:00:00'),
	(2131, 'EJB868', '', 14, b'0', '2019-12-03 00:00:00'),
	(2132, 'GPT924', '', 14, b'0', '2019-12-03 00:00:00'),
	(2133, 'GUC684', '', 14, b'0', '2019-12-03 00:00:00'),
	(2134, 'MYA768', '', 14, b'0', '2019-12-03 00:00:00'),
	(2135, 'WNJ929', '', 14, b'0', '2019-12-03 00:00:00'),
	(2136, 'PCT684', '', 14, b'0', '2019-12-03 00:00:00'),
	(2137, 'QBN653', '', 14, b'0', '2019-12-03 00:00:00'),
	(2138, 'AKW378', '', 13, b'0', '2019-12-03 00:00:00'),
	(2139, 'BQS565', '', 13, b'0', '2019-12-03 00:00:00'),
	(2140, 'VHP242', '', 13, b'0', '2019-12-03 00:00:00'),
	(2141, 'RNX652', '', 13, b'0', '2019-12-03 00:00:00'),
	(2142, 'KYU898', '', 13, b'0', '2019-12-03 00:00:00'),
	(2143, 'BRF394', '', 13, b'0', '2019-12-03 00:00:00'),
	(2144, 'MQB539', '', 13, b'0', '2019-12-03 00:00:00'),
	(2145, 'QYB959', '', 13, b'0', '2019-12-03 00:00:00'),
	(2146, 'BTN955', '', 13, b'0', '2019-12-03 00:00:00'),
	(2147, 'JJY834', '', 13, b'0', '2019-12-03 00:00:00'),
	(2148, 'TGF447', '', 13, b'0', '2019-12-03 00:00:00'),
	(2149, 'MNS695', '', 13, b'0', '2019-12-03 00:00:00'),
	(2150, 'DUY283', '', 13, b'0', '2019-12-03 00:00:00'),
	(2151, 'NRW989', '', 13, b'0', '2019-12-03 00:00:00'),
	(2152, 'AWQ393', '', 13, b'0', '2019-12-03 00:00:00'),
	(2153, 'ZMH657', '', 13, b'0', '2019-12-03 00:00:00'),
	(2154, 'SHJ742', '', 13, b'0', '2019-12-03 00:00:00'),
	(2155, 'EHZ924', '', 13, b'0', '2019-12-03 00:00:00'),
	(2156, 'QPJ454', '', 13, b'0', '2019-12-03 00:00:00'),
	(2157, 'CFN958', '', 13, b'0', '2019-12-03 00:00:00'),
	(2158, 'KGB287', '', 13, b'0', '2019-12-03 00:00:00'),
	(2159, 'XEY598', '', 13, b'0', '2019-12-03 00:00:00'),
	(2160, 'YZG785', '', 13, b'0', '2019-12-03 00:00:00'),
	(2161, 'KMU222', '', 13, b'0', '2019-12-03 00:00:00'),
	(2162, 'KZB872', '', 13, b'0', '2019-12-03 00:00:00'),
	(2163, 'UPJ349', '', 13, b'0', '2019-12-03 00:00:00'),
	(2164, 'MHJ455', '', 13, b'0', '2019-12-03 00:00:00'),
	(2165, 'TAK937', '', 13, b'0', '2019-12-03 00:00:00'),
	(2166, 'RRZ339', '', 13, b'0', '2019-12-03 00:00:00'),
	(2167, 'MYF266', '', 13, b'0', '2019-12-03 00:00:00'),
	(2168, 'TSC725', '', 13, b'0', '2019-12-03 00:00:00'),
	(2169, 'UTR755', '', 13, b'0', '2019-12-03 00:00:00'),
	(2170, 'YEJ894', '', 13, b'0', '2019-12-03 00:00:00'),
	(2171, 'WES877', '', 13, b'0', '2019-12-03 00:00:00'),
	(2172, 'QTQ455', '', 13, b'0', '2019-12-03 00:00:00'),
	(2173, 'DEQ746', '', 13, b'0', '2019-12-03 00:00:00'),
	(2174, 'DHP458', '', 13, b'0', '2019-12-03 00:00:00'),
	(2175, 'JQA865', '', 13, b'0', '2019-12-03 00:00:00'),
	(2176, 'WSB484', '', 13, b'0', '2019-12-03 00:00:00'),
	(2177, 'ERV754', '', 13, b'0', '2019-12-03 00:00:00'),
	(2178, 'JDP823', '', 13, b'0', '2019-12-03 00:00:00'),
	(2179, 'DTS287', '', 13, b'0', '2019-12-03 00:00:00'),
	(2180, 'DRW893', '', 13, b'0', '2019-12-03 00:00:00'),
	(2181, 'PHF659', '', 13, b'0', '2019-12-03 00:00:00'),
	(2182, 'CMX385', '', 13, b'0', '2019-12-03 00:00:00'),
	(2183, 'TPJ857', '', 13, b'0', '2019-12-03 00:00:00'),
	(2184, 'NRE786', '', 13, b'0', '2019-12-03 00:00:00'),
	(2185, 'FTQ235', '', 13, b'0', '2019-12-03 00:00:00'),
	(2186, 'CKV785', '', 13, b'0', '2019-12-03 00:00:00'),
	(2187, 'NRJ844', '', 13, b'0', '2019-12-03 00:00:00'),
	(2188, 'HYW823', '', 13, b'0', '2019-12-03 00:00:00'),
	(2189, 'PFZ566', '', 13, b'0', '2019-12-03 00:00:00'),
	(2190, 'UPA668', '', 13, b'0', '2019-12-03 00:00:00'),
	(2191, 'KGE675', '', 13, b'0', '2019-12-03 00:00:00'),
	(2192, 'RRJ854', '', 13, b'0', '2019-12-03 00:00:00'),
	(2193, 'QKH375', '', 13, b'0', '2019-12-03 00:00:00'),
	(2194, 'XKH276', '', 13, b'0', '2019-12-03 00:00:00'),
	(2195, 'KNZ245', '', 13, b'0', '2019-12-03 00:00:00'),
	(2196, 'RNY242', '', 13, b'0', '2019-12-03 00:00:00'),
	(2197, 'UBR535', '', 13, b'0', '2019-12-03 00:00:00'),
	(2198, 'CEX745', '', 13, b'0', '2019-12-03 00:00:00'),
	(2199, 'NGS367', '', 13, b'0', '2019-12-03 00:00:00'),
	(2200, 'YZB646', '', 13, b'0', '2019-12-03 00:00:00'),
	(2201, 'EVX665', '', 13, b'0', '2019-12-03 00:00:00'),
	(2202, 'JMX958', '', 13, b'0', '2019-12-03 00:00:00'),
	(2203, 'WFP592', '', 13, b'0', '2019-12-03 00:00:00'),
	(2204, 'THQ885', '', 13, b'0', '2019-12-03 00:00:00'),
	(2205, 'KSX754', '', 13, b'0', '2019-12-03 00:00:00'),
	(2206, 'RAS647', '', 13, b'0', '2019-12-03 00:00:00'),
	(2207, 'UTQ238', '', 13, b'0', '2019-12-03 00:00:00'),
	(2208, 'CPB278', '', 13, b'0', '2019-12-03 00:00:00'),
	(2209, 'ACR435', '', 13, b'0', '2019-12-03 00:00:00'),
	(2210, 'EGC953', '', 13, b'0', '2019-12-03 00:00:00'),
	(2211, 'ZAF824', '', 13, b'0', '2019-12-03 00:00:00'),
	(2212, 'KRA585', '', 13, b'0', '2019-12-03 00:00:00'),
	(2213, 'QXC595', '', 13, b'0', '2019-12-03 00:00:00'),
	(2214, 'XEH576', '', 13, b'0', '2019-12-03 00:00:00'),
	(2215, 'KAV342', '', 13, b'0', '2019-12-03 00:00:00'),
	(2216, 'WBS855', '', 13, b'0', '2019-12-03 00:00:00'),
	(2217, 'BXX774', '', 13, b'0', '2019-12-03 00:00:00'),
	(2218, 'TZV895', '', 13, b'0', '2019-12-03 00:00:00'),
	(2219, 'XPE637', '', 13, b'0', '2019-12-03 00:00:00'),
	(2220, 'QCJ632', '', 13, b'0', '2019-12-03 00:00:00'),
	(2221, 'NBK432', '', 13, b'0', '2019-12-03 00:00:00'),
	(2222, 'PRS474', '', 13, b'0', '2019-12-03 00:00:00'),
	(2223, 'DFN254', '', 13, b'0', '2019-12-03 00:00:00'),
	(2224, 'WBG365', '', 13, b'0', '2019-12-03 00:00:00'),
	(2225, 'JRV327', '', 13, b'0', '2019-12-03 00:00:00'),
	(2226, 'WJX453', '', 13, b'0', '2019-12-03 00:00:00'),
	(2227, 'WHQ574', '', 13, b'0', '2019-12-03 00:00:00'),
	(2228, 'VFZ849', '', 13, b'0', '2019-12-03 00:00:00'),
	(2229, 'QFG999', '', 13, b'0', '2019-12-03 00:00:00'),
	(2230, 'GGJ664', '', 13, b'0', '2019-12-03 00:00:00'),
	(2231, 'SVA968', '', 13, b'0', '2019-12-03 00:00:00'),
	(2232, 'ZXS727', '', 13, b'0', '2019-12-03 00:00:00'),
	(2233, 'GKG373', '', 13, b'0', '2019-12-03 00:00:00'),
	(2234, 'PKW967', '', 13, b'0', '2019-12-03 00:00:00'),
	(2235, 'DTC359', '', 13, b'0', '2019-12-03 00:00:00'),
	(2236, 'DQY385', '', 13, b'0', '2019-12-03 00:00:00'),
	(2237, 'RZB829', '', 13, b'0', '2019-12-03 00:00:00'),
	(2238, 'SGW463', '', 13, b'0', '2019-12-03 00:00:00'),
	(2239, 'EKY627', '', 12, b'0', '2019-12-03 00:00:00'),
	(2240, 'FEV248', '', 12, b'0', '2019-12-03 00:00:00'),
	(2241, 'YNN689', '', 12, b'0', '2019-12-03 00:00:00'),
	(2242, 'TSA662', '', 12, b'0', '2019-12-03 00:00:00'),
	(2243, 'WGY986', '', 12, b'0', '2019-12-03 00:00:00'),
	(2244, 'EQA647', '', 12, b'0', '2019-12-03 00:00:00'),
	(2245, 'BTB527', '', 12, b'0', '2019-12-03 00:00:00'),
	(2246, 'AUT993', '', 12, b'0', '2019-12-03 00:00:00'),
	(2247, 'DWT234', '', 12, b'0', '2019-12-03 00:00:00'),
	(2248, 'ARE399', '', 12, b'0', '2019-12-03 00:00:00'),
	(2249, 'AAB948', '', 12, b'0', '2019-12-03 00:00:00'),
	(2250, 'FWW485', '', 12, b'0', '2019-12-03 00:00:00'),
	(2251, 'ZYM834', '', 12, b'0', '2019-12-03 00:00:00'),
	(2252, 'DPC995', '', 12, b'0', '2019-12-03 00:00:00'),
	(2253, 'RQS947', '', 12, b'0', '2019-12-03 00:00:00'),
	(2254, 'BXE852', '', 12, b'0', '2019-12-03 00:00:00'),
	(2255, 'UQP794', '', 12, b'0', '2019-12-03 00:00:00'),
	(2256, 'SEE683', '', 12, b'0', '2019-12-03 00:00:00'),
	(2257, 'UWK379', '', 12, b'0', '2019-12-03 00:00:00'),
	(2258, 'GBN224', '', 12, b'0', '2019-12-03 00:00:00'),
	(2259, 'XUQ489', '', 12, b'0', '2019-12-03 00:00:00'),
	(2260, 'YQT569', '', 12, b'0', '2019-12-03 00:00:00'),
	(2261, 'NUF828', '', 12, b'0', '2019-12-03 00:00:00'),
	(2262, 'XDB354', '', 12, b'0', '2019-12-03 00:00:00'),
	(2263, 'MUF593', '', 12, b'0', '2019-12-03 00:00:00'),
	(2264, 'PBT992', '', 12, b'0', '2019-12-03 00:00:00'),
	(2265, 'SMG283', '', 12, b'0', '2019-12-03 00:00:00'),
	(2266, 'SQY354', '', 12, b'0', '2019-12-03 00:00:00'),
	(2267, 'YAG686', '', 12, b'0', '2019-12-03 00:00:00'),
	(2268, 'BMV974', '', 12, b'0', '2019-12-03 00:00:00'),
	(2269, 'QBP274', '', 12, b'0', '2019-12-03 00:00:00'),
	(2270, 'EVB848', '', 12, b'0', '2019-12-03 00:00:00'),
	(2271, 'VRU277', '', 12, b'0', '2019-12-03 00:00:00'),
	(2272, 'QER282', '', 12, b'0', '2019-12-03 00:00:00'),
	(2273, 'CQB728', '', 12, b'0', '2019-12-03 00:00:00'),
	(2274, 'TJD685', '', 12, b'0', '2019-12-03 00:00:00'),
	(2275, 'UXY685', '', 12, b'0', '2019-12-03 00:00:00'),
	(2276, 'NDD968', '', 12, b'0', '2019-12-03 00:00:00'),
	(2277, 'FYM676', '', 12, b'0', '2019-12-03 00:00:00'),
	(2278, 'ZTE297', '', 12, b'0', '2019-12-03 00:00:00'),
	(2279, 'VPT297', '', 12, b'0', '2019-12-03 00:00:00'),
	(2280, 'RNK934', '', 12, b'0', '2019-12-03 00:00:00'),
	(2281, 'YSZ355', '', 12, b'0', '2019-12-03 00:00:00'),
	(2282, 'RKR689', '', 12, b'0', '2019-12-03 00:00:00'),
	(2283, 'UEN596', '', 12, b'0', '2019-12-03 00:00:00'),
	(2284, 'PXT562', '', 12, b'0', '2019-12-03 00:00:00'),
	(2285, 'GPK953', '', 12, b'0', '2019-12-03 00:00:00'),
	(2286, 'QNX262', '', 12, b'0', '2019-12-03 00:00:00'),
	(2287, 'PZK672', '', 12, b'0', '2019-12-03 00:00:00'),
	(2288, 'FUM594', '', 12, b'0', '2019-12-03 00:00:00'),
	(2289, 'YBJ252', '', 12, b'0', '2019-12-03 00:00:00'),
	(2290, 'CES337', '', 12, b'0', '2019-12-03 00:00:00'),
	(2291, 'JTF423', '', 12, b'0', '2019-12-03 00:00:00'),
	(2292, 'PBM847', '', 12, b'0', '2019-12-03 00:00:00'),
	(2293, 'GZR622', '', 12, b'0', '2019-12-03 00:00:00'),
	(2294, 'FZX736', '', 12, b'0', '2019-12-03 00:00:00'),
	(2295, 'FVM293', '', 12, b'0', '2019-12-03 00:00:00'),
	(2296, 'CAG742', '', 12, b'0', '2019-12-03 00:00:00'),
	(2297, 'EKW658', '', 12, b'0', '2019-12-03 00:00:00'),
	(2298, 'UDC429', '', 12, b'0', '2019-12-03 00:00:00'),
	(2299, 'AWJ997', '', 12, b'0', '2019-12-03 00:00:00'),
	(2300, 'PQY568', '', 12, b'0', '2019-12-03 00:00:00'),
	(2301, 'ABN936', '', 12, b'0', '2019-12-03 00:00:00'),
	(2302, 'CWQ467', '', 12, b'0', '2019-12-03 00:00:00'),
	(2303, 'GJM467', '', 12, b'0', '2019-12-03 00:00:00'),
	(2304, 'GCM328', '', 12, b'0', '2019-12-03 00:00:00'),
	(2305, 'YTX653', '', 12, b'0', '2019-12-03 00:00:00'),
	(2306, 'EVV367', '', 12, b'0', '2019-12-03 00:00:00'),
	(2307, 'NHR866', '', 12, b'0', '2019-12-03 00:00:00'),
	(2308, 'YJH652', '', 12, b'0', '2019-12-03 00:00:00'),
	(2309, 'FCB325', '', 12, b'0', '2019-12-03 00:00:00'),
	(2310, 'EXY452', '', 12, b'0', '2019-12-03 00:00:00'),
	(2311, 'EHV699', '', 12, b'0', '2019-12-03 00:00:00'),
	(2312, 'DHC457', '', 12, b'0', '2019-12-03 00:00:00'),
	(2313, 'RMM947', '', 12, b'0', '2019-12-03 00:00:00'),
	(2314, 'EAJ988', '', 12, b'0', '2019-12-03 00:00:00'),
	(2315, 'APQ644', '', 12, b'0', '2019-12-03 00:00:00'),
	(2316, 'NMN444', '', 12, b'0', '2019-12-03 00:00:00'),
	(2317, 'AQB262', '', 12, b'0', '2019-12-03 00:00:00'),
	(2318, 'NUH778', '', 12, b'0', '2019-12-03 00:00:00'),
	(2319, 'XMH659', '', 12, b'0', '2019-12-03 00:00:00'),
	(2320, 'KRR733', '', 12, b'0', '2019-12-03 00:00:00'),
	(2321, 'QQY473', '', 12, b'0', '2019-12-03 00:00:00'),
	(2322, 'YZC335', '', 12, b'0', '2019-12-03 00:00:00'),
	(2323, 'XUF635', '', 12, b'0', '2019-12-03 00:00:00'),
	(2324, 'UDT623', '', 12, b'0', '2019-12-03 00:00:00'),
	(2325, 'YJN593', '', 12, b'0', '2019-12-03 00:00:00'),
	(2326, 'ESM899', '', 12, b'0', '2019-12-03 00:00:00'),
	(2327, 'TGP458', '', 12, b'0', '2019-12-03 00:00:00'),
	(2328, 'XJE864', '', 12, b'0', '2019-12-03 00:00:00'),
	(2329, 'UJS837', '', 12, b'0', '2019-12-03 00:00:00'),
	(2330, 'RXC948', '', 12, b'0', '2019-12-03 00:00:00'),
	(2331, 'GMQ649', '', 12, b'0', '2019-12-03 00:00:00'),
	(2332, 'JAK365', '', 12, b'0', '2019-12-03 00:00:00'),
	(2333, 'HPS795', '', 12, b'0', '2019-12-03 00:00:00'),
	(2334, 'FEA867', '', 12, b'0', '2019-12-03 00:00:00'),
	(2335, 'XEB244', '', 12, b'0', '2019-12-03 00:00:00'),
	(2336, 'FGU322', '', 12, b'0', '2019-12-03 00:00:00'),
	(2337, 'CPB387', '', 12, b'0', '2019-12-03 00:00:00'),
	(2338, 'JRC395', '', 12, b'0', '2019-12-03 00:00:00'),
	(2339, 'KKS486', '', 13, b'0', '2019-12-03 00:00:00'),
	(2340, 'KMQ983', '', 13, b'0', '2019-12-03 00:00:00'),
	(2341, 'SCH398', '', 13, b'0', '2019-12-03 00:00:00'),
	(2342, 'FDR697', '', 13, b'0', '2019-12-03 00:00:00'),
	(2343, 'EQQ962', '', 13, b'0', '2019-12-03 00:00:00'),
	(2344, 'JZR893', '', 13, b'0', '2019-12-03 00:00:00'),
	(2345, 'FWW367', '', 13, b'0', '2019-12-03 00:00:00'),
	(2346, 'ZFC256', '', 13, b'0', '2019-12-03 00:00:00'),
	(2347, 'JMD326', '', 13, b'0', '2019-12-03 00:00:00'),
	(2348, 'ZPM895', '', 13, b'0', '2019-12-03 00:00:00'),
	(2349, 'DNV823', '', 13, b'0', '2019-12-03 00:00:00'),
	(2350, 'GAJ638', '', 13, b'0', '2019-12-03 00:00:00'),
	(2351, 'TMW528', '', 13, b'0', '2019-12-03 00:00:00'),
	(2352, 'WQP867', '', 13, b'0', '2019-12-03 00:00:00'),
	(2353, 'ACY692', '', 13, b'0', '2019-12-03 00:00:00'),
	(2354, 'HZQ872', '', 13, b'0', '2019-12-03 00:00:00'),
	(2355, 'UUV593', '', 13, b'0', '2019-12-03 00:00:00'),
	(2356, 'ARW432', '', 13, b'0', '2019-12-03 00:00:00'),
	(2357, 'BHW633', '', 13, b'0', '2019-12-03 00:00:00'),
	(2358, 'WCT897', '', 13, b'0', '2019-12-03 00:00:00'),
	(2359, 'CUR693', '', 13, b'0', '2019-12-03 00:00:00'),
	(2360, 'PRZ288', '', 13, b'0', '2019-12-03 00:00:00'),
	(2361, 'REH625', '', 13, b'0', '2019-12-03 00:00:00'),
	(2362, 'VBX789', '', 13, b'0', '2019-12-03 00:00:00'),
	(2363, 'PFB663', '', 13, b'0', '2019-12-03 00:00:00'),
	(2364, 'EBB773', '', 13, b'0', '2019-12-03 00:00:00'),
	(2365, 'QMY794', '', 13, b'0', '2019-12-03 00:00:00'),
	(2366, 'CFY287', '', 13, b'0', '2019-12-03 00:00:00'),
	(2367, 'YHB388', '', 13, b'0', '2019-12-03 00:00:00'),
	(2368, 'GPB686', '', 13, b'0', '2019-12-03 00:00:00'),
	(2369, 'QTT658', '', 13, b'0', '2019-12-03 00:00:00'),
	(2370, 'QBM966', '', 13, b'0', '2019-12-03 00:00:00'),
	(2371, 'DXJ958', '', 13, b'0', '2019-12-03 00:00:00'),
	(2372, 'RRX934', '', 13, b'0', '2019-12-03 00:00:00'),
	(2373, 'GCG883', '', 13, b'0', '2019-12-03 00:00:00'),
	(2374, 'SFG357', '', 13, b'0', '2019-12-03 00:00:00'),
	(2375, 'NEW429', '', 13, b'0', '2019-12-03 00:00:00'),
	(2376, 'QCE426', '', 13, b'0', '2019-12-03 00:00:00'),
	(2377, 'FTG757', '', 13, b'0', '2019-12-03 00:00:00'),
	(2378, 'CDG782', '', 13, b'0', '2019-12-03 00:00:00'),
	(2379, 'YKE799', '', 13, b'0', '2019-12-03 00:00:00'),
	(2380, 'BJK933', '', 13, b'0', '2019-12-03 00:00:00'),
	(2381, 'XYT983', '', 13, b'0', '2019-12-03 00:00:00'),
	(2382, 'TPF563', '', 13, b'0', '2019-12-03 00:00:00'),
	(2383, 'PTC224', '', 13, b'0', '2019-12-03 00:00:00'),
	(2384, 'EJS784', '', 13, b'0', '2019-12-03 00:00:00'),
	(2385, 'DUG224', '', 13, b'0', '2019-12-03 00:00:00'),
	(2386, 'YVE455', '', 13, b'0', '2019-12-03 00:00:00'),
	(2387, 'DZG859', '', 13, b'0', '2019-12-03 00:00:00'),
	(2388, 'DNR429', '', 13, b'0', '2019-12-03 00:00:00'),
	(2389, 'CVV848', '', 13, b'0', '2019-12-03 00:00:00'),
	(2390, 'UEZ742', '', 13, b'0', '2019-12-03 00:00:00'),
	(2391, 'XJG885', '', 13, b'0', '2019-12-03 00:00:00'),
	(2392, 'WYD354', '', 13, b'0', '2019-12-03 00:00:00'),
	(2393, 'VEH732', '', 13, b'0', '2019-12-03 00:00:00'),
	(2394, 'DHQ832', '', 13, b'0', '2019-12-03 00:00:00'),
	(2395, 'RMB243', '', 13, b'0', '2019-12-03 00:00:00'),
	(2396, 'RFT473', '', 13, b'0', '2019-12-03 00:00:00'),
	(2397, 'ENU698', '', 13, b'0', '2019-12-03 00:00:00'),
	(2398, 'AUJ438', '', 13, b'0', '2019-12-03 00:00:00'),
	(2399, 'ZPT983', '', 13, b'0', '2019-12-03 00:00:00'),
	(2400, 'HJA685', '', 13, b'0', '2019-12-03 00:00:00'),
	(2401, 'JRV557', '', 13, b'0', '2019-12-03 00:00:00'),
	(2402, 'NZV468', '', 13, b'0', '2019-12-03 00:00:00'),
	(2403, 'HEW566', '', 13, b'0', '2019-12-03 00:00:00'),
	(2404, 'PYQ875', '', 13, b'0', '2019-12-03 00:00:00'),
	(2405, 'DZG267', '', 13, b'0', '2019-12-03 00:00:00'),
	(2406, 'EBY933', '', 13, b'0', '2019-12-03 00:00:00'),
	(2407, 'KMU432', '', 13, b'0', '2019-12-03 00:00:00'),
	(2408, 'WVA776', '', 13, b'0', '2019-12-03 00:00:00'),
	(2409, 'WVN387', '', 13, b'0', '2019-12-03 00:00:00'),
	(2410, 'NUD755', '', 13, b'0', '2019-12-03 00:00:00'),
	(2411, 'SZN496', '', 13, b'0', '2019-12-03 00:00:00'),
	(2412, 'TSK934', '', 13, b'0', '2019-12-03 00:00:00'),
	(2413, 'JRT883', '', 13, b'0', '2019-12-03 00:00:00'),
	(2414, 'JRW395', '', 13, b'0', '2019-12-03 00:00:00'),
	(2415, 'YMJ734', '', 13, b'0', '2019-12-03 00:00:00'),
	(2416, 'GME387', '', 13, b'0', '2019-12-03 00:00:00'),
	(2417, 'PMT594', '', 13, b'0', '2019-12-03 00:00:00'),
	(2418, 'XBP346', '', 13, b'0', '2019-12-03 00:00:00'),
	(2419, 'BRK945', '', 13, b'0', '2019-12-03 00:00:00'),
	(2420, 'HRG968', '', 13, b'0', '2019-12-03 00:00:00'),
	(2421, 'DKF985', '', 13, b'0', '2019-12-03 00:00:00'),
	(2422, 'FSA972', '', 13, b'0', '2019-12-03 00:00:00'),
	(2423, 'TWS593', '', 13, b'0', '2019-12-03 00:00:00'),
	(2424, 'PTP227', '', 13, b'0', '2019-12-03 00:00:00'),
	(2425, 'HUH457', '', 13, b'0', '2019-12-03 00:00:00'),
	(2426, 'NEZ635', '', 13, b'0', '2019-12-03 00:00:00'),
	(2427, 'TJU657', '', 13, b'0', '2019-12-03 00:00:00'),
	(2428, 'HWJ682', '', 13, b'0', '2019-12-03 00:00:00'),
	(2429, 'AWQ825', '', 13, b'0', '2019-12-03 00:00:00'),
	(2430, 'BYU389', '', 13, b'0', '2019-12-03 00:00:00'),
	(2431, 'EBQ599', '', 13, b'0', '2019-12-03 00:00:00'),
	(2432, 'XGV736', '', 13, b'0', '2019-12-03 00:00:00'),
	(2433, 'EWZ559', '', 13, b'0', '2019-12-03 00:00:00'),
	(2434, 'JXY382', '', 13, b'0', '2019-12-03 00:00:00'),
	(2435, 'PCF479', '', 13, b'0', '2019-12-03 00:00:00'),
	(2436, 'XWY892', '', 13, b'0', '2019-12-03 00:00:00'),
	(2437, 'GRW364', '', 13, b'0', '2019-12-03 00:00:00'),
	(2438, 'FPS284', '', 13, b'0', '2019-12-03 00:00:00'),
	(2439, 'GVG659', '', 13, b'0', '2019-12-03 00:00:00'),
	(2440, 'NQB685', '', 13, b'0', '2019-12-03 00:00:00'),
	(2441, 'NNK927', '', 13, b'0', '2019-12-03 00:00:00'),
	(2442, 'HGR368', '', 13, b'0', '2019-12-03 00:00:00'),
	(2443, 'RJU496', '', 13, b'0', '2019-12-03 00:00:00'),
	(2444, 'ZXZ956', '', 13, b'0', '2019-12-03 00:00:00'),
	(2445, 'WYG924', '', 13, b'0', '2019-12-03 00:00:00'),
	(2446, 'YHN526', '', 13, b'0', '2019-12-03 00:00:00'),
	(2447, 'DXM976', '', 13, b'0', '2019-12-03 00:00:00'),
	(2448, 'WHD662', '', 13, b'0', '2019-12-03 00:00:00'),
	(2449, 'EZH369', '', 13, b'0', '2019-12-03 00:00:00'),
	(2450, 'SSX252', '', 13, b'0', '2019-12-03 00:00:00'),
	(2451, 'SRX348', '', 13, b'0', '2019-12-03 00:00:00'),
	(2452, 'EKC654', '', 13, b'0', '2019-12-03 00:00:00'),
	(2453, 'PCY823', '', 13, b'0', '2019-12-03 00:00:00'),
	(2454, 'CCV395', '', 13, b'0', '2019-12-03 00:00:00'),
	(2455, 'VKR733', '', 13, b'0', '2019-12-03 00:00:00'),
	(2456, 'NQA442', '', 13, b'0', '2019-12-03 00:00:00'),
	(2457, 'PDC452', '', 13, b'0', '2019-12-03 00:00:00'),
	(2458, 'HFD928', '', 13, b'0', '2019-12-03 00:00:00'),
	(2459, 'FRY455', '', 13, b'0', '2019-12-03 00:00:00'),
	(2460, 'WTR384', '', 13, b'0', '2019-12-03 00:00:00'),
	(2461, 'DQA942', '', 13, b'0', '2019-12-03 00:00:00'),
	(2462, 'ASS895', '', 13, b'0', '2019-12-03 00:00:00'),
	(2463, 'KEQ292', '', 13, b'0', '2019-12-03 00:00:00'),
	(2464, 'FXT393', '', 13, b'0', '2019-12-03 00:00:00'),
	(2465, 'PNR386', '', 13, b'0', '2019-12-03 00:00:00'),
	(2466, 'WJX868', '', 13, b'0', '2019-12-03 00:00:00'),
	(2467, 'TNY659', '', 13, b'0', '2019-12-03 00:00:00'),
	(2468, 'GEF935', '', 13, b'0', '2019-12-03 00:00:00'),
	(2469, 'EPC524', '', 13, b'0', '2019-12-03 00:00:00'),
	(2470, 'WKX489', '', 13, b'0', '2019-12-03 00:00:00'),
	(2471, 'RYM663', '', 13, b'0', '2019-12-03 00:00:00'),
	(2472, 'FTQ432', '', 13, b'0', '2019-12-03 00:00:00'),
	(2473, 'NJC344', '', 13, b'0', '2019-12-03 00:00:00'),
	(2474, 'YYC732', '', 13, b'0', '2019-12-03 00:00:00'),
	(2475, 'HWN974', '', 13, b'0', '2019-12-03 00:00:00'),
	(2476, 'DUD754', '', 13, b'0', '2019-12-03 00:00:00'),
	(2477, 'QHZ335', '', 13, b'0', '2019-12-03 00:00:00'),
	(2478, 'KGW569', '', 13, b'0', '2019-12-03 00:00:00'),
	(2479, 'WKD527', '', 13, b'0', '2019-12-03 00:00:00'),
	(2480, 'ZSF329', '', 13, b'0', '2019-12-03 00:00:00'),
	(2481, 'JZQ795', '', 13, b'0', '2019-12-03 00:00:00'),
	(2482, 'TPT458', '', 13, b'0', '2019-12-03 00:00:00'),
	(2483, 'MBQ948', '', 13, b'0', '2019-12-03 00:00:00'),
	(2484, 'NHW468', '', 13, b'0', '2019-12-03 00:00:00'),
	(2485, 'HSH749', '', 13, b'0', '2019-12-03 00:00:00'),
	(2486, 'YMC434', '', 13, b'0', '2019-12-03 00:00:00'),
	(2487, 'GQK887', '', 13, b'0', '2019-12-03 00:00:00'),
	(2488, 'HPQ923', '', 13, b'0', '2019-12-03 00:00:00'),
	(2489, 'PYM295', '', 13, b'0', '2019-12-03 00:00:00'),
	(2490, 'GPM272', '', 13, b'0', '2019-12-03 00:00:00'),
	(2491, 'KKR584', '', 13, b'0', '2019-12-03 00:00:00'),
	(2492, 'ZKJ272', '', 13, b'0', '2019-12-03 00:00:00'),
	(2493, 'GTY982', '', 13, b'0', '2019-12-03 00:00:00'),
	(2494, 'QTM637', '', 13, b'0', '2019-12-03 00:00:00'),
	(2495, 'RXW993', '', 13, b'0', '2019-12-03 00:00:00'),
	(2496, 'KFJ537', '', 13, b'0', '2019-12-03 00:00:00'),
	(2497, 'QQQ694', '', 13, b'0', '2019-12-03 00:00:00'),
	(2498, 'VPC688', '', 13, b'0', '2019-12-03 00:00:00'),
	(2499, 'FSB384', '', 13, b'0', '2019-12-03 00:00:00'),
	(2500, 'PGQ233', '', 13, b'0', '2019-12-03 00:00:00'),
	(2501, 'BTM323', '', 13, b'0', '2019-12-03 00:00:00'),
	(2502, 'SUF226', '', 13, b'0', '2019-12-03 00:00:00'),
	(2503, 'USM746', '', 13, b'0', '2019-12-03 00:00:00'),
	(2504, 'MFJ476', '', 13, b'0', '2019-12-03 00:00:00'),
	(2505, 'NYH622', '', 13, b'0', '2019-12-03 00:00:00'),
	(2506, 'CYB624', '', 13, b'0', '2019-12-03 00:00:00'),
	(2507, 'QFU794', '', 13, b'0', '2019-12-03 00:00:00'),
	(2508, 'YRS592', '', 13, b'0', '2019-12-03 00:00:00'),
	(2509, 'ZSR275', '', 13, b'0', '2019-12-03 00:00:00'),
	(2510, 'DJE773', '', 13, b'0', '2019-12-03 00:00:00'),
	(2511, 'XAW564', '', 13, b'0', '2019-12-03 00:00:00'),
	(2512, 'FHZ823', '', 13, b'0', '2019-12-03 00:00:00'),
	(2513, 'HVG224', '', 13, b'0', '2019-12-03 00:00:00'),
	(2514, 'MNC996', '', 13, b'0', '2019-12-03 00:00:00'),
	(2515, 'XZB757', '', 13, b'0', '2019-12-03 00:00:00'),
	(2516, 'EFP834', '', 13, b'0', '2019-12-03 00:00:00'),
	(2517, 'TNS229', '', 13, b'0', '2019-12-03 00:00:00'),
	(2518, 'XJF376', '', 13, b'0', '2019-12-03 00:00:00'),
	(2519, 'YKD754', '', 13, b'0', '2019-12-03 00:00:00'),
	(2520, 'FBM365', '', 13, b'0', '2019-12-03 00:00:00'),
	(2521, 'VEQ749', '', 13, b'0', '2019-12-03 00:00:00'),
	(2522, 'YSR558', '', 13, b'0', '2019-12-03 00:00:00'),
	(2523, 'EXU663', '', 13, b'0', '2019-12-03 00:00:00'),
	(2524, 'QSW244', '', 13, b'0', '2019-12-03 00:00:00'),
	(2525, 'FFS846', '', 13, b'0', '2019-12-03 00:00:00'),
	(2526, 'VNP652', '', 13, b'0', '2019-12-03 00:00:00'),
	(2527, 'SSU874', '', 13, b'0', '2019-12-03 00:00:00'),
	(2528, 'PRF888', '', 13, b'0', '2019-12-03 00:00:00'),
	(2529, 'PDM262', '', 13, b'0', '2019-12-03 00:00:00'),
	(2530, 'MET392', '', 13, b'0', '2019-12-03 00:00:00'),
	(2531, 'ZDG327', '', 13, b'0', '2019-12-03 00:00:00'),
	(2532, 'TGZ752', '', 13, b'0', '2019-12-03 00:00:00'),
	(2533, 'MZU624', '', 13, b'0', '2019-12-03 00:00:00'),
	(2534, 'UXT986', '', 13, b'0', '2019-12-03 00:00:00'),
	(2535, 'XCQ763', '', 13, b'0', '2019-12-03 00:00:00'),
	(2536, 'WSM824', '', 13, b'0', '2019-12-03 00:00:00'),
	(2537, 'GBE297', '', 13, b'0', '2019-12-03 00:00:00'),
	(2538, 'XVU963', '', 13, b'0', '2019-12-03 00:00:00'),
	(2539, 'RTG773', '', 13, b'0', '2019-12-03 00:00:00'),
	(2540, 'UWN378', '', 13, b'0', '2019-12-03 00:00:00'),
	(2541, 'SVB382', '', 13, b'0', '2019-12-03 00:00:00'),
	(2542, 'BTJ783', '', 13, b'0', '2019-12-03 00:00:00'),
	(2543, 'ZGS237', '', 13, b'0', '2019-12-03 00:00:00'),
	(2544, 'JCX523', '', 13, b'0', '2019-12-03 00:00:00'),
	(2545, 'XXC622', '', 13, b'0', '2019-12-03 00:00:00'),
	(2546, 'CXJ586', '', 13, b'0', '2019-12-03 00:00:00'),
	(2547, 'CQQ373', '', 13, b'0', '2019-12-03 00:00:00'),
	(2548, 'EKP386', '', 13, b'0', '2019-12-03 00:00:00'),
	(2549, 'UQG225', '', 13, b'0', '2019-12-03 00:00:00'),
	(2550, 'PQC838', '', 13, b'0', '2019-12-03 00:00:00'),
	(2551, 'SST246', '', 13, b'0', '2019-12-03 00:00:00'),
	(2552, 'YPR298', '', 13, b'0', '2019-12-03 00:00:00'),
	(2553, 'RYF857', '', 13, b'0', '2019-12-03 00:00:00'),
	(2554, 'WPV864', '', 13, b'0', '2019-12-03 00:00:00'),
	(2555, 'PAB272', '', 13, b'0', '2019-12-03 00:00:00'),
	(2556, 'ZHU584', '', 13, b'0', '2019-12-03 00:00:00'),
	(2557, 'NTY259', '', 13, b'0', '2019-12-03 00:00:00'),
	(2558, 'SGV323', '', 13, b'0', '2019-12-03 00:00:00'),
	(2559, 'WCG568', '', 13, b'0', '2019-12-03 00:00:00'),
	(2560, 'CYM724', '', 13, b'0', '2019-12-03 00:00:00'),
	(2561, 'BUF639', '', 13, b'0', '2019-12-03 00:00:00'),
	(2562, 'VXW965', '', 13, b'0', '2019-12-03 00:00:00'),
	(2563, 'XSC488', '', 13, b'0', '2019-12-03 00:00:00'),
	(2564, 'TYB524', '', 13, b'0', '2019-12-03 00:00:00'),
	(2565, 'WKQ333', '', 13, b'0', '2019-12-03 00:00:00'),
	(2566, 'DWR324', '', 13, b'0', '2019-12-03 00:00:00'),
	(2567, 'AVH387', '', 13, b'0', '2019-12-03 00:00:00'),
	(2568, 'YGA643', '', 13, b'0', '2019-12-03 00:00:00'),
	(2569, 'VWH278', '', 13, b'0', '2019-12-03 00:00:00'),
	(2570, 'DZW257', '', 13, b'0', '2019-12-03 00:00:00'),
	(2571, 'DPY635', '', 13, b'0', '2019-12-03 00:00:00'),
	(2572, 'QXC497', '', 13, b'0', '2019-12-03 00:00:00'),
	(2573, 'HGD824', '', 13, b'0', '2019-12-03 00:00:00'),
	(2574, 'CAB382', '', 13, b'0', '2019-12-03 00:00:00'),
	(2575, 'GMK349', '', 13, b'0', '2019-12-03 00:00:00'),
	(2576, 'YGK754', '', 13, b'0', '2019-12-03 00:00:00'),
	(2577, 'HGS424', '', 13, b'0', '2019-12-03 00:00:00'),
	(2578, 'EAV228', '', 13, b'0', '2019-12-03 00:00:00'),
	(2579, 'GXB636', '', 13, b'0', '2019-12-03 00:00:00'),
	(2580, 'ADY268', '', 13, b'0', '2019-12-03 00:00:00'),
	(2581, 'CHS577', '', 13, b'0', '2019-12-03 00:00:00'),
	(2582, 'RRA553', '', 13, b'0', '2019-12-03 00:00:00'),
	(2583, 'GZA652', '', 13, b'0', '2019-12-03 00:00:00'),
	(2584, 'SNB242', '', 13, b'0', '2019-12-03 00:00:00'),
	(2585, 'TQT423', '', 13, b'0', '2019-12-03 00:00:00'),
	(2586, 'XRS479', '', 13, b'0', '2019-12-03 00:00:00'),
	(2587, 'RZY346', '', 13, b'0', '2019-12-03 00:00:00'),
	(2588, 'RNK334', '', 13, b'0', '2019-12-03 00:00:00'),
	(2589, 'TEX523', '', 13, b'0', '2019-12-03 00:00:00'),
	(2590, 'BXC948', '', 13, b'0', '2019-12-03 00:00:00'),
	(2591, 'HQH596', '', 13, b'0', '2019-12-03 00:00:00'),
	(2592, 'XKZ573', '', 13, b'0', '2019-12-03 00:00:00'),
	(2593, 'XJD349', '', 13, b'0', '2019-12-03 00:00:00'),
	(2594, 'KNG237', '', 13, b'0', '2019-12-03 00:00:00'),
	(2595, 'QPQ667', '', 13, b'0', '2019-12-03 00:00:00'),
	(2596, 'RUW599', '', 13, b'0', '2019-12-03 00:00:00'),
	(2597, 'JEV835', '', 13, b'0', '2019-12-03 00:00:00'),
	(2598, 'DFT255', '', 13, b'0', '2019-12-03 00:00:00'),
	(2599, 'TDS288', '', 13, b'0', '2019-12-03 00:00:00'),
	(2600, 'RWE793', '', 13, b'0', '2019-12-03 00:00:00'),
	(2601, 'HDJ998', '', 13, b'0', '2019-12-03 00:00:00'),
	(2602, 'CXZ575', '', 13, b'0', '2019-12-03 00:00:00'),
	(2603, 'QZV932', '', 13, b'0', '2019-12-03 00:00:00'),
	(2604, 'KUK832', '', 13, b'0', '2019-12-03 00:00:00'),
	(2605, 'AQD543', '', 13, b'0', '2019-12-03 00:00:00'),
	(2606, 'JBJ335', '', 13, b'0', '2019-12-03 00:00:00'),
	(2607, 'TPH688', '', 13, b'0', '2019-12-03 00:00:00'),
	(2608, 'FDW827', '', 13, b'0', '2019-12-03 00:00:00'),
	(2609, 'VJK762', '', 13, b'0', '2019-12-03 00:00:00'),
	(2610, 'VYE895', '', 13, b'0', '2019-12-03 00:00:00'),
	(2611, 'QXS522', '', 13, b'0', '2019-12-03 00:00:00'),
	(2612, 'FRD256', '', 13, b'0', '2019-12-03 00:00:00'),
	(2613, 'FDJ775', '', 13, b'0', '2019-12-03 00:00:00'),
	(2614, 'HGH446', '', 13, b'0', '2019-12-03 00:00:00'),
	(2615, 'ZUH696', '', 13, b'0', '2019-12-03 00:00:00'),
	(2616, 'RQR862', '', 13, b'0', '2019-12-03 00:00:00'),
	(2617, 'EHH358', '', 13, b'0', '2019-12-03 00:00:00'),
	(2618, 'RMB759', '', 13, b'0', '2019-12-03 00:00:00'),
	(2619, 'GFB535', '', 13, b'0', '2019-12-03 00:00:00'),
	(2620, 'SYV835', '', 13, b'0', '2019-12-03 00:00:00'),
	(2621, 'XPP392', '', 13, b'0', '2019-12-03 00:00:00'),
	(2622, 'QDA654', '', 13, b'0', '2019-12-03 00:00:00'),
	(2623, 'KSD772', '', 13, b'0', '2019-12-03 00:00:00'),
	(2624, 'JDG687', '', 13, b'0', '2019-12-03 00:00:00'),
	(2625, 'YMP656', '', 13, b'0', '2019-12-03 00:00:00'),
	(2626, 'HXH764', '', 13, b'0', '2019-12-03 00:00:00'),
	(2627, 'NXA734', '', 13, b'0', '2019-12-03 00:00:00'),
	(2628, 'WRQ685', '', 13, b'0', '2019-12-03 00:00:00'),
	(2629, 'EHQ873', '', 13, b'0', '2019-12-03 00:00:00'),
	(2630, 'SDZ467', '', 13, b'0', '2019-12-03 00:00:00'),
	(2631, 'VVQ682', '', 13, b'0', '2019-12-03 00:00:00'),
	(2632, 'CRQ582', '', 13, b'0', '2019-12-03 00:00:00'),
	(2633, 'XXB426', '', 13, b'0', '2019-12-03 00:00:00'),
	(2634, 'YMB336', '', 13, b'0', '2019-12-03 00:00:00'),
	(2635, 'ZVV247', '', 13, b'0', '2019-12-03 00:00:00'),
	(2636, 'TNP365', '', 13, b'0', '2019-12-03 00:00:00'),
	(2637, 'VPS384', '', 13, b'0', '2019-12-03 00:00:00'),
	(2638, 'HDV484', '', 13, b'0', '2019-12-03 00:00:00'),
	(2639, 'YKX353', '', 13, b'0', '2019-12-03 00:00:00'),
	(2640, 'JFV423', '', 13, b'0', '2019-12-03 00:00:00'),
	(2641, 'WUP682', '', 13, b'0', '2019-12-03 00:00:00'),
	(2642, 'FUG635', '', 13, b'0', '2019-12-03 00:00:00'),
	(2643, 'SRX265', '', 13, b'0', '2019-12-03 00:00:00'),
	(2644, 'KKS429', '', 13, b'0', '2019-12-03 00:00:00'),
	(2645, 'PFF486', '', 13, b'0', '2019-12-03 00:00:00'),
	(2646, 'ZAH883', '', 13, b'0', '2019-12-03 00:00:00'),
	(2647, 'VPE268', '', 13, b'0', '2019-12-03 00:00:00'),
	(2648, 'BHD232', '', 13, b'0', '2019-12-03 00:00:00'),
	(2649, 'WYD772', '', 13, b'0', '2019-12-03 00:00:00'),
	(2650, 'YRJ696', '', 13, b'0', '2019-12-03 00:00:00'),
	(2651, 'THY398', '', 13, b'0', '2019-12-03 00:00:00'),
	(2652, 'DJD696', '', 13, b'0', '2019-12-03 00:00:00'),
	(2653, 'GDM579', '', 13, b'0', '2019-12-03 00:00:00'),
	(2654, 'QDZ568', '', 13, b'0', '2019-12-03 00:00:00'),
	(2655, 'XGR323', '', 13, b'0', '2019-12-03 00:00:00'),
	(2656, 'QKB639', '', 13, b'0', '2019-12-03 00:00:00'),
	(2657, 'EFU733', '', 13, b'0', '2019-12-03 00:00:00'),
	(2658, 'WJM443', '', 13, b'0', '2019-12-03 00:00:00'),
	(2659, 'QRT362', '', 13, b'0', '2019-12-03 00:00:00'),
	(2660, 'CNV366', '', 13, b'0', '2019-12-03 00:00:00'),
	(2661, 'SJY438', '', 13, b'0', '2019-12-03 00:00:00'),
	(2662, 'CUT337', '', 13, b'0', '2019-12-03 00:00:00'),
	(2663, 'MMK499', '', 13, b'0', '2019-12-03 00:00:00'),
	(2664, 'RNS526', '', 13, b'0', '2019-12-03 00:00:00'),
	(2665, 'UQX458', '', 13, b'0', '2019-12-03 00:00:00'),
	(2666, 'WRN587', '', 13, b'0', '2019-12-03 00:00:00'),
	(2667, 'SGG736', '', 13, b'0', '2019-12-03 00:00:00'),
	(2668, 'PAW499', '', 13, b'0', '2019-12-03 00:00:00'),
	(2669, 'ANB585', '', 13, b'0', '2019-12-03 00:00:00'),
	(2670, 'FQV486', '', 13, b'0', '2019-12-03 00:00:00'),
	(2671, 'MGQ297', '', 13, b'0', '2019-12-03 00:00:00'),
	(2672, 'XSZ359', '', 13, b'0', '2019-12-03 00:00:00'),
	(2673, 'CVM982', '', 13, b'0', '2019-12-03 00:00:00'),
	(2674, 'QQY389', '', 13, b'0', '2019-12-03 00:00:00'),
	(2675, 'DFY967', '', 13, b'0', '2019-12-03 00:00:00'),
	(2676, 'HRU855', '', 13, b'0', '2019-12-03 00:00:00'),
	(2677, 'RWK856', '', 13, b'0', '2019-12-03 00:00:00'),
	(2678, 'PKZ242', '', 13, b'0', '2019-12-03 00:00:00'),
	(2679, 'SYP686', '', 13, b'0', '2019-12-03 00:00:00'),
	(2680, 'UVD458', '', 13, b'0', '2019-12-03 00:00:00'),
	(2681, 'SXN525', '', 13, b'0', '2019-12-03 00:00:00'),
	(2682, 'FAW482', '', 13, b'0', '2019-12-03 00:00:00'),
	(2683, 'PKF542', '', 13, b'0', '2019-12-03 00:00:00'),
	(2684, 'HXC345', '', 13, b'0', '2019-12-03 00:00:00'),
	(2685, 'UCT794', '', 13, b'0', '2019-12-03 00:00:00'),
	(2686, 'DAV594', '', 13, b'0', '2019-12-03 00:00:00'),
	(2687, 'GGB347', '', 13, b'0', '2019-12-03 00:00:00'),
	(2688, 'ZXS962', '', 13, b'0', '2019-12-03 00:00:00'),
	(2689, 'CKQ933', '', 13, b'0', '2019-12-03 00:00:00'),
	(2690, 'EBS938', '', 13, b'0', '2019-12-03 00:00:00'),
	(2691, 'NAU925', '', 13, b'0', '2019-12-03 00:00:00'),
	(2692, 'RUW336', '', 13, b'0', '2019-12-03 00:00:00'),
	(2693, 'XKR625', '', 13, b'0', '2019-12-03 00:00:00'),
	(2694, 'PZT882', '', 13, b'0', '2019-12-03 00:00:00'),
	(2695, 'SQN225', '', 13, b'0', '2019-12-03 00:00:00'),
	(2696, 'KPS779', '', 13, b'0', '2019-12-03 00:00:00'),
	(2697, 'QVK937', '', 13, b'0', '2019-12-03 00:00:00'),
	(2698, 'UKP749', '', 13, b'0', '2019-12-03 00:00:00'),
	(2699, 'SQU393', '', 13, b'0', '2019-12-03 00:00:00'),
	(2700, 'VVU965', '', 13, b'0', '2019-12-03 00:00:00'),
	(2701, 'VYV543', '', 13, b'0', '2019-12-03 00:00:00'),
	(2702, 'WET976', '', 13, b'0', '2019-12-03 00:00:00'),
	(2703, 'CTV796', '', 13, b'0', '2019-12-03 00:00:00'),
	(2704, 'QMC926', '', 13, b'0', '2019-12-03 00:00:00'),
	(2705, 'YTZ247', '', 13, b'0', '2019-12-03 00:00:00'),
	(2706, 'JNU652', '', 13, b'0', '2019-12-03 00:00:00'),
	(2707, 'MUE465', '', 13, b'0', '2019-12-03 00:00:00'),
	(2708, 'ETB249', '', 13, b'0', '2019-12-03 00:00:00'),
	(2709, 'DQX279', '', 13, b'0', '2019-12-03 00:00:00'),
	(2710, 'NUX583', '', 13, b'0', '2019-12-03 00:00:00'),
	(2711, 'HRX667', '', 13, b'0', '2019-12-03 00:00:00'),
	(2712, 'NBT657', '', 13, b'0', '2019-12-03 00:00:00'),
	(2713, 'VVW449', '', 13, b'0', '2019-12-03 00:00:00'),
	(2714, 'SKW373', '', 13, b'0', '2019-12-03 00:00:00'),
	(2715, 'BCF437', '', 13, b'0', '2019-12-03 00:00:00'),
	(2716, 'ZPM323', '', 13, b'0', '2019-12-03 00:00:00'),
	(2717, 'WYD654', '', 13, b'0', '2019-12-03 00:00:00'),
	(2718, 'YTY352', '', 13, b'0', '2019-12-03 00:00:00'),
	(2719, 'JFY425', '', 13, b'0', '2019-12-03 00:00:00'),
	(2720, 'ZZW967', '', 13, b'0', '2019-12-03 00:00:00'),
	(2721, 'NSR644', '', 13, b'0', '2019-12-03 00:00:00'),
	(2722, 'FYR442', '', 13, b'0', '2019-12-03 00:00:00'),
	(2723, 'ZSJ547', '', 13, b'0', '2019-12-03 00:00:00'),
	(2724, 'ZMK756', '', 13, b'0', '2019-12-03 00:00:00'),
	(2725, 'GVN454', '', 13, b'0', '2019-12-03 00:00:00'),
	(2726, 'SYW824', '', 13, b'0', '2019-12-03 00:00:00'),
	(2727, 'BAV369', '', 13, b'0', '2019-12-03 00:00:00'),
	(2728, 'RQK657', '', 13, b'0', '2019-12-03 00:00:00'),
	(2729, 'ZSA342', '', 13, b'0', '2019-12-03 00:00:00'),
	(2730, 'HVY449', '', 13, b'0', '2019-12-03 00:00:00'),
	(2731, 'TVD382', '', 13, b'0', '2019-12-03 00:00:00'),
	(2732, 'NZQ649', '', 13, b'0', '2019-12-03 00:00:00'),
	(2733, 'QCU892', '', 13, b'0', '2019-12-03 00:00:00'),
	(2734, 'MAQ343', '', 13, b'0', '2019-12-03 00:00:00'),
	(2735, 'VYX935', '', 13, b'0', '2019-12-03 00:00:00'),
	(2736, 'XHV887', '', 13, b'0', '2019-12-03 00:00:00'),
	(2737, 'EWR568', '', 13, b'0', '2019-12-03 00:00:00'),
	(2738, 'AMY944', '', 13, b'0', '2019-12-03 00:00:00'),
	(2739, 'SAW978', '', 13, b'0', '2019-12-03 00:00:00'),
	(2740, 'EWX836', '', 13, b'0', '2019-12-03 00:00:00'),
	(2741, 'EYQ673', '', 13, b'0', '2019-12-03 00:00:00'),
	(2742, 'ZUP529', '', 13, b'0', '2019-12-03 00:00:00'),
	(2743, 'JTD522', '', 13, b'0', '2019-12-03 00:00:00'),
	(2744, 'KZZ435', '', 13, b'0', '2019-12-03 00:00:00'),
	(2745, 'ERA359', '', 13, b'0', '2019-12-03 00:00:00'),
	(2746, 'TTX869', '', 13, b'0', '2019-12-03 00:00:00'),
	(2747, 'CNV294', '', 13, b'0', '2019-12-03 00:00:00'),
	(2748, 'HXK425', '', 13, b'0', '2019-12-03 00:00:00'),
	(2749, 'MRX763', '', 13, b'0', '2019-12-03 00:00:00'),
	(2750, 'UGB956', '', 13, b'0', '2019-12-03 00:00:00'),
	(2751, 'PJC598', '', 13, b'0', '2019-12-03 00:00:00'),
	(2752, 'ZBJ556', '', 13, b'0', '2019-12-03 00:00:00'),
	(2753, 'MBU849', '', 13, b'0', '2019-12-03 00:00:00'),
	(2754, 'JHX873', '', 13, b'0', '2019-12-03 00:00:00'),
	(2755, 'DGU562', '', 13, b'0', '2019-12-03 00:00:00'),
	(2756, 'BED342', '', 13, b'0', '2019-12-03 00:00:00'),
	(2757, 'QWG382', '', 13, b'0', '2019-12-03 00:00:00'),
	(2758, 'KSD292', '', 13, b'0', '2019-12-03 00:00:00'),
	(2759, 'CJP432', '', 13, b'0', '2019-12-03 00:00:00'),
	(2760, 'DVW842', '', 13, b'0', '2019-12-03 00:00:00'),
	(2761, 'TMS352', '', 13, b'0', '2019-12-03 00:00:00'),
	(2762, 'WCT543', '', 13, b'0', '2019-12-03 00:00:00'),
	(2763, 'XAV793', '', 13, b'0', '2019-12-03 00:00:00'),
	(2764, 'EAF359', '', 13, b'0', '2019-12-03 00:00:00'),
	(2765, 'NXU274', '', 13, b'0', '2019-12-03 00:00:00'),
	(2766, 'ZHP647', '', 13, b'0', '2019-12-03 00:00:00'),
	(2767, 'RYF579', '', 13, b'0', '2019-12-03 00:00:00'),
	(2768, 'BHA578', '', 13, b'0', '2019-12-03 00:00:00'),
	(2769, 'ZGX946', '', 13, b'0', '2019-12-03 00:00:00'),
	(2770, 'NWT782', '', 13, b'0', '2019-12-03 00:00:00'),
	(2771, 'SBJ435', '', 13, b'0', '2019-12-03 00:00:00'),
	(2772, 'BAH579', '', 13, b'0', '2019-12-03 00:00:00'),
	(2773, 'UGX928', '', 13, b'0', '2019-12-03 00:00:00'),
	(2774, 'GEE684', '', 13, b'0', '2019-12-03 00:00:00'),
	(2775, 'WDY543', '', 13, b'0', '2019-12-03 00:00:00'),
	(2776, 'ZJW392', '', 13, b'0', '2019-12-03 00:00:00'),
	(2777, 'MKV327', '', 13, b'0', '2019-12-03 00:00:00'),
	(2778, 'CSQ846', '', 13, b'0', '2019-12-03 00:00:00'),
	(2779, 'CCY658', '', 13, b'0', '2019-12-03 00:00:00'),
	(2780, 'TTP659', '', 13, b'0', '2019-12-03 00:00:00'),
	(2781, 'CSE298', '', 13, b'0', '2019-12-03 00:00:00'),
	(2782, 'DHC366', '', 13, b'0', '2019-12-03 00:00:00'),
	(2783, 'FDH526', '', 13, b'0', '2019-12-03 00:00:00'),
	(2784, 'UGH979', '', 13, b'0', '2019-12-03 00:00:00'),
	(2785, 'PPQ926', '', 13, b'0', '2019-12-03 00:00:00'),
	(2786, 'HRG329', '', 13, b'0', '2019-12-03 00:00:00'),
	(2787, 'JMZ499', '', 13, b'0', '2019-12-03 00:00:00'),
	(2788, 'BDW479', '', 13, b'0', '2019-12-03 00:00:00'),
	(2789, 'GWZ653', '', 13, b'0', '2019-12-03 00:00:00'),
	(2790, 'CDR934', '', 13, b'0', '2019-12-03 00:00:00'),
	(2791, 'TGH587', '', 13, b'0', '2019-12-03 00:00:00'),
	(2792, 'WZC857', '', 13, b'0', '2019-12-03 00:00:00'),
	(2793, 'PJJ399', '', 13, b'0', '2019-12-03 00:00:00'),
	(2794, 'UNB555', '', 13, b'0', '2019-12-03 00:00:00'),
	(2795, 'GSG698', '', 13, b'0', '2019-12-03 00:00:00'),
	(2796, 'RHC872', '', 13, b'0', '2019-12-03 00:00:00'),
	(2797, 'TTF644', '', 13, b'0', '2019-12-03 00:00:00'),
	(2798, 'RXA666', '', 13, b'0', '2019-12-03 00:00:00'),
	(2799, 'VST555', '', 13, b'0', '2019-12-03 00:00:00'),
	(2800, 'YJC488', '', 13, b'0', '2019-12-03 00:00:00'),
	(2801, 'QFW433', '', 13, b'0', '2019-12-03 00:00:00'),
	(2802, 'AMF688', '', 13, b'0', '2019-12-03 00:00:00'),
	(2803, 'QKW682', '', 13, b'0', '2019-12-03 00:00:00'),
	(2804, 'FKV385', '', 13, b'0', '2019-12-03 00:00:00'),
	(2805, 'SRN593', '', 13, b'0', '2019-12-03 00:00:00'),
	(2806, 'JWU259', '', 13, b'0', '2019-12-03 00:00:00'),
	(2807, 'QUF858', '', 13, b'0', '2019-12-03 00:00:00'),
	(2808, 'HDD873', '', 13, b'0', '2019-12-03 00:00:00'),
	(2809, 'ZMC979', '', 13, b'0', '2019-12-03 00:00:00'),
	(2810, 'WPM994', '', 13, b'0', '2019-12-03 00:00:00'),
	(2811, 'BEE962', '', 13, b'0', '2019-12-03 00:00:00'),
	(2812, 'QXG295', '', 13, b'0', '2019-12-03 00:00:00'),
	(2813, 'TNQ567', '', 13, b'0', '2019-12-03 00:00:00'),
	(2814, 'EUQ326', '', 13, b'0', '2019-12-03 00:00:00'),
	(2815, 'EGE868', '', 13, b'0', '2019-12-03 00:00:00'),
	(2816, 'JTV764', '', 13, b'0', '2019-12-03 00:00:00'),
	(2817, 'WFE767', '', 13, b'0', '2019-12-03 00:00:00'),
	(2818, 'SAP997', '', 13, b'0', '2019-12-03 00:00:00'),
	(2819, 'YQE668', '', 13, b'0', '2019-12-03 00:00:00'),
	(2820, 'MPC745', '', 13, b'0', '2019-12-03 00:00:00'),
	(2821, 'YMT392', '', 13, b'0', '2019-12-03 00:00:00'),
	(2822, 'NBV269', '', 13, b'0', '2019-12-03 00:00:00'),
	(2823, 'BTZ733', '', 13, b'0', '2019-12-03 00:00:00'),
	(2824, 'KWZ427', '', 13, b'0', '2019-12-03 00:00:00'),
	(2825, 'ZZS455', '', 13, b'0', '2019-12-03 00:00:00'),
	(2826, 'PQD985', '', 13, b'0', '2019-12-03 00:00:00'),
	(2827, 'WRW338', '', 13, b'0', '2019-12-03 00:00:00'),
	(2828, 'SNZ268', '', 13, b'0', '2019-12-03 00:00:00'),
	(2829, 'HPR487', '', 13, b'0', '2019-12-03 00:00:00'),
	(2830, 'CFD544', '', 13, b'0', '2019-12-03 00:00:00'),
	(2831, 'FPG748', '', 13, b'0', '2019-12-03 00:00:00'),
	(2832, 'JHK449', '', 13, b'0', '2019-12-03 00:00:00'),
	(2833, 'MZA646', '', 13, b'0', '2019-12-03 00:00:00'),
	(2834, 'TSC676', '', 13, b'0', '2019-12-03 00:00:00'),
	(2835, 'GHC242', '', 13, b'0', '2019-12-03 00:00:00'),
	(2836, 'KTF674', '', 13, b'0', '2019-12-03 00:00:00'),
	(2837, 'RHS585', '', 13, b'0', '2019-12-03 00:00:00'),
	(2838, 'UHH852', '', 13, b'0', '2019-12-03 00:00:00'),
	(2839, 'RRQ659', '', 13, b'0', '2019-12-03 00:00:00'),
	(2840, 'UGJ655', '', 13, b'0', '2019-12-03 00:00:00'),
	(2841, 'SBT286', '', 13, b'0', '2019-12-03 00:00:00'),
	(2842, 'TBX878', '', 13, b'0', '2019-12-03 00:00:00'),
	(2843, 'BPY743', '', 13, b'0', '2019-12-03 00:00:00'),
	(2844, 'AQW574', '', 13, b'0', '2019-12-03 00:00:00'),
	(2845, 'XQF569', '', 13, b'0', '2019-12-03 00:00:00'),
	(2846, 'RNQ684', '', 13, b'0', '2019-12-03 00:00:00'),
	(2847, 'XAV962', '', 13, b'0', '2019-12-03 00:00:00'),
	(2848, 'DKJ694', '', 13, b'0', '2019-12-03 00:00:00'),
	(2849, 'VUW377', '', 13, b'0', '2019-12-03 00:00:00'),
	(2850, 'ZZA936', '', 13, b'0', '2019-12-03 00:00:00'),
	(2851, 'CPE248', '', 13, b'0', '2019-12-03 00:00:00'),
	(2852, 'KHA447', '', 13, b'0', '2019-12-03 00:00:00'),
	(2853, 'CJC664', '', 13, b'0', '2019-12-03 00:00:00'),
	(2854, 'TRN334', '', 13, b'0', '2019-12-03 00:00:00'),
	(2855, 'BZU723', '', 13, b'0', '2019-12-03 00:00:00'),
	(2856, 'WJR754', '', 13, b'0', '2019-12-03 00:00:00'),
	(2857, 'XNK857', '', 13, b'0', '2019-12-03 00:00:00'),
	(2858, 'SYX465', '', 13, b'0', '2019-12-03 00:00:00'),
	(2859, 'RRC726', '', 13, b'0', '2019-12-03 00:00:00'),
	(2860, 'KJV425', '', 13, b'0', '2019-12-03 00:00:00'),
	(2861, 'KET538', '', 13, b'0', '2019-12-03 00:00:00'),
	(2862, 'CTT965', '', 13, b'0', '2019-12-03 00:00:00'),
	(2863, 'QUN538', '', 13, b'0', '2019-12-03 00:00:00'),
	(2864, 'VPJ599', '', 13, b'0', '2019-12-03 00:00:00'),
	(2865, 'XGB468', '', 13, b'0', '2019-12-03 00:00:00'),
	(2866, 'TNM328', '', 13, b'0', '2019-12-03 00:00:00'),
	(2867, 'TZW353', '', 13, b'0', '2019-12-03 00:00:00'),
	(2868, 'BQQ879', '', 13, b'0', '2019-12-03 00:00:00'),
	(2869, 'TFH876', '', 13, b'0', '2019-12-03 00:00:00'),
	(2870, 'ZFE726', '', 13, b'0', '2019-12-03 00:00:00'),
	(2871, 'QZC896', '', 13, b'0', '2019-12-03 00:00:00'),
	(2872, 'VMP478', '', 13, b'0', '2019-12-03 00:00:00'),
	(2873, 'CRG743', '', 13, b'0', '2019-12-03 00:00:00'),
	(2874, 'VEG572', '', 13, b'0', '2019-12-03 00:00:00'),
	(2875, 'FFR939', '', 13, b'0', '2019-12-03 00:00:00'),
	(2876, 'ENU624', '', 13, b'0', '2019-12-03 00:00:00'),
	(2877, 'BHX856', '', 13, b'0', '2019-12-03 00:00:00'),
	(2878, 'PQJ947', '', 13, b'0', '2019-12-03 00:00:00'),
	(2879, 'GWH747', '', 13, b'0', '2019-12-03 00:00:00'),
	(2880, 'MXG764', '', 13, b'0', '2019-12-03 00:00:00'),
	(2881, 'KTW698', '', 13, b'0', '2019-12-03 00:00:00'),
	(2882, 'WFN223', '', 13, b'0', '2019-12-03 00:00:00'),
	(2883, 'FVR325', '', 13, b'0', '2019-12-03 00:00:00'),
	(2884, 'EDZ752', '', 13, b'0', '2019-12-03 00:00:00'),
	(2885, 'JVU696', '', 13, b'0', '2019-12-03 00:00:00'),
	(2886, 'HSK886', '', 13, b'0', '2019-12-03 00:00:00'),
	(2887, 'ZQV298', '', 13, b'0', '2019-12-03 00:00:00'),
	(2888, 'JAA844', '', 13, b'0', '2019-12-03 00:00:00'),
	(2889, 'UXP458', '', 13, b'0', '2019-12-03 00:00:00'),
	(2890, 'ZDS648', '', 13, b'0', '2019-12-03 00:00:00'),
	(2891, 'CDE295', '', 13, b'0', '2019-12-03 00:00:00'),
	(2892, 'YUE836', '', 13, b'0', '2019-12-03 00:00:00'),
	(2893, 'MXF827', '', 13, b'0', '2019-12-03 00:00:00'),
	(2894, 'DAM746', '', 13, b'0', '2019-12-03 00:00:00'),
	(2895, 'VBF776', '', 13, b'0', '2019-12-03 00:00:00'),
	(2896, 'RSE693', '', 13, b'0', '2019-12-03 00:00:00'),
	(2897, 'UCZ874', '', 13, b'0', '2019-12-03 00:00:00'),
	(2898, 'JKH289', '', 13, b'0', '2019-12-03 00:00:00'),
	(2899, 'GFZ836', '', 13, b'0', '2019-12-03 00:00:00'),
	(2900, 'VUE347', '', 13, b'0', '2019-12-03 00:00:00'),
	(2901, 'AUY869', '', 13, b'0', '2019-12-03 00:00:00'),
	(2902, 'DBX326', '', 13, b'0', '2019-12-03 00:00:00'),
	(2903, 'FKD695', '', 13, b'0', '2019-12-03 00:00:00'),
	(2904, 'TTF283', '', 13, b'0', '2019-12-03 00:00:00'),
	(2905, 'FGH277', '', 13, b'0', '2019-12-03 00:00:00'),
	(2906, 'AQX633', '', 13, b'0', '2019-12-03 00:00:00'),
	(2907, 'EVX866', '', 13, b'0', '2019-12-03 00:00:00'),
	(2908, 'VEH883', '', 13, b'0', '2019-12-03 00:00:00'),
	(2909, 'XMN957', '', 13, b'0', '2019-12-03 00:00:00'),
	(2910, 'NQD537', '', 13, b'0', '2019-12-03 00:00:00'),
	(2911, 'TUN979', '', 13, b'0', '2019-12-03 00:00:00'),
	(2912, 'RUJ388', '', 13, b'0', '2019-12-03 00:00:00'),
	(2913, 'VRE232', '', 13, b'0', '2019-12-03 00:00:00'),
	(2914, 'QVR688', '', 13, b'0', '2019-12-03 00:00:00'),
	(2915, 'WHR725', '', 13, b'0', '2019-12-03 00:00:00'),
	(2916, 'QNU423', '', 13, b'0', '2019-12-03 00:00:00'),
	(2917, 'JTG885', '', 13, b'0', '2019-12-03 00:00:00'),
	(2918, 'ANE787', '', 13, b'0', '2019-12-03 00:00:00'),
	(2919, 'YZT787', '', 13, b'0', '2019-12-03 00:00:00'),
	(2920, 'QEX532', '', 13, b'0', '2019-12-03 00:00:00'),
	(2921, 'HAD278', '', 13, b'0', '2019-12-03 00:00:00'),
	(2922, 'WCM482', '', 13, b'0', '2019-12-03 00:00:00'),
	(2923, 'QJU292', '', 13, b'0', '2019-12-03 00:00:00'),
	(2924, 'VED528', '', 13, b'0', '2019-12-03 00:00:00'),
	(2925, 'FMC362', '', 13, b'0', '2019-12-03 00:00:00'),
	(2926, 'WEP969', '', 13, b'0', '2019-12-03 00:00:00'),
	(2927, 'NNG687', '', 13, b'0', '2019-12-03 00:00:00'),
	(2928, 'DUD874', '', 13, b'0', '2019-12-03 00:00:00'),
	(2929, 'RDJ648', '', 13, b'0', '2019-12-03 00:00:00'),
	(2930, 'EHF466', '', 13, b'0', '2019-12-03 00:00:00'),
	(2931, 'QTJ982', '', 13, b'0', '2019-12-03 00:00:00'),
	(2932, 'RVV754', '', 13, b'0', '2019-12-03 00:00:00'),
	(2933, 'CRF638', '', 13, b'0', '2019-12-03 00:00:00'),
	(2934, 'SQR967', '', 13, b'0', '2019-12-03 00:00:00'),
	(2935, 'WHA892', '', 13, b'0', '2019-12-03 00:00:00'),
	(2936, 'EFX244', '', 13, b'0', '2019-12-03 00:00:00'),
	(2937, 'JKV459', '', 13, b'0', '2019-12-03 00:00:00'),
	(2938, 'NGV746', '', 13, b'0', '2019-12-03 00:00:00'),
	(2939, 'EJJ727', '', 13, b'0', '2019-12-03 00:00:00'),
	(2940, 'MZW995', '', 13, b'0', '2019-12-03 00:00:00'),
	(2941, 'MFV797', '', 13, b'0', '2019-12-03 00:00:00'),
	(2942, 'WYU779', '', 13, b'0', '2019-12-03 00:00:00'),
	(2943, 'GRM444', '', 13, b'0', '2019-12-03 00:00:00'),
	(2944, 'DMG486', '', 13, b'0', '2019-12-03 00:00:00'),
	(2945, 'KHP997', '', 13, b'0', '2019-12-03 00:00:00'),
	(2946, 'RJQ872', '', 13, b'0', '2019-12-03 00:00:00'),
	(2947, 'JTU695', '', 13, b'0', '2019-12-03 00:00:00'),
	(2948, 'GCY379', '', 13, b'0', '2019-12-03 00:00:00'),
	(2949, 'QVB642', '', 13, b'0', '2019-12-03 00:00:00'),
	(2950, 'DAB372', '', 13, b'0', '2019-12-03 00:00:00'),
	(2951, 'FCA973', '', 13, b'0', '2019-12-03 00:00:00'),
	(2952, 'MKF353', '', 13, b'0', '2019-12-03 00:00:00'),
	(2953, 'MYP978', '', 13, b'0', '2019-12-03 00:00:00'),
	(2954, 'MKN947', '', 13, b'0', '2019-12-03 00:00:00'),
	(2955, 'EHQ337', '', 13, b'0', '2019-12-03 00:00:00'),
	(2956, 'BDR459', '', 13, b'0', '2019-12-03 00:00:00'),
	(2957, 'NKD244', '', 13, b'0', '2019-12-03 00:00:00'),
	(2958, 'JQY827', '', 13, b'0', '2019-12-03 00:00:00'),
	(2959, 'DJA895', '', 13, b'0', '2019-12-03 00:00:00'),
	(2960, 'WUY728', '', 13, b'0', '2019-12-03 00:00:00'),
	(2961, 'DUT865', '', 13, b'0', '2019-12-03 00:00:00'),
	(2962, 'SXX347', '', 13, b'0', '2019-12-03 00:00:00'),
	(2963, 'WHQ225', '', 13, b'0', '2019-12-03 00:00:00'),
	(2964, 'EZA255', '', 13, b'0', '2019-12-03 00:00:00'),
	(2965, 'QVD975', '', 13, b'0', '2019-12-03 00:00:00'),
	(2966, 'HUJ875', '', 13, b'0', '2019-12-03 00:00:00'),
	(2967, 'XUR372', '', 13, b'0', '2019-12-03 00:00:00'),
	(2968, 'EKS847', '', 13, b'0', '2019-12-03 00:00:00'),
	(2969, 'ZFA577', '', 13, b'0', '2019-12-03 00:00:00'),
	(2970, 'UNB258', '', 13, b'0', '2019-12-03 00:00:00'),
	(2971, 'YPF659', '', 13, b'0', '2019-12-03 00:00:00'),
	(2972, 'JFR489', '', 13, b'0', '2019-12-03 00:00:00'),
	(2973, 'NWJ622', '', 13, b'0', '2019-12-03 00:00:00'),
	(2974, 'QRX659', '', 13, b'0', '2019-12-03 00:00:00'),
	(2975, 'WNP479', '', 13, b'0', '2019-12-03 00:00:00'),
	(2976, 'WXH686', '', 13, b'0', '2019-12-03 00:00:00'),
	(2977, 'JHB339', '', 13, b'0', '2019-12-03 00:00:00'),
	(2978, 'HEF664', '', 13, b'0', '2019-12-03 00:00:00'),
	(2979, 'YMU572', '', 13, b'0', '2019-12-03 00:00:00'),
	(2980, 'ECT789', '', 13, b'0', '2019-12-03 00:00:00'),
	(2981, 'ZNM575', '', 13, b'0', '2019-12-03 00:00:00'),
	(2982, 'YXG574', '', 13, b'0', '2019-12-03 00:00:00'),
	(2983, 'VTE929', '', 13, b'0', '2019-12-03 00:00:00'),
	(2984, 'QUV348', '', 13, b'0', '2019-12-03 00:00:00'),
	(2985, 'YNU957', '', 13, b'0', '2019-12-03 00:00:00'),
	(2986, 'GFE757', '', 13, b'0', '2019-12-03 00:00:00'),
	(2987, 'SWN268', '', 13, b'0', '2019-12-03 00:00:00'),
	(2988, 'XBV855', '', 13, b'0', '2019-12-03 00:00:00'),
	(2989, 'TGH934', '', 13, b'0', '2019-12-03 00:00:00'),
	(2990, 'VQG994', '', 13, b'0', '2019-12-03 00:00:00'),
	(2991, 'QHE865', '', 13, b'0', '2019-12-03 00:00:00'),
	(2992, 'DWU783', '', 13, b'0', '2019-12-03 00:00:00'),
	(2993, 'MEK957', '', 13, b'0', '2019-12-03 00:00:00'),
	(2994, 'TFN763', '', 13, b'0', '2019-12-03 00:00:00'),
	(2995, 'RQW784', '', 13, b'0', '2019-12-03 00:00:00'),
	(2996, 'SAU653', '', 13, b'0', '2019-12-03 00:00:00'),
	(2997, 'XNH672', '', 13, b'0', '2019-12-03 00:00:00'),
	(2998, 'DBX757', '', 13, b'0', '2019-12-03 00:00:00'),
	(2999, 'NQS637', '', 13, b'0', '2019-12-03 00:00:00'),
	(3000, 'SZQ536', '', 13, b'0', '2019-12-03 00:00:00'),
	(3001, 'MZN586', '', 13, b'0', '2019-12-03 00:00:00'),
	(3002, 'CPJ547', '', 13, b'0', '2019-12-03 00:00:00'),
	(3003, 'KMM737', '', 13, b'0', '2019-12-03 00:00:00'),
	(3004, 'MPH324', '', 13, b'0', '2019-12-03 00:00:00'),
	(3005, 'KBB762', '', 13, b'0', '2019-12-03 00:00:00'),
	(3006, 'MEQ792', '', 13, b'0', '2019-12-03 00:00:00'),
	(3007, 'TNJ226', '', 13, b'0', '2019-12-03 00:00:00'),
	(3008, 'RSF672', '', 13, b'0', '2019-12-03 00:00:00'),
	(3009, 'SHT747', '', 13, b'0', '2019-12-03 00:00:00'),
	(3010, 'MFC988', '', 13, b'0', '2019-12-03 00:00:00'),
	(3011, 'XWA765', '', 13, b'0', '2019-12-03 00:00:00'),
	(3012, 'UFJ284', '', 13, b'0', '2019-12-03 00:00:00'),
	(3013, 'FQZ436', '', 13, b'0', '2019-12-03 00:00:00'),
	(3014, 'MKN768', '', 13, b'0', '2019-12-03 00:00:00'),
	(3015, 'RXU252', '', 13, b'0', '2019-12-03 00:00:00'),
	(3016, 'FUK764', '', 13, b'0', '2019-12-03 00:00:00'),
	(3017, 'SVJ224', '', 13, b'0', '2019-12-03 00:00:00'),
	(3018, 'VCP636', '', 13, b'0', '2019-12-03 00:00:00'),
	(3019, 'WRD338', '', 13, b'0', '2019-12-03 00:00:00'),
	(3020, 'YXE533', '', 13, b'0', '2019-12-03 00:00:00'),
	(3021, 'NKU427', '', 13, b'0', '2019-12-03 00:00:00'),
	(3022, 'PKR364', '', 13, b'0', '2019-12-03 00:00:00'),
	(3023, 'PWY856', '', 13, b'0', '2019-12-03 00:00:00'),
	(3024, 'VQD972', '', 13, b'0', '2019-12-03 00:00:00'),
	(3025, 'QSK788', '', 13, b'0', '2019-12-03 00:00:00'),
	(3026, 'EXE636', '', 13, b'0', '2019-12-03 00:00:00'),
	(3027, 'XVY958', '', 13, b'0', '2019-12-03 00:00:00'),
	(3028, 'VWV569', '', 13, b'0', '2019-12-03 00:00:00'),
	(3029, 'HWY823', '', 13, b'0', '2019-12-03 00:00:00'),
	(3030, 'NCC825', '', 13, b'0', '2019-12-03 00:00:00'),
	(3031, 'STZ425', '', 13, b'0', '2019-12-03 00:00:00'),
	(3032, 'JPW776', '', 13, b'0', '2019-12-03 00:00:00'),
	(3033, 'GPK677', '', 13, b'0', '2019-12-03 00:00:00'),
	(3034, 'NFU846', '', 13, b'0', '2019-12-03 00:00:00'),
	(3035, 'KWP452', '', 13, b'0', '2019-12-03 00:00:00'),
	(3036, 'EVX976', '', 13, b'0', '2019-12-03 00:00:00'),
	(3037, 'PPX543', '', 13, b'0', '2019-12-03 00:00:00'),
	(3038, 'VHE896', '', 13, b'0', '2019-12-03 00:00:00'),
	(3039, 'GKF864', '', 13, b'0', '2019-12-03 00:00:00'),
	(3040, 'WFH867', '', 13, b'0', '2019-12-03 00:00:00'),
	(3041, 'NKA663', '', 13, b'0', '2019-12-03 00:00:00'),
	(3042, 'REX378', '', 13, b'0', '2019-12-03 00:00:00'),
	(3043, 'EXX343', '', 13, b'0', '2019-12-03 00:00:00'),
	(3044, 'URZ692', '', 13, b'0', '2019-12-03 00:00:00'),
	(3045, 'PYW486', '', 13, b'0', '2019-12-03 00:00:00'),
	(3046, 'NQP593', '', 13, b'0', '2019-12-03 00:00:00'),
	(3047, 'SPP622', '', 13, b'0', '2019-12-03 00:00:00'),
	(3048, 'EVC576', '', 13, b'0', '2019-12-03 00:00:00'),
	(3049, 'UGQ663', '', 13, b'0', '2019-12-03 00:00:00'),
	(3050, 'GQV524', '', 13, b'0', '2019-12-03 00:00:00'),
	(3051, 'SZD395', '', 13, b'0', '2019-12-03 00:00:00'),
	(3052, 'QSY685', '', 13, b'0', '2019-12-03 00:00:00'),
	(3053, 'TCY927', '', 13, b'0', '2019-12-03 00:00:00'),
	(3054, 'DRB268', '', 13, b'0', '2019-12-03 00:00:00'),
	(3055, 'PZQ838', '', 13, b'0', '2019-12-03 00:00:00'),
	(3056, 'SVX735', '', 13, b'0', '2019-12-03 00:00:00'),
	(3057, 'ATP348', '', 13, b'0', '2019-12-03 00:00:00'),
	(3058, 'TXS542', '', 13, b'0', '2019-12-03 00:00:00'),
	(3059, 'RWR395', '', 13, b'0', '2019-12-03 00:00:00'),
	(3060, 'NAK468', '', 13, b'0', '2019-12-03 00:00:00'),
	(3061, 'RTV939', '', 13, b'0', '2019-12-03 00:00:00'),
	(3062, 'XZY369', '', 13, b'0', '2019-12-03 00:00:00'),
	(3063, 'YAT376', '', 13, b'0', '2019-12-03 00:00:00'),
	(3064, 'NFW556', '', 13, b'0', '2019-12-03 00:00:00'),
	(3065, 'GUV865', '', 13, b'0', '2019-12-03 00:00:00'),
	(3066, 'AHX367', '', 13, b'0', '2019-12-03 00:00:00'),
	(3067, 'RHD688', '', 13, b'0', '2019-12-03 00:00:00'),
	(3068, 'KAC728', '', 13, b'0', '2019-12-03 00:00:00'),
	(3069, 'TXN673', '', 13, b'0', '2019-12-03 00:00:00'),
	(3070, 'PDH794', '', 13, b'0', '2019-12-03 00:00:00'),
	(3071, 'JXM398', '', 13, b'0', '2019-12-03 00:00:00'),
	(3072, 'WRM588', '', 13, b'0', '2019-12-03 00:00:00'),
	(3073, 'CJE865', '', 13, b'0', '2019-12-03 00:00:00'),
	(3074, 'NAE439', '', 13, b'0', '2019-12-03 00:00:00'),
	(3075, 'QUM339', '', 13, b'0', '2019-12-03 00:00:00'),
	(3076, 'NMV337', '', 13, b'0', '2019-12-03 00:00:00'),
	(3077, 'VHB996', '', 13, b'0', '2019-12-03 00:00:00'),
	(3078, 'UGE227', '', 13, b'0', '2019-12-03 00:00:00'),
	(3079, 'ABX932', '', 13, b'0', '2019-12-03 00:00:00'),
	(3080, 'WQH335', '', 13, b'0', '2019-12-03 00:00:00'),
	(3081, 'YUC385', '', 13, b'0', '2019-12-03 00:00:00'),
	(3082, 'XMU577', '', 13, b'0', '2019-12-03 00:00:00'),
	(3083, 'DNG258', '', 13, b'0', '2019-12-03 00:00:00'),
	(3084, 'SZZ643', '', 13, b'0', '2019-12-03 00:00:00'),
	(3085, 'BKT749', '', 13, b'0', '2019-12-03 00:00:00'),
	(3086, 'NTV667', '', 13, b'0', '2019-12-03 00:00:00'),
	(3087, 'NKE266', '', 13, b'0', '2019-12-03 00:00:00'),
	(3088, 'DCD249', '', 13, b'0', '2019-12-03 00:00:00'),
	(3089, 'JNT496', '', 13, b'0', '2019-12-03 00:00:00'),
	(3090, 'UWC342', '', 13, b'0', '2019-12-03 00:00:00'),
	(3091, 'MUS533', '', 13, b'0', '2019-12-03 00:00:00'),
	(3092, 'YZC794', '', 13, b'0', '2019-12-03 00:00:00'),
	(3093, 'MCU379', '', 13, b'0', '2019-12-03 00:00:00'),
	(3094, 'XGM389', '', 13, b'0', '2019-12-03 00:00:00'),
	(3095, 'QSB644', '', 13, b'0', '2019-12-03 00:00:00'),
	(3096, 'NQX829', '', 13, b'0', '2019-12-03 00:00:00'),
	(3097, 'KMT886', '', 13, b'0', '2019-12-03 00:00:00'),
	(3098, 'FHS998', '', 13, b'0', '2019-12-03 00:00:00'),
	(3099, 'RJP829', '', 13, b'0', '2019-12-03 00:00:00'),
	(3100, 'RDE593', '', 13, b'0', '2019-12-03 00:00:00'),
	(3101, 'BSW786', '', 13, b'0', '2019-12-03 00:00:00'),
	(3102, 'ENZ743', '', 13, b'0', '2019-12-03 00:00:00'),
	(3103, 'GMW559', '', 13, b'0', '2019-12-03 00:00:00'),
	(3104, 'DAM729', '', 13, b'0', '2019-12-03 00:00:00'),
	(3105, 'DUN642', '', 13, b'0', '2019-12-03 00:00:00'),
	(3106, 'SQD479', '', 13, b'0', '2019-12-03 00:00:00'),
	(3107, 'UER673', '', 13, b'0', '2019-12-03 00:00:00'),
	(3108, 'UXA655', '', 13, b'0', '2019-12-03 00:00:00'),
	(3109, 'KQJ267', '', 13, b'0', '2019-12-03 00:00:00'),
	(3110, 'DEB825', '', 13, b'0', '2019-12-03 00:00:00'),
	(3111, 'HFC784', '', 13, b'0', '2019-12-03 00:00:00'),
	(3112, 'BXZ632', '', 13, b'0', '2019-12-03 00:00:00'),
	(3113, 'UBK685', '', 13, b'0', '2019-12-03 00:00:00'),
	(3114, 'ZNR745', '', 13, b'0', '2019-12-03 00:00:00'),
	(3115, 'GSS563', '', 13, b'0', '2019-12-03 00:00:00'),
	(3116, 'BGF932', '', 13, b'0', '2019-12-03 00:00:00'),
	(3117, 'RSQ464', '', 13, b'0', '2019-12-03 00:00:00'),
	(3118, 'AAC645', '', 13, b'0', '2019-12-03 00:00:00'),
	(3119, 'DUX348', '', 13, b'0', '2019-12-03 00:00:00'),
	(3120, 'GDN322', '', 13, b'0', '2019-12-03 00:00:00'),
	(3121, 'QCE853', '', 13, b'0', '2019-12-03 00:00:00'),
	(3122, 'KCV784', '', 13, b'0', '2019-12-03 00:00:00'),
	(3123, 'MMQ497', '', 13, b'0', '2019-12-03 00:00:00'),
	(3124, 'QRB355', '', 13, b'0', '2019-12-03 00:00:00'),
	(3125, 'WXF867', '', 13, b'0', '2019-12-03 00:00:00'),
	(3126, 'FFQ758', '', 13, b'0', '2019-12-03 00:00:00'),
	(3127, 'VMB548', '', 13, b'0', '2019-12-03 00:00:00'),
	(3128, 'KHB734', '', 13, b'0', '2019-12-03 00:00:00'),
	(3129, 'CMF597', '', 13, b'0', '2019-12-03 00:00:00'),
	(3130, 'BNX456', '', 13, b'0', '2019-12-03 00:00:00'),
	(3131, 'CEP569', '', 13, b'0', '2019-12-03 00:00:00'),
	(3132, 'BKC574', '', 13, b'0', '2019-12-03 00:00:00'),
	(3133, 'UQA588', '', 13, b'0', '2019-12-03 00:00:00'),
	(3134, 'VBT834', '', 13, b'0', '2019-12-03 00:00:00'),
	(3135, 'BHS366', '', 13, b'0', '2019-12-03 00:00:00'),
	(3136, 'ASJ487', '', 13, b'0', '2019-12-03 00:00:00'),
	(3137, 'JDH685', '', 13, b'0', '2019-12-03 00:00:00'),
	(3138, 'PQA367', '', 13, b'0', '2019-12-03 00:00:00'),
	(3139, 'EAF472', '', 13, b'0', '2019-12-03 00:00:00'),
	(3140, 'ADQ896', '', 13, b'0', '2019-12-03 00:00:00'),
	(3141, 'HNR426', '', 13, b'0', '2019-12-03 00:00:00'),
	(3142, 'ZKE898', '', 13, b'0', '2019-12-03 00:00:00'),
	(3143, 'DGQ827', '', 13, b'0', '2019-12-03 00:00:00'),
	(3144, 'QUH653', '', 13, b'0', '2019-12-03 00:00:00'),
	(3145, 'EAS488', '', 13, b'0', '2019-12-03 00:00:00'),
	(3146, 'UJM699', '', 13, b'0', '2019-12-03 00:00:00'),
	(3147, 'KZD479', '', 13, b'0', '2019-12-03 00:00:00'),
	(3148, 'QYR282', '', 13, b'0', '2019-12-03 00:00:00'),
	(3149, 'YQC856', '', 13, b'0', '2019-12-03 00:00:00'),
	(3150, 'WZM676', '', 13, b'0', '2019-12-03 00:00:00'),
	(3151, 'ZDM865', '', 13, b'0', '2019-12-03 00:00:00'),
	(3152, 'UPB685', '', 13, b'0', '2019-12-03 00:00:00'),
	(3153, 'KHG754', '', 13, b'0', '2019-12-03 00:00:00'),
	(3154, 'BBU978', '', 13, b'0', '2019-12-03 00:00:00'),
	(3155, 'JAF572', '', 13, b'0', '2019-12-03 00:00:00'),
	(3156, 'YPC929', '', 13, b'0', '2019-12-03 00:00:00'),
	(3157, 'NZB925', '', 13, b'0', '2019-12-03 00:00:00'),
	(3158, 'RKB226', '', 13, b'0', '2019-12-03 00:00:00'),
	(3159, 'CSG386', '', 13, b'0', '2019-12-03 00:00:00'),
	(3160, 'MGP777', '', 13, b'0', '2019-12-03 00:00:00'),
	(3161, 'MFA357', '', 13, b'0', '2019-12-03 00:00:00'),
	(3162, 'SRE748', '', 13, b'0', '2019-12-03 00:00:00'),
	(3163, 'GUS539', '', 13, b'0', '2019-12-03 00:00:00'),
	(3164, 'EHC999', '', 13, b'0', '2019-12-03 00:00:00'),
	(3165, 'QTY745', '', 13, b'0', '2019-12-03 00:00:00'),
	(3166, 'XKQ385', '', 13, b'0', '2019-12-03 00:00:00'),
	(3167, 'EZS962', '', 13, b'0', '2019-12-03 00:00:00'),
	(3168, 'PKN654', '', 13, b'0', '2019-12-03 00:00:00'),
	(3169, 'EBH853', '', 13, b'0', '2019-12-03 00:00:00'),
	(3170, 'GCU957', '', 13, b'0', '2019-12-03 00:00:00'),
	(3171, 'CQK732', '', 13, b'0', '2019-12-03 00:00:00'),
	(3172, 'PYU532', '', 13, b'0', '2019-12-03 00:00:00'),
	(3173, 'ADU879', '', 13, b'0', '2019-12-03 00:00:00'),
	(3174, 'GEB895', '', 13, b'0', '2019-12-03 00:00:00'),
	(3175, 'HKD562', '', 13, b'0', '2019-12-03 00:00:00'),
	(3176, 'JXK678', '', 13, b'0', '2019-12-03 00:00:00'),
	(3177, 'YVG735', '', 13, b'0', '2019-12-03 00:00:00'),
	(3178, 'TUJ845', '', 13, b'0', '2019-12-03 00:00:00'),
	(3179, 'AGP526', '', 13, b'0', '2019-12-03 00:00:00'),
	(3180, 'FGY423', '', 13, b'0', '2019-12-03 00:00:00'),
	(3181, 'HVZ583', '', 13, b'0', '2019-12-03 00:00:00'),
	(3182, 'GAZ337', '', 13, b'0', '2019-12-03 00:00:00'),
	(3183, 'ZWW245', '', 13, b'0', '2019-12-03 00:00:00'),
	(3184, 'MWJ785', '', 13, b'0', '2019-12-03 00:00:00'),
	(3185, 'EEB783', '', 13, b'0', '2019-12-03 00:00:00'),
	(3186, 'EGP683', '', 13, b'0', '2019-12-03 00:00:00'),
	(3187, 'FVP833', '', 13, b'0', '2019-12-03 00:00:00'),
	(3188, 'UWT686', '', 13, b'0', '2019-12-03 00:00:00'),
	(3189, 'TNW686', '', 13, b'0', '2019-12-03 00:00:00'),
	(3190, 'BZJ447', '', 13, b'0', '2019-12-03 00:00:00'),
	(3191, 'MCS236', '', 13, b'0', '2019-12-03 00:00:00'),
	(3192, 'PCH956', '', 13, b'0', '2019-12-03 00:00:00'),
	(3193, 'NHG693', '', 13, b'0', '2019-12-03 00:00:00'),
	(3194, 'DPG783', '', 13, b'0', '2019-12-03 00:00:00'),
	(3195, 'SXJ844', '', 13, b'0', '2019-12-03 00:00:00'),
	(3196, 'UUH639', '', 13, b'0', '2019-12-03 00:00:00'),
	(3197, 'UFP498', '', 13, b'0', '2019-12-03 00:00:00'),
	(3198, 'KWH685', '', 13, b'0', '2019-12-03 00:00:00'),
	(3199, 'HDQ776', '', 13, b'0', '2019-12-03 00:00:00'),
	(3200, 'XMU648', '', 13, b'0', '2019-12-03 00:00:00'),
	(3201, 'CXW967', '', 13, b'0', '2019-12-03 00:00:00'),
	(3202, 'TVT392', '', 13, b'0', '2019-12-03 00:00:00'),
	(3203, 'BZN492', '', 13, b'0', '2019-12-03 00:00:00'),
	(3204, 'PQT563', '', 13, b'0', '2019-12-03 00:00:00'),
	(3205, 'YUT853', '', 13, b'0', '2019-12-03 00:00:00'),
	(3206, 'QBV959', '', 13, b'0', '2019-12-03 00:00:00'),
	(3207, 'TCA468', '', 13, b'0', '2019-12-03 00:00:00'),
	(3208, 'FNB865', '', 13, b'0', '2019-12-03 00:00:00'),
	(3209, 'HQY775', '', 13, b'0', '2019-12-03 00:00:00'),
	(3210, 'WYS698', '', 13, b'0', '2019-12-03 00:00:00'),
	(3211, 'TVV686', '', 13, b'0', '2019-12-03 00:00:00'),
	(3212, 'JCM446', '', 13, b'0', '2019-12-03 00:00:00'),
	(3213, 'JPG544', '', 13, b'0', '2019-12-03 00:00:00'),
	(3214, 'KFN855', '', 13, b'0', '2019-12-03 00:00:00'),
	(3215, 'YAE223', '', 13, b'0', '2019-12-03 00:00:00'),
	(3216, 'MFN568', '', 13, b'0', '2019-12-03 00:00:00'),
	(3217, 'MXP434', '', 13, b'0', '2019-12-03 00:00:00'),
	(3218, 'EBZ658', '', 13, b'0', '2019-12-03 00:00:00'),
	(3219, 'FQY963', '', 13, b'0', '2019-12-03 00:00:00'),
	(3220, 'NGD549', '', 13, b'0', '2019-12-03 00:00:00'),
	(3221, 'TFN234', '', 13, b'0', '2019-12-03 00:00:00'),
	(3222, 'RUX562', '', 13, b'0', '2019-12-03 00:00:00'),
	(3223, 'SAF439', '', 13, b'0', '2019-12-03 00:00:00'),
	(3224, 'THT496', '', 13, b'0', '2019-12-03 00:00:00'),
	(3225, 'MZZ695', '', 13, b'0', '2019-12-03 00:00:00'),
	(3226, 'SPG262', '', 13, b'0', '2019-12-03 00:00:00'),
	(3227, 'JWT564', '', 13, b'0', '2019-12-03 00:00:00'),
	(3228, 'HQN854', '', 13, b'0', '2019-12-03 00:00:00'),
	(3229, 'XGJ724', '', 13, b'0', '2019-12-03 00:00:00'),
	(3230, 'NDE349', '', 13, b'0', '2019-12-03 00:00:00'),
	(3231, 'EMN672', '', 13, b'0', '2019-12-03 00:00:00'),
	(3232, 'THN832', '', 13, b'0', '2019-12-03 00:00:00'),
	(3233, 'DAM329', '', 13, b'0', '2019-12-03 00:00:00'),
	(3234, 'DVE572', '', 13, b'0', '2019-12-03 00:00:00'),
	(3235, 'RMF926', '', 13, b'0', '2019-12-03 00:00:00'),
	(3236, 'UGC394', '', 13, b'0', '2019-12-03 00:00:00'),
	(3237, 'YXM952', '', 13, b'0', '2019-12-03 00:00:00'),
	(3238, 'TRS927', '', 13, b'0', '2019-12-03 00:00:00'),
	(3239, 'ZKY493', '', 13, b'0', '2019-12-03 00:00:00'),
	(3240, 'GCF526', '', 13, b'0', '2019-12-03 00:00:00'),
	(3241, 'URM852', '', 13, b'0', '2019-12-03 00:00:00'),
	(3242, 'ZZT544', '', 13, b'0', '2019-12-03 00:00:00'),
	(3243, 'ZAX663', '', 13, b'0', '2019-12-03 00:00:00'),
	(3244, 'SNU843', '', 13, b'0', '2019-12-03 00:00:00'),
	(3245, 'BCT936', '', 13, b'0', '2019-12-03 00:00:00'),
	(3246, 'ZSV298', '', 13, b'0', '2019-12-03 00:00:00'),
	(3247, 'EYV459', '', 13, b'0', '2019-12-03 00:00:00'),
	(3248, 'HCN528', '', 13, b'0', '2019-12-03 00:00:00'),
	(3249, 'GNK368', '', 13, b'0', '2019-12-03 00:00:00'),
	(3250, 'VKP828', '', 13, b'0', '2019-12-03 00:00:00'),
	(3251, 'BGB995', '', 13, b'0', '2019-12-03 00:00:00'),
	(3252, 'WFE467', '', 13, b'0', '2019-12-03 00:00:00'),
	(3253, 'JMY327', '', 13, b'0', '2019-12-03 00:00:00'),
	(3254, 'GKH839', '', 13, b'0', '2019-12-03 00:00:00'),
	(3255, 'HYN453', '', 13, b'0', '2019-12-03 00:00:00'),
	(3256, 'YMA525', '', 13, b'0', '2019-12-03 00:00:00'),
	(3257, 'PGB653', '', 13, b'0', '2019-12-03 00:00:00'),
	(3258, 'UUX857', '', 13, b'0', '2019-12-03 00:00:00'),
	(3259, 'ZKW464', '', 13, b'0', '2019-12-03 00:00:00'),
	(3260, 'QPV357', '', 13, b'0', '2019-12-03 00:00:00'),
	(3261, 'KTK349', '', 13, b'0', '2019-12-03 00:00:00'),
	(3262, 'JGF447', '', 13, b'0', '2019-12-03 00:00:00'),
	(3263, 'HCU899', '', 13, b'0', '2019-12-03 00:00:00'),
	(3264, 'MXF265', '', 13, b'0', '2019-12-03 00:00:00'),
	(3265, 'YUV685', '', 13, b'0', '2019-12-03 00:00:00'),
	(3266, 'GVZ627', '', 13, b'0', '2019-12-03 00:00:00'),
	(3267, 'PDS799', '', 13, b'0', '2019-12-03 00:00:00'),
	(3268, 'CCZ948', '', 13, b'0', '2019-12-03 00:00:00'),
	(3269, 'RHN459', '', 13, b'0', '2019-12-03 00:00:00'),
	(3270, 'TBF944', '', 13, b'0', '2019-12-03 00:00:00'),
	(3271, 'WXR987', '', 13, b'0', '2019-12-03 00:00:00'),
	(3272, 'YKN444', '', 13, b'0', '2019-12-03 00:00:00'),
	(3273, 'GYN554', '', 13, b'0', '2019-12-03 00:00:00'),
	(3274, 'SSN327', '', 13, b'0', '2019-12-03 00:00:00'),
	(3275, 'QEQ925', '', 13, b'0', '2019-12-03 00:00:00'),
	(3276, 'ZDC934', '', 13, b'0', '2019-12-03 00:00:00'),
	(3277, 'VQW962', '', 13, b'0', '2019-12-03 00:00:00'),
	(3278, 'NTS524', '', 13, b'0', '2019-12-03 00:00:00'),
	(3279, 'YER225', '', 13, b'0', '2019-12-03 00:00:00'),
	(3280, 'SCJ478', '', 13, b'0', '2019-12-03 00:00:00'),
	(3281, 'UGR582', '', 13, b'0', '2019-12-03 00:00:00'),
	(3282, 'NTF684', '', 13, b'0', '2019-12-03 00:00:00'),
	(3283, 'RER444', '', 13, b'0', '2019-12-03 00:00:00'),
	(3284, 'FMD665', '', 13, b'0', '2019-12-03 00:00:00'),
	(3285, 'GPQ654', '', 13, b'0', '2019-12-03 00:00:00'),
	(3286, 'NBS484', '', 13, b'0', '2019-12-03 00:00:00'),
	(3287, 'BCZ742', '', 13, b'0', '2019-12-03 00:00:00'),
	(3288, 'KRA348', '', 13, b'0', '2019-12-03 00:00:00'),
	(3289, 'XQX372', '', 13, b'0', '2019-12-03 00:00:00'),
	(3290, 'JNU363', '', 13, b'0', '2019-12-03 00:00:00'),
	(3291, 'REU563', '', 13, b'0', '2019-12-03 00:00:00'),
	(3292, 'AKH498', '', 13, b'0', '2019-12-03 00:00:00'),
	(3293, 'DDK548', '', 13, b'0', '2019-12-03 00:00:00'),
	(3294, 'MXJ734', '', 13, b'0', '2019-12-03 00:00:00'),
	(3295, 'BKH465', '', 13, b'0', '2019-12-03 00:00:00'),
	(3296, 'QBD348', '', 13, b'0', '2019-12-03 00:00:00'),
	(3297, 'AEF742', '', 13, b'0', '2019-12-03 00:00:00'),
	(3298, 'CCS323', '', 13, b'0', '2019-12-03 00:00:00'),
	(3299, 'HXV644', '', 13, b'0', '2019-12-03 00:00:00'),
	(3300, 'FPN952', '', 13, b'0', '2019-12-03 00:00:00'),
	(3301, 'HCQ784', '', 13, b'0', '2019-12-03 00:00:00'),
	(3302, 'CKN848', '', 13, b'0', '2019-12-03 00:00:00'),
	(3303, 'FMT692', '', 13, b'0', '2019-12-03 00:00:00'),
	(3304, 'RJZ499', '', 13, b'0', '2019-12-03 00:00:00'),
	(3305, 'NDC777', '', 13, b'0', '2019-12-03 00:00:00'),
	(3306, 'UGV466', '', 13, b'0', '2019-12-03 00:00:00'),
	(3307, 'ZDX227', '', 13, b'0', '2019-12-03 00:00:00'),
	(3308, 'VEK772', '', 13, b'0', '2019-12-03 00:00:00'),
	(3309, 'DEF885', '', 13, b'0', '2019-12-03 00:00:00'),
	(3310, 'XET337', '', 13, b'0', '2019-12-03 00:00:00'),
	(3311, 'CDJ874', '', 13, b'0', '2019-12-03 00:00:00'),
	(3312, 'RMW289', '', 13, b'0', '2019-12-03 00:00:00'),
	(3313, 'VCK524', '', 13, b'0', '2019-12-03 00:00:00'),
	(3314, 'JGZ876', '', 13, b'0', '2019-12-03 00:00:00'),
	(3315, 'UAH252', '', 13, b'0', '2019-12-03 00:00:00'),
	(3316, 'FEX642', '', 13, b'0', '2019-12-03 00:00:00'),
	(3317, 'JDU329', '', 13, b'0', '2019-12-03 00:00:00'),
	(3318, 'NGP767', '', 13, b'0', '2019-12-03 00:00:00'),
	(3319, 'MKF246', '', 13, b'0', '2019-12-03 00:00:00'),
	(3320, 'ZXZ878', '', 13, b'0', '2019-12-03 00:00:00'),
	(3321, 'JBC937', '', 13, b'0', '2019-12-03 00:00:00'),
	(3322, 'CMT697', '', 13, b'0', '2019-12-03 00:00:00'),
	(3323, 'ZUV922', '', 13, b'0', '2019-12-03 00:00:00'),
	(3324, 'BRU978', '', 13, b'0', '2019-12-03 00:00:00'),
	(3325, 'BWA936', '', 13, b'0', '2019-12-03 00:00:00'),
	(3326, 'UAX534', '', 13, b'0', '2019-12-03 00:00:00'),
	(3327, 'ZAU897', '', 13, b'0', '2019-12-03 00:00:00'),
	(3328, 'AUJ429', '', 13, b'0', '2019-12-03 00:00:00'),
	(3329, 'MSB587', '', 13, b'0', '2019-12-03 00:00:00'),
	(3330, 'JVK284', '', 13, b'0', '2019-12-03 00:00:00'),
	(3331, 'BDD893', '', 13, b'0', '2019-12-03 00:00:00'),
	(3332, 'TWG348', '', 13, b'0', '2019-12-03 00:00:00'),
	(3333, 'KNS878', '', 13, b'0', '2019-12-03 00:00:00'),
	(3334, 'HBE264', '', 13, b'0', '2019-12-03 00:00:00'),
	(3335, 'GNM928', '', 13, b'0', '2019-12-03 00:00:00'),
	(3336, 'VBZ827', '', 13, b'0', '2019-12-03 00:00:00'),
	(3337, 'SWU758', '', 13, b'0', '2019-12-03 00:00:00'),
	(3338, 'QRF843', '', 13, b'0', '2019-12-03 00:00:00'),
	(3339, 'KDQ846', '', 13, b'0', '2019-12-03 00:00:00'),
	(3340, 'SSV835', '', 13, b'0', '2019-12-03 00:00:00'),
	(3341, 'XZC247', '', 13, b'0', '2019-12-03 00:00:00'),
	(3342, 'RCQ478', '', 13, b'0', '2019-12-03 00:00:00'),
	(3343, 'UAJ825', '', 13, b'0', '2019-12-03 00:00:00'),
	(3344, 'ZAK659', '', 13, b'0', '2019-12-03 00:00:00'),
	(3345, 'CHF947', '', 13, b'0', '2019-12-03 00:00:00'),
	(3346, 'UUB989', '', 13, b'0', '2019-12-03 00:00:00'),
	(3347, 'KNN498', '', 13, b'0', '2019-12-03 00:00:00'),
	(3348, 'UNQ492', '', 13, b'0', '2019-12-03 00:00:00'),
	(3349, 'KDE436', '', 15, b'1', '2019-12-03 00:00:00'),
	(3350, 'VHF644', '', 15, b'1', '2019-12-03 00:00:00'),
	(3351, 'DNA578', '', 15, b'1', '2019-12-03 00:00:00'),
	(3352, 'AYX952', '', 15, b'1', '2019-12-03 00:00:00'),
	(3353, 'XXC685', '', 15, b'1', '2019-12-03 00:00:00'),
	(3354, 'UZK429', '', 15, b'1', '2019-12-03 00:00:00'),
	(3355, 'XUP933', '', 15, b'1', '2019-12-03 00:00:00'),
	(3356, 'FYZ448', '', 15, b'1', '2019-12-03 00:00:00'),
	(3357, 'XXJ848', '', 15, b'1', '2019-12-03 00:00:00'),
	(3358, 'UDG799', '', 15, b'1', '2019-12-03 00:00:00'),
	(3359, 'AGG787', '', 16, b'1', '2019-12-03 00:00:00'),
	(3360, 'ZWA484', '', 16, b'1', '2019-12-03 00:00:00'),
	(3361, 'XGJ764', '', 16, b'1', '2019-12-03 00:00:00'),
	(3362, 'FJA574', '', 16, b'1', '2019-12-03 00:00:00');
/*!40000 ALTER TABLE `warehouse_code` ENABLE KEYS */;

-- Dumping structure for trigger hakobiya_03.request_history_insert
SET @OLDTMP_SQL_MODE=@@SQL_MODE, SQL_MODE='NO_AUTO_CREATE_USER,NO_ENGINE_SUBSTITUTION';
DELIMITER //
CREATE TRIGGER `request_history_insert` AFTER INSERT ON `request` FOR EACH ROW BEGIN 
    IF( NEW.request_status = 1 ) THEN 
        insert into request_history values (null, NEW.request_id, NEW.request_status, now()); 
    END IF; 
END//
DELIMITER ;
SET SQL_MODE=@OLDTMP_SQL_MODE;

-- Dumping structure for trigger hakobiya_03.request_history_update
SET @OLDTMP_SQL_MODE=@@SQL_MODE, SQL_MODE='NO_AUTO_CREATE_USER,NO_ENGINE_SUBSTITUTION';
DELIMITER //
CREATE TRIGGER `request_history_update` BEFORE UPDATE ON `request` FOR EACH ROW BEGIN 
IF( NEW.request_status <= 6 ) THEN
    IF( NEW.request_status > OLD.request_status ) THEN
    	insert into request_history values (null, OLD.request_id, NEW.request_status, now()); 
    END IF; 
END IF; 
END//
DELIMITER ;
SET SQL_MODE=@OLDTMP_SQL_MODE;

-- Dumping structure for trigger hakobiya_03.user_money_history
SET @OLDTMP_SQL_MODE=@@SQL_MODE, SQL_MODE='NO_AUTO_CREATE_USER,NO_ENGINE_SUBSTITUTION';
DELIMITER //
CREATE TRIGGER `user_money_history` AFTER UPDATE ON `users` FOR EACH ROW BEGIN 
	IF( NEW.user_money > OLD.user_money OR NEW.user_money < OLD.user_money ) THEN
    	insert into users_money_history values (NULL, OLD.user_id, NEW.user_money,now()); 
   END IF;
END//
DELIMITER ;
SET SQL_MODE=@OLDTMP_SQL_MODE;

-- Dumping structure for view hakobiya_03.1d_products
-- Removing temporary table and create final VIEW structure
DROP TABLE IF EXISTS `1d_products`;
CREATE ALGORITHM=UNDEFINED DEFINER=`sa`@`%` SQL SECURITY DEFINER VIEW `1d_products` AS select `products`.`product_id` AS `product_id`,`products`.`product_title` AS `product_title`,`products`.`product_type` AS `product_type`,`products`.`product_product` AS `product_product`,`products`.`product_quantity` AS `product_quantity`,`products`.`product_weight` AS `product_weight`,`products`.`product_comment` AS `product_comment`,`products`.`product_note` AS `product_note`,`products`.`product_nation` AS `product_nation`,`products`.`product_region` AS `product_region`,`products`.`product_address` AS `product_address`,`products`.`product_price` AS `product_price`,`products`.`product_money` AS `product_money`,`products`.`product_compensation` AS `product_compensation`,date_format(`products`.`created_at`,'%Y-%m-%d') AS `Date` from `products` where (cast(`products`.`created_at` as date) = curdate()) ;

-- Dumping structure for view hakobiya_03.1d_request
-- Removing temporary table and create final VIEW structure
DROP TABLE IF EXISTS `1d_request`;
CREATE ALGORITHM=UNDEFINED DEFINER=`sa`@`%` SQL SECURITY DEFINER VIEW `1d_request` AS select `request`.`product_id` AS `product_id`,`request`.`created_at` AS `created_at`,`request`.`user_id_request` AS `user_id_request`,`request`.`user_id_receive` AS `user_id_receive`,`request`.`schedule_departure_place` AS `schedule_departure_place`,`request`.`schedule_departure_time` AS `schedule_departure_time`,`request`.`schedule_arrive_place` AS `schedule_arrive_place`,`products`.`product_title` AS `product_title`,`products`.`product_type` AS `product_type`,date_format(`request`.`created_at`,'%Y-%m-%d') AS `Date` from (`request` left join `products` on((`products`.`product_id` = `request`.`product_id`))) where (cast(`request`.`created_at` as date) = curdate()) ;

-- Dumping structure for view hakobiya_03.1d_users
-- Removing temporary table and create final VIEW structure
DROP TABLE IF EXISTS `1d_users`;
CREATE ALGORITHM=UNDEFINED DEFINER=`sa`@`%` SQL SECURITY DEFINER VIEW `1d_users` AS select `users`.`user_id` AS `user_id`,`users`.`user_nickname` AS `user_nickname`,`users`.`user_fullname` AS `user_fullname`,`users`.`user_birthday` AS `user_birthday`,`users`.`user_address` AS `user_address`,`users`.`user_phone_number` AS `user_phone_number`,`users`.`user_email_address` AS `user_email_address`,`users`.`user_state` AS `user_state`,`users`.`user_sex` AS `user_sex`,`users`.`user_money` AS `user_money`,`users`.`user_description` AS `user_description`,`users`.`user_number_of_sale` AS `user_number_of_sale`,`users`.`user_point` AS `user_point`,`users`.`notification_message` AS `notification_message`,`users`.`count_login` AS `count_login`,`users`.`user_last_login` AS `user_last_login`,`users`.`user_email_paypal` AS `user_email_paypal`,`users`.`user_share` AS `user_share`,`users`.`code_share` AS `code_share`,date_format(`users`.`created_at`,'%Y-%m-%d') AS `DATE_FORMAT( users.created_at, '%Y-%m-%d' )` from `users` where (cast(`users`.`created_at` as date) = curdate()) ;

-- Dumping structure for view hakobiya_03.30d_products
-- Removing temporary table and create final VIEW structure
DROP TABLE IF EXISTS `30d_products`;
CREATE ALGORITHM=UNDEFINED DEFINER=`sa`@`%` SQL SECURITY DEFINER VIEW `30d_products` AS select `products`.`product_id` AS `product_id`,`products`.`product_title` AS `product_title`,`products`.`product_type` AS `product_type`,`products`.`product_product` AS `product_product`,`products`.`product_quantity` AS `product_quantity`,`products`.`product_weight` AS `product_weight`,`products`.`product_comment` AS `product_comment`,`products`.`product_note` AS `product_note`,`products`.`product_nation` AS `product_nation`,`products`.`product_region` AS `product_region`,`products`.`product_address` AS `product_address`,`products`.`product_price` AS `product_price`,`products`.`product_money` AS `product_money`,`products`.`product_compensation` AS `product_compensation`,date_format(`products`.`created_at`,'%Y-%m-%d') AS `Date` from `products` where ((cast(`products`.`created_at` as date) = curdate()) or (cast(`products`.`created_at` as date) = (curdate() - interval 1 day)) or (cast(`products`.`created_at` as date) = (curdate() - interval 2 day)) or (cast(`products`.`created_at` as date) = (curdate() - interval 3 day)) or (cast(`products`.`created_at` as date) = (curdate() - interval 4 day)) or (cast(`products`.`created_at` as date) = (curdate() - interval 5 day)) or (cast(`products`.`created_at` as date) = (curdate() - interval 6 day)) or (cast(`products`.`created_at` as date) = (curdate() - interval 7 day)) or (cast(`products`.`created_at` as date) = (curdate() - interval 8 day)) or (cast(`products`.`created_at` as date) = (curdate() - interval 9 day)) or (cast(`products`.`created_at` as date) = (curdate() - interval 10 day)) or (cast(`products`.`created_at` as date) = (curdate() - interval 11 day)) or (cast(`products`.`created_at` as date) = (curdate() - interval 12 day)) or (cast(`products`.`created_at` as date) = (curdate() - interval 13 day)) or (cast(`products`.`created_at` as date) = (curdate() - interval 14 day)) or (cast(`products`.`created_at` as date) = (curdate() - interval 15 day)) or (cast(`products`.`created_at` as date) = (curdate() - interval 16 day)) or (cast(`products`.`created_at` as date) = (curdate() - interval 17 day)) or (cast(`products`.`created_at` as date) = (curdate() - interval 18 day)) or (cast(`products`.`created_at` as date) = (curdate() - interval 19 day)) or (cast(`products`.`created_at` as date) = (curdate() - interval 20 day)) or (cast(`products`.`created_at` as date) = (curdate() - interval 21 day)) or (cast(`products`.`created_at` as date) = (curdate() - interval 22 day)) or (cast(`products`.`created_at` as date) = (curdate() - interval 23 day)) or (cast(`products`.`created_at` as date) = (curdate() - interval 24 day)) or (cast(`products`.`created_at` as date) = (curdate() - interval 25 day)) or (cast(`products`.`created_at` as date) = (curdate() - interval 26 day)) or (cast(`products`.`created_at` as date) = (curdate() - interval 27 day)) or (cast(`products`.`created_at` as date) = (curdate() - interval 28 day)) or (cast(`products`.`created_at` as date) = (curdate() - interval 29 day)) or (cast(`products`.`created_at` as date) = (curdate() - interval 30 day))) ;

-- Dumping structure for view hakobiya_03.30d_request
-- Removing temporary table and create final VIEW structure
DROP TABLE IF EXISTS `30d_request`;
CREATE ALGORITHM=UNDEFINED DEFINER=`sa`@`%` SQL SECURITY DEFINER VIEW `30d_request` AS select `request`.`product_id` AS `product_id`,`request`.`created_at` AS `created_at`,`request`.`user_id_request` AS `user_id_request`,`request`.`user_id_receive` AS `user_id_receive`,`request`.`schedule_departure_place` AS `schedule_departure_place`,`request`.`schedule_departure_time` AS `schedule_departure_time`,`request`.`schedule_arrive_place` AS `schedule_arrive_place`,`products`.`product_title` AS `product_title`,`products`.`product_type` AS `product_type`,date_format(`request`.`created_at`,'%Y-%m-%d') AS `Date` from (`request` left join `products` on((`products`.`product_id` = `request`.`product_id`))) where ((cast(`request`.`created_at` as date) = curdate()) or (cast(`request`.`created_at` as date) = (curdate() - interval 1 day)) or (cast(`request`.`created_at` as date) = (curdate() - interval 2 day)) or (cast(`request`.`created_at` as date) = (curdate() - interval 3 day)) or (cast(`request`.`created_at` as date) = (curdate() - interval 4 day)) or (cast(`request`.`created_at` as date) = (curdate() - interval 5 day)) or (cast(`request`.`created_at` as date) = (curdate() - interval 6 day)) or (cast(`request`.`created_at` as date) = (curdate() - interval 7 day)) or (cast(`request`.`created_at` as date) = (curdate() - interval 8 day)) or (cast(`request`.`created_at` as date) = (curdate() - interval 9 day)) or (cast(`request`.`created_at` as date) = (curdate() - interval 10 day)) or (cast(`request`.`created_at` as date) = (curdate() - interval 11 day)) or (cast(`request`.`created_at` as date) = (curdate() - interval 12 day)) or (cast(`request`.`created_at` as date) = (curdate() - interval 13 day)) or (cast(`request`.`created_at` as date) = (curdate() - interval 14 day)) or (cast(`request`.`created_at` as date) = (curdate() - interval 15 day)) or (cast(`request`.`created_at` as date) = (curdate() - interval 16 day)) or (cast(`request`.`created_at` as date) = (curdate() - interval 17 day)) or (cast(`request`.`created_at` as date) = (curdate() - interval 18 day)) or (cast(`request`.`created_at` as date) = (curdate() - interval 19 day)) or (cast(`request`.`created_at` as date) = (curdate() - interval 20 day)) or (cast(`request`.`created_at` as date) = (curdate() - interval 21 day)) or (cast(`request`.`created_at` as date) = (curdate() - interval 22 day)) or (cast(`request`.`created_at` as date) = (curdate() - interval 23 day)) or (cast(`request`.`created_at` as date) = (curdate() - interval 24 day)) or (cast(`request`.`created_at` as date) = (curdate() - interval 25 day)) or (cast(`request`.`created_at` as date) = (curdate() - interval 26 day)) or (cast(`request`.`created_at` as date) = (curdate() - interval 27 day)) or (cast(`request`.`created_at` as date) = (curdate() - interval 28 day)) or (cast(`request`.`created_at` as date) = (curdate() - interval 29 day)) or (cast(`request`.`created_at` as date) = (curdate() - interval 30 day))) ;

-- Dumping structure for view hakobiya_03.30d_users
-- Removing temporary table and create final VIEW structure
DROP TABLE IF EXISTS `30d_users`;
CREATE ALGORITHM=UNDEFINED DEFINER=`sa`@`%` SQL SECURITY DEFINER VIEW `30d_users` AS select `users`.`user_id` AS `user_id`,`users`.`user_nickname` AS `user_nickname`,`users`.`user_fullname` AS `user_fullname`,`users`.`user_birthday` AS `user_birthday`,`users`.`user_address` AS `user_address`,`users`.`user_phone_number` AS `user_phone_number`,`users`.`user_email_address` AS `user_email_address`,`users`.`user_state` AS `user_state`,`users`.`user_sex` AS `user_sex`,`users`.`user_money` AS `user_money`,`users`.`user_description` AS `user_description`,`users`.`user_number_of_sale` AS `user_number_of_sale`,`users`.`user_point` AS `user_point`,`users`.`notification_message` AS `notification_message`,`users`.`count_login` AS `count_login`,`users`.`user_last_login` AS `user_last_login`,`users`.`user_email_paypal` AS `user_email_paypal`,`users`.`user_share` AS `user_share`,`users`.`code_share` AS `code_share`,date_format(`users`.`created_at`,'%Y-%m-%d') AS `created_at` from `users` where ((cast(`users`.`created_at` as date) = curdate()) or (cast(`users`.`created_at` as date) = (curdate() - interval 1 day)) or (cast(`users`.`created_at` as date) = (curdate() - interval 2 day)) or (cast(`users`.`created_at` as date) = (curdate() - interval 3 day)) or (cast(`users`.`created_at` as date) = (curdate() - interval 4 day)) or (cast(`users`.`created_at` as date) = (curdate() - interval 5 day)) or (cast(`users`.`created_at` as date) = (curdate() - interval 6 day)) or (cast(`users`.`created_at` as date) = (curdate() - interval 7 day)) or (cast(`users`.`created_at` as date) = (curdate() - interval 8 day)) or (cast(`users`.`created_at` as date) = (curdate() - interval 9 day)) or (cast(`users`.`created_at` as date) = (curdate() - interval 10 day)) or (cast(`users`.`created_at` as date) = (curdate() - interval 11 day)) or (cast(`users`.`created_at` as date) = (curdate() - interval 12 day)) or (cast(`users`.`created_at` as date) = (curdate() - interval 13 day)) or (cast(`users`.`created_at` as date) = (curdate() - interval 14 day)) or (cast(`users`.`created_at` as date) = (curdate() - interval 15 day)) or (cast(`users`.`created_at` as date) = (curdate() - interval 16 day)) or (cast(`users`.`created_at` as date) = (curdate() - interval 17 day)) or (cast(`users`.`created_at` as date) = (curdate() - interval 18 day)) or (cast(`users`.`created_at` as date) = (curdate() - interval 19 day)) or (cast(`users`.`created_at` as date) = (curdate() - interval 20 day)) or (cast(`users`.`created_at` as date) = (curdate() - interval 21 day)) or (cast(`users`.`created_at` as date) = (curdate() - interval 22 day)) or (cast(`users`.`created_at` as date) = (curdate() - interval 23 day)) or (cast(`users`.`created_at` as date) = (curdate() - interval 24 day)) or (cast(`users`.`created_at` as date) = (curdate() - interval 25 day)) or (cast(`users`.`created_at` as date) = (curdate() - interval 26 day)) or (cast(`users`.`created_at` as date) = (curdate() - interval 27 day)) or (cast(`users`.`created_at` as date) = (curdate() - interval 28 day)) or (cast(`users`.`created_at` as date) = (curdate() - interval 29 day)) or (cast(`users`.`created_at` as date) = (curdate() - interval 30 day))) ;

-- Dumping structure for view hakobiya_03.3d_products
-- Removing temporary table and create final VIEW structure
DROP TABLE IF EXISTS `3d_products`;
CREATE ALGORITHM=UNDEFINED DEFINER=`sa`@`%` SQL SECURITY DEFINER VIEW `3d_products` AS select `products`.`product_id` AS `product_id`,`products`.`product_title` AS `product_title`,`products`.`product_type` AS `product_type`,`products`.`product_product` AS `product_product`,`products`.`product_quantity` AS `product_quantity`,`products`.`product_weight` AS `product_weight`,`products`.`product_comment` AS `product_comment`,`products`.`product_note` AS `product_note`,`products`.`product_nation` AS `product_nation`,`products`.`product_region` AS `product_region`,`products`.`product_address` AS `product_address`,`products`.`product_price` AS `product_price`,`products`.`product_money` AS `product_money`,`products`.`product_compensation` AS `product_compensation`,date_format(`products`.`created_at`,'%Y-%m-%d') AS `Date` from `products` where ((cast(`products`.`created_at` as date) = curdate()) or (cast(`products`.`created_at` as date) = (curdate() - interval 1 day)) or (cast(`products`.`created_at` as date) = (curdate() - interval 2 day)) or (cast(`products`.`created_at` as date) = (curdate() - interval 3 day))) ;

-- Dumping structure for view hakobiya_03.3d_request
-- Removing temporary table and create final VIEW structure
DROP TABLE IF EXISTS `3d_request`;
CREATE ALGORITHM=UNDEFINED DEFINER=`sa`@`%` SQL SECURITY DEFINER VIEW `3d_request` AS select `request`.`product_id` AS `product_id`,`request`.`created_at` AS `created_at`,`request`.`user_id_request` AS `user_id_request`,`request`.`user_id_receive` AS `user_id_receive`,`request`.`schedule_departure_place` AS `schedule_departure_place`,`request`.`schedule_departure_time` AS `schedule_departure_time`,`request`.`schedule_arrive_place` AS `schedule_arrive_place`,`products`.`product_title` AS `product_title`,`products`.`product_type` AS `product_type`,date_format(`request`.`created_at`,'%Y-%m-%d') AS `Date` from (`request` left join `products` on((`products`.`product_id` = `request`.`product_id`))) where ((cast(`request`.`created_at` as date) = curdate()) or (cast(`request`.`created_at` as date) = (curdate() - interval 1 day)) or (cast(`request`.`created_at` as date) = (curdate() - interval 2 day)) or (cast(`request`.`created_at` as date) = (curdate() - interval 3 day))) ;

-- Dumping structure for view hakobiya_03.3d_users
-- Removing temporary table and create final VIEW structure
DROP TABLE IF EXISTS `3d_users`;
CREATE ALGORITHM=UNDEFINED DEFINER=`sa`@`%` SQL SECURITY DEFINER VIEW `3d_users` AS select `users`.`user_id` AS `user_id`,`users`.`user_nickname` AS `user_nickname`,`users`.`user_fullname` AS `user_fullname`,`users`.`user_birthday` AS `user_birthday`,`users`.`user_address` AS `user_address`,`users`.`user_phone_number` AS `user_phone_number`,`users`.`user_email_address` AS `user_email_address`,`users`.`user_state` AS `user_state`,`users`.`user_sex` AS `user_sex`,`users`.`user_money` AS `user_money`,`users`.`user_description` AS `user_description`,`users`.`user_number_of_sale` AS `user_number_of_sale`,`users`.`user_point` AS `user_point`,`users`.`notification_message` AS `notification_message`,`users`.`count_login` AS `count_login`,`users`.`user_last_login` AS `user_last_login`,`users`.`user_email_paypal` AS `user_email_paypal`,`users`.`user_share` AS `user_share`,`users`.`code_share` AS `code_share`,date_format(`users`.`created_at`,'%Y-%m-%d') AS `created_at` from `users` where ((cast(`users`.`created_at` as date) = curdate()) or (cast(`users`.`created_at` as date) = (curdate() - interval 1 day)) or (cast(`users`.`created_at` as date) = (curdate() - interval 2 day))) ;

-- Dumping structure for view hakobiya_03.5d_products
-- Removing temporary table and create final VIEW structure
DROP TABLE IF EXISTS `5d_products`;
CREATE ALGORITHM=UNDEFINED DEFINER=`sa`@`%` SQL SECURITY DEFINER VIEW `5d_products` AS select `products`.`product_id` AS `product_id`,`products`.`product_title` AS `product_title`,`products`.`product_type` AS `product_type`,`products`.`product_product` AS `product_product`,`products`.`product_quantity` AS `product_quantity`,`products`.`product_weight` AS `product_weight`,`products`.`product_comment` AS `product_comment`,`products`.`product_note` AS `product_note`,`products`.`product_nation` AS `product_nation`,`products`.`product_region` AS `product_region`,`products`.`product_address` AS `product_address`,`products`.`product_price` AS `product_price`,`products`.`product_money` AS `product_money`,`products`.`product_compensation` AS `product_compensation`,date_format(`products`.`created_at`,'%Y-%m-%d') AS `Date` from `products` where ((cast(`products`.`created_at` as date) = curdate()) or (cast(`products`.`created_at` as date) = (curdate() - interval 1 day)) or (cast(`products`.`created_at` as date) = (curdate() - interval 2 day)) or (cast(`products`.`created_at` as date) = (curdate() - interval 3 day)) or (cast(`products`.`created_at` as date) = (curdate() - interval 4 day)) or (cast(`products`.`created_at` as date) = (curdate() - interval 5 day))) ;

-- Dumping structure for view hakobiya_03.5d_request
-- Removing temporary table and create final VIEW structure
DROP TABLE IF EXISTS `5d_request`;
CREATE ALGORITHM=UNDEFINED DEFINER=`sa`@`%` SQL SECURITY DEFINER VIEW `5d_request` AS select `request`.`product_id` AS `product_id`,`request`.`created_at` AS `created_at`,`request`.`user_id_request` AS `user_id_request`,`request`.`user_id_receive` AS `user_id_receive`,`request`.`schedule_departure_place` AS `schedule_departure_place`,`request`.`schedule_departure_time` AS `schedule_departure_time`,`request`.`schedule_arrive_place` AS `schedule_arrive_place`,`products`.`product_title` AS `product_title`,`products`.`product_type` AS `product_type`,date_format(`request`.`created_at`,'%Y-%m-%d') AS `Date` from (`request` left join `products` on((`products`.`product_id` = `request`.`product_id`))) where ((cast(`request`.`created_at` as date) = curdate()) or (cast(`request`.`created_at` as date) = (curdate() - interval 1 day)) or (cast(`request`.`created_at` as date) = (curdate() - interval 2 day)) or (cast(`request`.`created_at` as date) = (curdate() - interval 3 day)) or (cast(`request`.`created_at` as date) = (curdate() - interval 4 day)) or (cast(`request`.`created_at` as date) = (curdate() - interval 5 day))) ;

-- Dumping structure for view hakobiya_03.5d_users
-- Removing temporary table and create final VIEW structure
DROP TABLE IF EXISTS `5d_users`;
CREATE ALGORITHM=UNDEFINED DEFINER=`sa`@`%` SQL SECURITY DEFINER VIEW `5d_users` AS select `users`.`user_id` AS `user_id`,`users`.`user_nickname` AS `user_nickname`,`users`.`user_fullname` AS `user_fullname`,`users`.`user_birthday` AS `user_birthday`,`users`.`user_address` AS `user_address`,`users`.`user_phone_number` AS `user_phone_number`,`users`.`user_email_address` AS `user_email_address`,`users`.`user_state` AS `user_state`,`users`.`user_sex` AS `user_sex`,`users`.`user_money` AS `user_money`,`users`.`user_description` AS `user_description`,`users`.`user_number_of_sale` AS `user_number_of_sale`,`users`.`user_point` AS `user_point`,`users`.`notification_message` AS `notification_message`,`users`.`count_login` AS `count_login`,`users`.`user_last_login` AS `user_last_login`,`users`.`user_email_paypal` AS `user_email_paypal`,`users`.`user_share` AS `user_share`,`users`.`code_share` AS `code_share`,date_format(`users`.`created_at`,'%Y-%m-%d') AS `created_at` from `users` where ((cast(`users`.`created_at` as date) = curdate()) or (cast(`users`.`created_at` as date) = (curdate() - interval 1 day)) or (cast(`users`.`created_at` as date) = (curdate() - interval 2 day)) or (cast(`users`.`created_at` as date) = (curdate() - interval 3 day)) or (cast(`users`.`created_at` as date) = (curdate() - interval 4 day)) or (cast(`users`.`created_at` as date) = (curdate() - interval 5 day))) ;

-- Dumping structure for view hakobiya_03.7d_products
-- Removing temporary table and create final VIEW structure
DROP TABLE IF EXISTS `7d_products`;
CREATE ALGORITHM=UNDEFINED DEFINER=`sa`@`%` SQL SECURITY DEFINER VIEW `7d_products` AS select `products`.`product_id` AS `product_id`,`products`.`product_title` AS `product_title`,`products`.`product_type` AS `product_type`,`products`.`product_product` AS `product_product`,`products`.`product_quantity` AS `product_quantity`,`products`.`product_weight` AS `product_weight`,`products`.`product_comment` AS `product_comment`,`products`.`product_note` AS `product_note`,`products`.`product_nation` AS `product_nation`,`products`.`product_region` AS `product_region`,`products`.`product_address` AS `product_address`,`products`.`product_price` AS `product_price`,`products`.`product_money` AS `product_money`,`products`.`product_compensation` AS `product_compensation`,date_format(`products`.`created_at`,'%Y-%m-%d') AS `Date` from `products` where ((cast(`products`.`created_at` as date) = curdate()) or (cast(`products`.`created_at` as date) = (curdate() - interval 1 day)) or (cast(`products`.`created_at` as date) = (curdate() - interval 2 day)) or (cast(`products`.`created_at` as date) = (curdate() - interval 3 day)) or (cast(`products`.`created_at` as date) = (curdate() - interval 4 day)) or (cast(`products`.`created_at` as date) = (curdate() - interval 5 day)) or (cast(`products`.`created_at` as date) = (curdate() - interval 6 day)) or (cast(`products`.`created_at` as date) = (curdate() - interval 7 day))) ;

-- Dumping structure for view hakobiya_03.7d_request
-- Removing temporary table and create final VIEW structure
DROP TABLE IF EXISTS `7d_request`;
CREATE ALGORITHM=UNDEFINED DEFINER=`sa`@`%` SQL SECURITY DEFINER VIEW `7d_request` AS select `request`.`product_id` AS `product_id`,`request`.`created_at` AS `created_at`,`request`.`user_id_request` AS `user_id_request`,`request`.`user_id_receive` AS `user_id_receive`,`request`.`schedule_departure_place` AS `schedule_departure_place`,`request`.`schedule_departure_time` AS `schedule_departure_time`,`request`.`schedule_arrive_place` AS `schedule_arrive_place`,`products`.`product_title` AS `product_title`,`products`.`product_type` AS `product_type`,date_format(`request`.`created_at`,'%Y-%m-%d') AS `Date` from (`request` left join `products` on((`products`.`product_id` = `request`.`product_id`))) where ((cast(`request`.`created_at` as date) = curdate()) or (cast(`request`.`created_at` as date) = (curdate() - interval 1 day)) or (cast(`request`.`created_at` as date) = (curdate() - interval 2 day)) or (cast(`request`.`created_at` as date) = (curdate() - interval 3 day)) or (cast(`request`.`created_at` as date) = (curdate() - interval 4 day)) or (cast(`request`.`created_at` as date) = (curdate() - interval 5 day)) or (cast(`request`.`created_at` as date) = (curdate() - interval 6 day)) or (cast(`request`.`created_at` as date) = (curdate() - interval 7 day))) ;

-- Dumping structure for view hakobiya_03.7d_users
-- Removing temporary table and create final VIEW structure
DROP TABLE IF EXISTS `7d_users`;
CREATE ALGORITHM=UNDEFINED DEFINER=`sa`@`%` SQL SECURITY DEFINER VIEW `7d_users` AS select `users`.`user_id` AS `user_id`,`users`.`user_nickname` AS `user_nickname`,`users`.`user_fullname` AS `user_fullname`,`users`.`user_birthday` AS `user_birthday`,`users`.`user_address` AS `user_address`,`users`.`user_phone_number` AS `user_phone_number`,`users`.`user_email_address` AS `user_email_address`,`users`.`user_state` AS `user_state`,`users`.`user_sex` AS `user_sex`,`users`.`user_money` AS `user_money`,`users`.`user_description` AS `user_description`,`users`.`user_number_of_sale` AS `user_number_of_sale`,`users`.`user_point` AS `user_point`,`users`.`notification_message` AS `notification_message`,`users`.`count_login` AS `count_login`,`users`.`user_last_login` AS `user_last_login`,`users`.`user_email_paypal` AS `user_email_paypal`,`users`.`user_share` AS `user_share`,`users`.`code_share` AS `code_share`,date_format(`users`.`created_at`,'%Y-%m-%d') AS `created_at` from `users` where ((cast(`users`.`created_at` as date) = curdate()) or (cast(`users`.`created_at` as date) = (curdate() - interval 1 day)) or (cast(`users`.`created_at` as date) = (curdate() - interval 2 day)) or (cast(`users`.`created_at` as date) = (curdate() - interval 3 day)) or (cast(`users`.`created_at` as date) = (curdate() - interval 4 day)) or (cast(`users`.`created_at` as date) = (curdate() - interval 5 day)) or (cast(`users`.`created_at` as date) = (curdate() - interval 6 day)) or (cast(`users`.`created_at` as date) = (curdate() - interval 7 day))) ;

/*!40101 SET SQL_MODE=IFNULL(@OLD_SQL_MODE, '') */;
/*!40014 SET FOREIGN_KEY_CHECKS=IF(@OLD_FOREIGN_KEY_CHECKS IS NULL, 1, @OLD_FOREIGN_KEY_CHECKS) */;
/*!40101 SET CHARACTER_SET_CLIENT=@OLD_CHARACTER_SET_CLIENT */;
